c Exact - branch main commit b921cd1
c Reading input file, expected format is opb
c #vars 1180 #constraints 7245637
c PRESOLVE
c 1000 confls 7246798 constrs 1171 vars
c 2000 confls 7247802 constrs 1171 vars
c INPROCESSING 0.700274 proptime 1.20698e+06 prop/sec 7.58559 prop/ca
c 3000 confls 7144630 constrs 1171 vars
c 4000 confls 7145631 constrs 1171 vars
c 5000 confls 7146631 constrs 1171 vars
c 6000 confls 7147631 constrs 1171 vars
c INPROCESSING 1.37357 proptime 1.38816e+06 prop/sec 6.77932 prop/ca
c 7000 confls 7148029 constrs 1171 vars
c 8000 confls 7149029 constrs 1171 vars
c 9000 confls 7150029 constrs 1171 vars
c 10000 confls 7151029 constrs 1171 vars
c 11000 confls 7152029 constrs 1171 vars
c 12000 confls 7153031 constrs 1171 vars
c INPROCESSING 1.69581 proptime 1.23298e+06 prop/sec 7.10362 prop/ca
c 13000 confls 7149379 constrs 1171 vars
c 14000 confls 7150381 constrs 1171 vars
c 15000 confls 7151382 constrs 1171 vars
c 16000 confls 7152385 constrs 1171 vars
c 17000 confls 7153385 constrs 1171 vars
c 18000 confls 7154385 constrs 1171 vars
c INPROCESSING 1.86661 proptime 1.28019e+06 prop/sec 7.12338 prop/ca
c 19000 confls 7150072 constrs 1170 vars
c 20000 confls 7151072 constrs 1170 vars
c 21000 confls 7152072 constrs 1170 vars
c 22000 confls 7153076 constrs 1170 vars
c 23000 confls 7154076 constrs 1170 vars
c 24000 confls 7155077 constrs 1170 vars
c INPROCESSING 2.25517 proptime 1.13465e+06 prop/sec 7.6923 prop/ca
c 25000 confls 6872426 constrs 1170 vars
c 26000 confls 6873426 constrs 1170 vars
c 27000 confls 6874427 constrs 1170 vars
c 28000 confls 6875427 constrs 1170 vars
c 29000 confls 6876429 constrs 1170 vars
c 30000 confls 6877433 constrs 1170 vars
c INPROCESSING 2.10144 proptime 1.12303e+06 prop/sec 6.78836 prop/ca
c 31000 confls 6872495 constrs 1170 vars
c 32000 confls 6873495 constrs 1170 vars
c 33000 confls 6874496 constrs 1170 vars
c 34000 confls 6875497 constrs 1170 vars
c 35000 confls 6876497 constrs 1170 vars
c 36000 confls 6877497 constrs 1170 vars
c 37000 confls 6878497 constrs 1170 vars
c INPROCESSING 2.74207 proptime 992030 prop/sec 7.85725 prop/ca
c 38000 confls 6873030 constrs 1170 vars
c 39000 confls 6874030 constrs 1170 vars
c 40000 confls 6875030 constrs 1170 vars
c 41000 confls 6876030 constrs 1170 vars
c 42000 confls 6877030 constrs 1170 vars
c 43000 confls 6878030 constrs 1170 vars
c INPROCESSING 1.96014 proptime 1.29259e+06 prop/sec 6.05854 prop/ca
c 44000 confls 6872753 constrs 1170 vars
c 45000 confls 6873753 constrs 1170 vars
c 46000 confls 6874753 constrs 1170 vars
c 47000 confls 6875753 constrs 1170 vars
c 48000 confls 6876753 constrs 1170 vars
c 49000 confls 6877754 constrs 1170 vars
c 50000 confls 6878754 constrs 1170 vars
c INPROCESSING 2.39103 proptime 1.15685e+06 prop/sec 7.57556 prop/ca
c 51000 confls 6873084 constrs 1170 vars
c 52000 confls 6874085 constrs 1170 vars
c 53000 confls 6875085 constrs 1170 vars
c 54000 confls 6876085 constrs 1170 vars
c 55000 confls 6877085 constrs 1170 vars
c 56000 confls 6878085 constrs 1170 vars
c 57000 confls 6879088 constrs 1170 vars
c INPROCESSING 2.33162 proptime 1.20994e+06 prop/sec 7.52652 prop/ca
c 58000 confls 6873387 constrs 1170 vars
c 59000 confls 6874387 constrs 1170 vars
c 60000 confls 6875387 constrs 1170 vars
c 61000 confls 6876387 constrs 1170 vars
c 62000 confls 6877387 constrs 1170 vars
c 63000 confls 6878387 constrs 1170 vars
c 64000 confls 6879387 constrs 1170 vars
c INPROCESSING 1.99886 proptime 1.28022e+06 prop/sec 7.18135 prop/ca
c 65000 confls 6873388 constrs 1170 vars
c 66000 confls 6874388 constrs 1170 vars
c 67000 confls 6875389 constrs 1170 vars
c 68000 confls 6876389 constrs 1170 vars
c 69000 confls 6877389 constrs 1170 vars
c 70000 confls 6878390 constrs 1170 vars
c 71000 confls 6879390 constrs 1170 vars
c INPROCESSING 2.57164 proptime 1.08592e+06 prop/sec 8.21776 prop/ca
c 72000 confls 6873490 constrs 1170 vars
c 73000 confls 6874490 constrs 1170 vars
c 74000 confls 6875490 constrs 1170 vars
c 75000 confls 6876490 constrs 1170 vars
c 76000 confls 6877490 constrs 1170 vars
c 77000 confls 6878490 constrs 1170 vars
c 78000 confls 6879490 constrs 1170 vars
c INPROCESSING 2.52431 proptime 1.12605e+06 prop/sec 7.23329 prop/ca
c 79000 confls 6873539 constrs 1170 vars
c 80000 confls 6874539 constrs 1170 vars
c 81000 confls 6875539 constrs 1170 vars
c 82000 confls 6876539 constrs 1170 vars
c 83000 confls 6877539 constrs 1170 vars
c 84000 confls 6878539 constrs 1170 vars
c 85000 confls 6879539 constrs 1170 vars
c INPROCESSING 2.62691 proptime 1.11012e+06 prop/sec 7.2889 prop/ca
c 86000 confls 6873089 constrs 1170 vars
c 87000 confls 6874089 constrs 1170 vars
c 88000 confls 6875089 constrs 1170 vars
c 89000 confls 6876089 constrs 1170 vars
c 90000 confls 6877089 constrs 1170 vars
c 91000 confls 6878089 constrs 1170 vars
c 92000 confls 6879089 constrs 1170 vars
c INPROCESSING 2.62643 proptime 1.14118e+06 prop/sec 7.79824 prop/ca
c 93000 confls 6873127 constrs 1170 vars
c 94000 confls 6874127 constrs 1170 vars
c 95000 confls 6875127 constrs 1170 vars
c 96000 confls 6876127 constrs 1170 vars
c 97000 confls 6877127 constrs 1170 vars
c 98000 confls 6878127 constrs 1170 vars
c 99000 confls 6879127 constrs 1170 vars
c 100000 confls 6880127 constrs 1170 vars
c INPROCESSING 3.33291 proptime 985087 prop/sec 8.78641 prop/ca
c 101000 confls 6874308 constrs 1170 vars
c 102000 confls 6875308 constrs 1170 vars
c 103000 confls 6876308 constrs 1170 vars
c 104000 confls 6877308 constrs 1170 vars
c 105000 confls 6878308 constrs 1170 vars
c 106000 confls 6879309 constrs 1170 vars
c 107000 confls 6880309 constrs 1170 vars
c INPROCESSING 1.93176 proptime 1.46656e+06 prop/sec 5.49202 prop/ca
c 108000 confls 6874121 constrs 1170 vars
c 109000 confls 6875121 constrs 1170 vars
c 110000 confls 6876121 constrs 1170 vars
c 111000 confls 6877121 constrs 1170 vars
c 112000 confls 6878121 constrs 1170 vars
c 113000 confls 6879121 constrs 1170 vars
c 114000 confls 6880125 constrs 1170 vars
c INPROCESSING 3.0705 proptime 1.0272e+06 prop/sec 8.55833 prop/ca
c 115000 confls 6873420 constrs 1170 vars
c 116000 confls 6874420 constrs 1170 vars
c 117000 confls 6875420 constrs 1170 vars
c 118000 confls 6876420 constrs 1170 vars
c 119000 confls 6877420 constrs 1170 vars
c 120000 confls 6878420 constrs 1170 vars
c 121000 confls 6879420 constrs 1170 vars
c 122000 confls 6880420 constrs 1170 vars
c INPROCESSING 2.49351 proptime 1.24796e+06 prop/sec 6.96042 prop/ca
c 123000 confls 6873731 constrs 1170 vars
c 124000 confls 6874731 constrs 1170 vars
c 125000 confls 6875731 constrs 1170 vars
c 126000 confls 6876731 constrs 1170 vars
c 127000 confls 6877731 constrs 1170 vars
c 128000 confls 6878731 constrs 1170 vars
c 129000 confls 6879733 constrs 1170 vars
c INPROCESSING 3.01951 proptime 1.02852e+06 prop/sec 8.02206 prop/ca
c 130000 confls 6873065 constrs 1170 vars
c 131000 confls 6874065 constrs 1170 vars
c 132000 confls 6875065 constrs 1170 vars
c 133000 confls 6876065 constrs 1170 vars
c 134000 confls 6877065 constrs 1170 vars
c 135000 confls 6878065 constrs 1170 vars
c 136000 confls 6879065 constrs 1170 vars
c 137000 confls 6880065 constrs 1170 vars
c INPROCESSING 2.75593 proptime 1.16303e+06 prop/sec 7.83632 prop/ca
c 138000 confls 6873697 constrs 1170 vars
c 139000 confls 6874697 constrs 1170 vars
c 140000 confls 6875697 constrs 1170 vars
c 141000 confls 6876697 constrs 1170 vars
c 142000 confls 6877697 constrs 1170 vars
c 143000 confls 6878697 constrs 1170 vars
c 144000 confls 6879697 constrs 1170 vars
c INPROCESSING 2.75642 proptime 1.08292e+06 prop/sec 7.2656 prop/ca
c 145000 confls 6873481 constrs 1170 vars
c 146000 confls 6874481 constrs 1170 vars
c 147000 confls 6875481 constrs 1170 vars
c 148000 confls 6876481 constrs 1170 vars
c 149000 confls 6877481 constrs 1170 vars
c 150000 confls 6878481 constrs 1170 vars
c 151000 confls 6879481 constrs 1170 vars
c 152000 confls 6880481 constrs 1170 vars
c INPROCESSING 2.96347 proptime 967612 prop/sec 7.15816 prop/ca
c 153000 confls 6873806 constrs 1170 vars
c 154000 confls 6874806 constrs 1170 vars
c 155000 confls 6875806 constrs 1170 vars
c 156000 confls 6876806 constrs 1170 vars
c 157000 confls 6877806 constrs 1170 vars
c 158000 confls 6878806 constrs 1170 vars
c 159000 confls 6879806 constrs 1170 vars
c 160000 confls 6880806 constrs 1170 vars
c INPROCESSING 3.01141 proptime 1.03017e+06 prop/sec 8.71749 prop/ca
c 161000 confls 6874263 constrs 1170 vars
c 162000 confls 6875263 constrs 1170 vars
c 163000 confls 6876263 constrs 1170 vars
c 164000 confls 6877263 constrs 1170 vars
c 165000 confls 6878263 constrs 1170 vars
c 166000 confls 6879263 constrs 1170 vars
c 167000 confls 6880263 constrs 1170 vars
c INPROCESSING 2.97283 proptime 994332 prop/sec 8.82429 prop/ca
c 168000 confls 6873692 constrs 1170 vars
c 169000 confls 6874692 constrs 1170 vars
c 170000 confls 6875692 constrs 1170 vars
c 171000 confls 6876692 constrs 1170 vars
c 172000 confls 6877692 constrs 1170 vars
c 173000 confls 6878692 constrs 1170 vars
c 174000 confls 6879693 constrs 1170 vars
c 175000 confls 6880694 constrs 1170 vars
c INPROCESSING 2.81068 proptime 1.12502e+06 prop/sec 7.85569 prop/ca
c 176000 confls 6873747 constrs 1170 vars
c 177000 confls 6874747 constrs 1170 vars
c 178000 confls 6875747 constrs 1170 vars
c 179000 confls 6876747 constrs 1170 vars
c 180000 confls 6877747 constrs 1170 vars
c 181000 confls 6878747 constrs 1170 vars
c 182000 confls 6879748 constrs 1170 vars
c 183000 confls 6880748 constrs 1170 vars
c INPROCESSING 3.26013 proptime 986312 prop/sec 8.8436 prop/ca
c 184000 confls 6874229 constrs 1170 vars
c 185000 confls 6875229 constrs 1170 vars
c 186000 confls 6876229 constrs 1170 vars
c 187000 confls 6877229 constrs 1170 vars
c 188000 confls 6878230 constrs 1170 vars
c 189000 confls 6879230 constrs 1170 vars
c 190000 confls 6880230 constrs 1170 vars
c 191000 confls 6881230 constrs 1170 vars
c INPROCESSING 3.86472 proptime 850365 prop/sec 9.08064 prop/ca
c 192000 confls 6874380 constrs 1170 vars
c 193000 confls 6875380 constrs 1170 vars
c 194000 confls 6876380 constrs 1170 vars
c 195000 confls 6877380 constrs 1170 vars
c 196000 confls 6878380 constrs 1170 vars
c 197000 confls 6879380 constrs 1170 vars
c 198000 confls 6880380 constrs 1170 vars
c INPROCESSING 4.20248 proptime 791240 prop/sec 8.75271 prop/ca
c 199000 confls 6873872 constrs 1170 vars
c 200000 confls 6874872 constrs 1170 vars
c 201000 confls 6875872 constrs 1170 vars
c 202000 confls 6876872 constrs 1170 vars
c 203000 confls 6877872 constrs 1170 vars
c 204000 confls 6878872 constrs 1170 vars
c 205000 confls 6879872 constrs 1170 vars
c 206000 confls 6880872 constrs 1170 vars
c INPROCESSING 2.54089 proptime 1.21623e+06 prop/sec 6.45959 prop/ca
c 207000 confls 6873518 constrs 1170 vars
c 208000 confls 6874518 constrs 1170 vars
c 209000 confls 6875518 constrs 1170 vars
c 210000 confls 6876518 constrs 1170 vars
c 211000 confls 6877518 constrs 1170 vars
c 212000 confls 6878518 constrs 1170 vars
c 213000 confls 6879518 constrs 1170 vars
c 214000 confls 6880518 constrs 1170 vars
c INPROCESSING 3.05916 proptime 1.05613e+06 prop/sec 7.47764 prop/ca
c 215000 confls 6873965 constrs 1170 vars
c 216000 confls 6874965 constrs 1170 vars
c 217000 confls 6875965 constrs 1170 vars
c 218000 confls 6876965 constrs 1170 vars
c 219000 confls 6877965 constrs 1170 vars
c 220000 confls 6878965 constrs 1170 vars
c 221000 confls 6879965 constrs 1170 vars
c 222000 confls 6880965 constrs 1170 vars
c INPROCESSING 3.24894 proptime 988367 prop/sec 7.48661 prop/ca
c 223000 confls 6873795 constrs 1170 vars
c 224000 confls 6874795 constrs 1170 vars
c 225000 confls 6875795 constrs 1170 vars
c 226000 confls 6876795 constrs 1170 vars
c 227000 confls 6877795 constrs 1170 vars
c 228000 confls 6878795 constrs 1170 vars
c 229000 confls 6879795 constrs 1170 vars
c 230000 confls 6880795 constrs 1170 vars
c INPROCESSING 3.03039 proptime 1.10627e+06 prop/sec 6.04996 prop/ca
c 231000 confls 6874035 constrs 1170 vars
c 232000 confls 6875035 constrs 1170 vars
c 233000 confls 6876035 constrs 1170 vars
c 234000 confls 6877035 constrs 1170 vars
c 235000 confls 6878035 constrs 1170 vars
c 236000 confls 6879035 constrs 1170 vars
c 237000 confls 6880037 constrs 1170 vars
c 238000 confls 6881038 constrs 1170 vars
c INPROCESSING 3.47701 proptime 960201 prop/sec 8.65793 prop/ca
c 239000 confls 6874248 constrs 1170 vars
c 240000 confls 6875248 constrs 1170 vars
c 241000 confls 6876248 constrs 1170 vars
c 242000 confls 6877248 constrs 1170 vars
c 243000 confls 6878248 constrs 1170 vars
c 244000 confls 6879248 constrs 1170 vars
c 245000 confls 6880248 constrs 1170 vars
c 246000 confls 6881248 constrs 1170 vars
c INPROCESSING 4.21346 proptime 709661 prop/sec 10.6008 prop/ca
c 247000 confls 6874608 constrs 1170 vars
c 248000 confls 6875608 constrs 1170 vars
c 249000 confls 6876608 constrs 1170 vars
c 250000 confls 6877608 constrs 1170 vars
c 251000 confls 6878608 constrs 1170 vars
c 252000 confls 6879608 constrs 1170 vars
c 253000 confls 6880608 constrs 1170 vars
c 254000 confls 6881608 constrs 1170 vars
c INPROCESSING 3.27746 proptime 955640 prop/sec 7.92664 prop/ca
c 255000 confls 6874623 constrs 1170 vars
c 256000 confls 6875623 constrs 1170 vars
c 257000 confls 6876623 constrs 1170 vars
c 258000 confls 6877623 constrs 1170 vars
c 259000 confls 6878623 constrs 1170 vars
c 260000 confls 6879623 constrs 1170 vars
c 261000 confls 6880625 constrs 1170 vars
c 262000 confls 6881625 constrs 1170 vars
c INPROCESSING 3.81841 proptime 864815 prop/sec 8.793 prop/ca
c 263000 confls 6874216 constrs 1170 vars
c 264000 confls 6875216 constrs 1170 vars
c 265000 confls 6876216 constrs 1170 vars
c 266000 confls 6877216 constrs 1170 vars
c 267000 confls 6878216 constrs 1170 vars
c 268000 confls 6879216 constrs 1170 vars
c 269000 confls 6880218 constrs 1170 vars
c 270000 confls 6881218 constrs 1170 vars
c INPROCESSING 3.71261 proptime 917685 prop/sec 8.98326 prop/ca
c 271000 confls 6874399 constrs 1170 vars
c 272000 confls 6875399 constrs 1170 vars
c 273000 confls 6876399 constrs 1170 vars
c 274000 confls 6877399 constrs 1170 vars
c 275000 confls 6878399 constrs 1170 vars
c 276000 confls 6879399 constrs 1170 vars
c 277000 confls 6880399 constrs 1170 vars
c 278000 confls 6881399 constrs 1170 vars
c INPROCESSING 3.1618 proptime 1.02684e+06 prop/sec 8.07146 prop/ca
c 279000 confls 6874465 constrs 1170 vars
c 280000 confls 6875465 constrs 1170 vars
c 281000 confls 6876465 constrs 1170 vars
c 282000 confls 6877465 constrs 1170 vars
c 283000 confls 6878465 constrs 1170 vars
c 284000 confls 6879467 constrs 1170 vars
c 285000 confls 6880468 constrs 1170 vars
c 286000 confls 6881468 constrs 1170 vars
c INPROCESSING 4.05293 proptime 794623 prop/sec 9.46108 prop/ca
c 287000 confls 6874376 constrs 1170 vars
c 288000 confls 6875376 constrs 1170 vars
c 289000 confls 6876376 constrs 1170 vars
c 290000 confls 6877376 constrs 1170 vars
c 291000 confls 6878377 constrs 1170 vars
c 292000 confls 6879377 constrs 1170 vars
c 293000 confls 6880377 constrs 1170 vars
c 294000 confls 6881377 constrs 1170 vars
c INPROCESSING 3.42155 proptime 964182 prop/sec 9.80314 prop/ca
c 295000 confls 6874601 constrs 1170 vars
c 296000 confls 6875601 constrs 1170 vars
c 297000 confls 6876601 constrs 1170 vars
c 298000 confls 6877601 constrs 1170 vars
c 299000 confls 6878601 constrs 1170 vars
c 300000 confls 6879601 constrs 1170 vars
c 301000 confls 6880601 constrs 1170 vars
c 302000 confls 6881601 constrs 1170 vars
c INPROCESSING 3.65614 proptime 902016 prop/sec 9.52538 prop/ca
c 303000 confls 6873931 constrs 1170 vars
c 304000 confls 6874931 constrs 1170 vars
c 305000 confls 6875932 constrs 1170 vars
c 306000 confls 6876932 constrs 1170 vars
c 307000 confls 6877932 constrs 1170 vars
c 308000 confls 6878932 constrs 1170 vars
c 309000 confls 6879932 constrs 1170 vars
c 310000 confls 6880932 constrs 1170 vars
c INPROCESSING 3.56019 proptime 907524 prop/sec 9.57535 prop/ca
c 311000 confls 6873937 constrs 1170 vars
c 312000 confls 6874937 constrs 1170 vars
c 313000 confls 6875937 constrs 1170 vars
c 314000 confls 6876937 constrs 1170 vars
c 315000 confls 6877937 constrs 1170 vars
c 316000 confls 6878937 constrs 1170 vars
c 317000 confls 6879937 constrs 1170 vars
c 318000 confls 6880937 constrs 1170 vars
c 319000 confls 6881937 constrs 1170 vars
c INPROCESSING 3.66909 proptime 955174 prop/sec 9.13308 prop/ca
c 320000 confls 6874796 constrs 1170 vars
c 321000 confls 6875796 constrs 1170 vars
c 322000 confls 6876796 constrs 1170 vars
c 323000 confls 6877796 constrs 1170 vars
c 324000 confls 6878796 constrs 1170 vars
c 325000 confls 6879796 constrs 1170 vars
c 326000 confls 6880796 constrs 1170 vars
c 327000 confls 6881796 constrs 1170 vars
c INPROCESSING 3.03463 proptime 1.16646e+06 prop/sec 7.37758 prop/ca
c 328000 confls 6874509 constrs 1170 vars
c 329000 confls 6875509 constrs 1170 vars
c 330000 confls 6876509 constrs 1170 vars
c 331000 confls 6877509 constrs 1170 vars
c 332000 confls 6878509 constrs 1170 vars
c 333000 confls 6879509 constrs 1170 vars
c 334000 confls 6880509 constrs 1169 vars
c 335000 confls 6881509 constrs 1169 vars
c INPROCESSING 3.75543 proptime 880307 prop/sec 7.6677 prop/ca
c 336000 confls 6801861 constrs 1169 vars
c 337000 confls 6802861 constrs 1169 vars
c 338000 confls 6803861 constrs 1169 vars
c 339000 confls 6804861 constrs 1169 vars
c 340000 confls 6805861 constrs 1169 vars
c 341000 confls 6806861 constrs 1169 vars
c 342000 confls 6807861 constrs 1169 vars
c 343000 confls 6808861 constrs 1169 vars
c INPROCESSING 4.09478 proptime 805326 prop/sec 8.56679 prop/ca
c 344000 confls 6802477 constrs 1168 vars
c 345000 confls 6803478 constrs 1168 vars
c 346000 confls 6804478 constrs 1168 vars
c 347000 confls 6805478 constrs 1168 vars
c 348000 confls 6806478 constrs 1168 vars
c 349000 confls 6807478 constrs 1168 vars
c 350000 confls 6808478 constrs 1168 vars
c 351000 confls 6809479 constrs 1168 vars
c INPROCESSING 3.52744 proptime 948310 prop/sec 9.18318 prop/ca
c 352000 confls 6622919 constrs 1168 vars
c 353000 confls 6623919 constrs 1168 vars
c 354000 confls 6624919 constrs 1168 vars
c 355000 confls 6625919 constrs 1168 vars
c 356000 confls 6626919 constrs 1168 vars
c 357000 confls 6627919 constrs 1168 vars
c 358000 confls 6628919 constrs 1168 vars
c 359000 confls 6629919 constrs 1168 vars
c 360000 confls 6630919 constrs 1168 vars
c INPROCESSING 3.90963 proptime 861195 prop/sec 9.39225 prop/ca
c 361000 confls 6623779 constrs 1168 vars
c 362000 confls 6624779 constrs 1168 vars
c 363000 confls 6625779 constrs 1168 vars
c 364000 confls 6626779 constrs 1168 vars
c 365000 confls 6627779 constrs 1168 vars
c 366000 confls 6628780 constrs 1168 vars
c 367000 confls 6629780 constrs 1168 vars
c 368000 confls 6630782 constrs 1168 vars
c INPROCESSING 3.51491 proptime 966673 prop/sec 8.5806 prop/ca
c 369000 confls 6623324 constrs 1168 vars
c 370000 confls 6624324 constrs 1168 vars
c 371000 confls 6625324 constrs 1168 vars
c 372000 confls 6626324 constrs 1168 vars
c 373000 confls 6627324 constrs 1168 vars
c 374000 confls 6628324 constrs 1168 vars
c 375000 confls 6629324 constrs 1168 vars
c 376000 confls 6630324 constrs 1168 vars
c INPROCESSING 3.70146 proptime 869035 prop/sec 9.18538 prop/ca
c 377000 confls 6623473 constrs 1168 vars
c 378000 confls 6624473 constrs 1168 vars
c 379000 confls 6625473 constrs 1168 vars
c 380000 confls 6626473 constrs 1168 vars
c 381000 confls 6627474 constrs 1168 vars
c 382000 confls 6628476 constrs 1168 vars
c 383000 confls 6629476 constrs 1168 vars
c 384000 confls 6630476 constrs 1168 vars
c INPROCESSING 3.46295 proptime 888150 prop/sec 9.79779 prop/ca
c 385000 confls 6623304 constrs 1168 vars
c 386000 confls 6624304 constrs 1168 vars
c 387000 confls 6625304 constrs 1168 vars
c 388000 confls 6626304 constrs 1168 vars
c 389000 confls 6627304 constrs 1168 vars
c 390000 confls 6628304 constrs 1168 vars
c 391000 confls 6629304 constrs 1168 vars
c 392000 confls 6630304 constrs 1168 vars
c 393000 confls 6631304 constrs 1168 vars
c INPROCESSING 4.37267 proptime 799071 prop/sec 9.80776 prop/ca
c 394000 confls 6624273 constrs 1168 vars
c 395000 confls 6625273 constrs 1168 vars
c 396000 confls 6626273 constrs 1168 vars
c 397000 confls 6627273 constrs 1168 vars
c 398000 confls 6628273 constrs 1168 vars
c 399000 confls 6629273 constrs 1168 vars
c 400000 confls 6630273 constrs 1168 vars
c 401000 confls 6631273 constrs 1168 vars
c INPROCESSING 3.92204 proptime 832082 prop/sec 8.57875 prop/ca
c 402000 confls 6623429 constrs 1168 vars
c 403000 confls 6624429 constrs 1168 vars
c 404000 confls 6625429 constrs 1168 vars
c 405000 confls 6626429 constrs 1168 vars
c 406000 confls 6627429 constrs 1168 vars
c 407000 confls 6628429 constrs 1168 vars
c 408000 confls 6629429 constrs 1168 vars
c 409000 confls 6630429 constrs 1168 vars
c INPROCESSING 3.55603 proptime 904953 prop/sec 9.49522 prop/ca
c 410000 confls 6623848 constrs 1168 vars
c 411000 confls 6624848 constrs 1168 vars
c 412000 confls 6625848 constrs 1168 vars
c 413000 confls 6626848 constrs 1168 vars
c 414000 confls 6627848 constrs 1168 vars
c 415000 confls 6628848 constrs 1168 vars
c 416000 confls 6629848 constrs 1168 vars
c 417000 confls 6630848 constrs 1168 vars
c 418000 confls 6631848 constrs 1168 vars
c INPROCESSING 4.23028 proptime 821097 prop/sec 10.4519 prop/ca
c 419000 confls 6624207 constrs 1168 vars
c 420000 confls 6625208 constrs 1168 vars
c 421000 confls 6626208 constrs 1168 vars
c 422000 confls 6627208 constrs 1168 vars
c 423000 confls 6628208 constrs 1168 vars
c 424000 confls 6629208 constrs 1168 vars
c 425000 confls 6630208 constrs 1168 vars
c 426000 confls 6631208 constrs 1168 vars
c INPROCESSING 3.72267 proptime 962433 prop/sec 9.263 prop/ca
c 427000 confls 6623358 constrs 1168 vars
c 428000 confls 6624358 constrs 1168 vars
c 429000 confls 6625358 constrs 1168 vars
c 430000 confls 6626358 constrs 1168 vars
c 431000 confls 6627358 constrs 1168 vars
c 432000 confls 6628358 constrs 1168 vars
c 433000 confls 6629358 constrs 1168 vars
c 434000 confls 6630358 constrs 1168 vars
c INPROCESSING 4.07981 proptime 879531 prop/sec 8.32052 prop/ca
c 435000 confls 6622770 constrs 1168 vars
c 436000 confls 6623770 constrs 1168 vars
c 437000 confls 6624770 constrs 1168 vars
c 438000 confls 6625770 constrs 1168 vars
c 439000 confls 6626770 constrs 1168 vars
c 440000 confls 6627770 constrs 1167 vars
c 441000 confls 6628770 constrs 1167 vars
c 442000 confls 6629770 constrs 1167 vars
c 443000 confls 6630770 constrs 1167 vars
c INPROCESSING 4.71351 proptime 732579 prop/sec 8.7334 prop/ca
c 444000 confls 6551605 constrs 1164 vars
c 445000 confls 6552605 constrs 1164 vars
c 446000 confls 6553605 constrs 1164 vars
c 447000 confls 6554605 constrs 1164 vars
c 448000 confls 6555605 constrs 1164 vars
c 449000 confls 6556605 constrs 1164 vars
c 450000 confls 6557605 constrs 1164 vars
c 451000 confls 6558605 constrs 1164 vars
c INPROCESSING 2.68186 proptime 1.27349e+06 prop/sec 5.78352 prop/ca
c 452000 confls 6010310 constrs 1164 vars
c 453000 confls 6011310 constrs 1164 vars
c 454000 confls 6012310 constrs 1164 vars
c 455000 confls 6013310 constrs 1164 vars
c 456000 confls 6014310 constrs 1164 vars
c 457000 confls 6015310 constrs 1164 vars
c 458000 confls 6016310 constrs 1164 vars
c 459000 confls 6017310 constrs 1164 vars
c 460000 confls 6018310 constrs 1164 vars
c INPROCESSING 3.3194 proptime 962545 prop/sec 8.65797 prop/ca
c 461000 confls 6011471 constrs 1164 vars
c 462000 confls 6012471 constrs 1164 vars
c 463000 confls 6013471 constrs 1164 vars
c 464000 confls 6014471 constrs 1164 vars
c 465000 confls 6015471 constrs 1164 vars
c 466000 confls 6016471 constrs 1164 vars
c 467000 confls 6017471 constrs 1164 vars
c 468000 confls 6018471 constrs 1164 vars
c INPROCESSING 3.41 proptime 1.0316e+06 prop/sec 7.39819 prop/ca
c 469000 confls 6010873 constrs 1164 vars
c 470000 confls 6011873 constrs 1164 vars
c 471000 confls 6012873 constrs 1164 vars
c 472000 confls 6013873 constrs 1164 vars
c 473000 confls 6014873 constrs 1164 vars
c 474000 confls 6015873 constrs 1164 vars
c 475000 confls 6016873 constrs 1164 vars
c 476000 confls 6017873 constrs 1164 vars
c INPROCESSING 3.70249 proptime 951264 prop/sec 7.22681 prop/ca
c 477000 confls 6009987 constrs 1164 vars
c 478000 confls 6010987 constrs 1164 vars
c 479000 confls 6011987 constrs 1164 vars
c 480000 confls 6012987 constrs 1164 vars
c 481000 confls 6013987 constrs 1164 vars
c 482000 confls 6014987 constrs 1164 vars
c 483000 confls 6015987 constrs 1164 vars
c 484000 confls 6016987 constrs 1164 vars
c 485000 confls 6017987 constrs 1164 vars
c INPROCESSING 3.25904 proptime 1.08804e+06 prop/sec 7.28235 prop/ca
c 486000 confls 6010580 constrs 1164 vars
c 487000 confls 6011580 constrs 1164 vars
c 488000 confls 6012580 constrs 1164 vars
c 489000 confls 6013580 constrs 1164 vars
c 490000 confls 6014580 constrs 1164 vars
c 491000 confls 6015580 constrs 1164 vars
c 492000 confls 6016580 constrs 1164 vars
c 493000 confls 6017580 constrs 1164 vars
c INPROCESSING 3.17272 proptime 1.12911e+06 prop/sec 6.69377 prop/ca
c 494000 confls 6010064 constrs 1164 vars
c 495000 confls 6011064 constrs 1164 vars
c 496000 confls 6012064 constrs 1164 vars
c 497000 confls 6013064 constrs 1164 vars
c 498000 confls 6014064 constrs 1164 vars
c 499000 confls 6015064 constrs 1164 vars
c 500000 confls 6016064 constrs 1164 vars
c 501000 confls 6017064 constrs 1164 vars
c 502000 confls 6018064 constrs 1164 vars
c INPROCESSING 3.61158 proptime 1.03084e+06 prop/sec 7.95146 prop/ca
c 503000 confls 6010899 constrs 1164 vars
c 504000 confls 6011899 constrs 1164 vars
c 505000 confls 6012899 constrs 1164 vars
c 506000 confls 6013899 constrs 1164 vars
c 507000 confls 6014899 constrs 1164 vars
c 508000 confls 6015899 constrs 1164 vars
c 509000 confls 6016899 constrs 1164 vars
c 510000 confls 6017899 constrs 1164 vars
c INPROCESSING 4.04915 proptime 903603 prop/sec 8.49809 prop/ca
c 511000 confls 6010375 constrs 1164 vars
c 512000 confls 6011375 constrs 1164 vars
c 513000 confls 6012375 constrs 1164 vars
c 514000 confls 6013375 constrs 1164 vars
c 515000 confls 6014375 constrs 1164 vars
c 516000 confls 6015375 constrs 1164 vars
c 517000 confls 6016375 constrs 1164 vars
c 518000 confls 6017375 constrs 1164 vars
c 519000 confls 6018375 constrs 1164 vars
c INPROCESSING 4.11853 proptime 932327 prop/sec 9.51448 prop/ca
c 520000 confls 6010783 constrs 1164 vars
c 521000 confls 6011783 constrs 1164 vars
c 522000 confls 6012783 constrs 1164 vars
c 523000 confls 6013783 constrs 1164 vars
c 524000 confls 6014783 constrs 1164 vars
c 525000 confls 6015783 constrs 1164 vars
c 526000 confls 6016783 constrs 1164 vars
c 527000 confls 6017783 constrs 1164 vars
c INPROCESSING 3.97845 proptime 825931 prop/sec 10.1286 prop/ca
c 528000 confls 6010399 constrs 1164 vars
c 529000 confls 6011399 constrs 1164 vars
c 530000 confls 6012399 constrs 1164 vars
c 531000 confls 6013399 constrs 1164 vars
c 532000 confls 6014399 constrs 1164 vars
c 533000 confls 6015399 constrs 1164 vars
c 534000 confls 6016399 constrs 1164 vars
c 535000 confls 6017399 constrs 1164 vars
c 536000 confls 6018399 constrs 1164 vars
c INPROCESSING 4.26353 proptime 728497 prop/sec 11.9787 prop/ca
c 537000 confls 6011059 constrs 1164 vars
c 538000 confls 6012059 constrs 1164 vars
c 539000 confls 6013059 constrs 1164 vars
c 540000 confls 6014059 constrs 1164 vars
c 541000 confls 6015059 constrs 1164 vars
c 542000 confls 6016059 constrs 1164 vars
c 543000 confls 6017059 constrs 1164 vars
c 544000 confls 6018059 constrs 1164 vars
c INPROCESSING 4.51141 proptime 738314 prop/sec 10.2794 prop/ca
c 545000 confls 6010652 constrs 1164 vars
c 546000 confls 6011652 constrs 1164 vars
c 547000 confls 6012652 constrs 1164 vars
c 548000 confls 6013652 constrs 1164 vars
c 549000 confls 6014652 constrs 1164 vars
c 550000 confls 6015652 constrs 1164 vars
c 551000 confls 6016652 constrs 1164 vars
c 552000 confls 6017652 constrs 1164 vars
c 553000 confls 6018652 constrs 1164 vars
c INPROCESSING 4.06699 proptime 859915 prop/sec 10.7319 prop/ca
c 554000 confls 6010795 constrs 1164 vars
c 555000 confls 6011795 constrs 1164 vars
c 556000 confls 6012795 constrs 1164 vars
c 557000 confls 6013795 constrs 1164 vars
c 558000 confls 6014795 constrs 1164 vars
c 559000 confls 6015795 constrs 1164 vars
c 560000 confls 6016795 constrs 1164 vars
c 561000 confls 6017795 constrs 1164 vars
c 562000 confls 6018795 constrs 1164 vars
c INPROCESSING 5.17552 proptime 696224 prop/sec 10.1359 prop/ca
c 563000 confls 6011080 constrs 1164 vars
c 564000 confls 6012080 constrs 1164 vars
c 565000 confls 6013080 constrs 1164 vars
c 566000 confls 6014080 constrs 1164 vars
c 567000 confls 6015080 constrs 1164 vars
c 568000 confls 6016080 constrs 1164 vars
c 569000 confls 6017080 constrs 1164 vars
c 570000 confls 6018080 constrs 1164 vars
c INPROCESSING 3.64947 proptime 984770 prop/sec 8.96441 prop/ca
c 571000 confls 6010770 constrs 1164 vars
c 572000 confls 6011770 constrs 1164 vars
c 573000 confls 6012770 constrs 1164 vars
c 574000 confls 6013770 constrs 1164 vars
c 575000 confls 6014770 constrs 1164 vars
c 576000 confls 6015770 constrs 1164 vars
c 577000 confls 6016770 constrs 1164 vars
c 578000 confls 6017770 constrs 1164 vars
c 579000 confls 6018770 constrs 1164 vars
c INPROCESSING 4.02258 proptime 935996 prop/sec 9.35077 prop/ca
c 580000 confls 6010783 constrs 1164 vars
c 581000 confls 6011783 constrs 1164 vars
c 582000 confls 6012783 constrs 1164 vars
c 583000 confls 6013783 constrs 1164 vars
c 584000 confls 6014783 constrs 1164 vars
c 585000 confls 6015783 constrs 1164 vars
c 586000 confls 6016783 constrs 1164 vars
c 587000 confls 6017783 constrs 1164 vars
c INPROCESSING 3.63946 proptime 840000 prop/sec 9.83166 prop/ca
c 588000 confls 6010083 constrs 1164 vars
c 589000 confls 6011083 constrs 1164 vars
c 590000 confls 6012083 constrs 1164 vars
c 591000 confls 6013085 constrs 1164 vars
c 592000 confls 6014085 constrs 1164 vars
c 593000 confls 6015085 constrs 1164 vars
c 594000 confls 6016085 constrs 1164 vars
c 595000 confls 6017085 constrs 1164 vars
c 596000 confls 6018085 constrs 1164 vars
c INPROCESSING 4.53954 proptime 810398 prop/sec 10.3794 prop/ca
c 597000 confls 6011328 constrs 1164 vars
c 598000 confls 6012328 constrs 1164 vars
c 599000 confls 6013328 constrs 1164 vars
c 600000 confls 6014328 constrs 1164 vars
c 601000 confls 6015328 constrs 1164 vars
c 602000 confls 6016328 constrs 1164 vars
c 603000 confls 6017328 constrs 1164 vars
c 604000 confls 6018328 constrs 1164 vars
c 605000 confls 6019328 constrs 1164 vars
c INPROCESSING 3.85759 proptime 966520 prop/sec 9.6922 prop/ca
c 606000 confls 6010877 constrs 1164 vars
c 607000 confls 6011877 constrs 1164 vars
c 608000 confls 6012877 constrs 1164 vars
c 609000 confls 6013877 constrs 1164 vars
c 610000 confls 6014877 constrs 1164 vars
c 611000 confls 6015877 constrs 1164 vars
c 612000 confls 6016877 constrs 1164 vars
c 613000 confls 6017877 constrs 1164 vars
c INPROCESSING 3.91854 proptime 945108 prop/sec 8.05619 prop/ca
c 614000 confls 6010161 constrs 1164 vars
c 615000 confls 6011161 constrs 1164 vars
c 616000 confls 6012161 constrs 1164 vars
c 617000 confls 6013161 constrs 1164 vars
c 618000 confls 6014161 constrs 1164 vars
c 619000 confls 6015161 constrs 1164 vars
c 620000 confls 6016161 constrs 1164 vars
c 621000 confls 6017161 constrs 1164 vars
c 622000 confls 6018161 constrs 1164 vars
c INPROCESSING 3.34452 proptime 1.10826e+06 prop/sec 8.3456 prop/ca
c 623000 confls 6010485 constrs 1164 vars
c 624000 confls 6011485 constrs 1164 vars
c 625000 confls 6012485 constrs 1164 vars
c 626000 confls 6013485 constrs 1164 vars
c 627000 confls 6014485 constrs 1164 vars
c 628000 confls 6015485 constrs 1164 vars
c 629000 confls 6016485 constrs 1164 vars
c 630000 confls 6017485 constrs 1164 vars
c INPROCESSING 3.6946 proptime 922914 prop/sec 10.2095 prop/ca
c 631000 confls 6010237 constrs 1164 vars
c 632000 confls 6011237 constrs 1164 vars
c 633000 confls 6012237 constrs 1164 vars
c 634000 confls 6013237 constrs 1164 vars
c 635000 confls 6014237 constrs 1164 vars
c 636000 confls 6015237 constrs 1164 vars
c 637000 confls 6016237 constrs 1164 vars
c 638000 confls 6017237 constrs 1164 vars
c 639000 confls 6018238 constrs 1164 vars
c INPROCESSING 4.33472 proptime 764189 prop/sec 11.8003 prop/ca
c 640000 confls 6011397 constrs 1164 vars
c 641000 confls 6012397 constrs 1164 vars
c 642000 confls 6013397 constrs 1164 vars
c 643000 confls 6014397 constrs 1164 vars
c 644000 confls 6015397 constrs 1164 vars
c 645000 confls 6016397 constrs 1164 vars
c 646000 confls 6017397 constrs 1164 vars
c 647000 confls 6018397 constrs 1164 vars
c 648000 confls 6019397 constrs 1164 vars
c INPROCESSING 4.19538 proptime 855782 prop/sec 10.4061 prop/ca
c 649000 confls 6011207 constrs 1164 vars
c 650000 confls 6012207 constrs 1164 vars
c 651000 confls 6013207 constrs 1164 vars
c 652000 confls 6014207 constrs 1164 vars
c 653000 confls 6015207 constrs 1164 vars
c 654000 confls 6016207 constrs 1164 vars
c 655000 confls 6017207 constrs 1164 vars
c 656000 confls 6018207 constrs 1164 vars
c INPROCESSING 5.21072 proptime 671341 prop/sec 10.7125 prop/ca
c 657000 confls 6010335 constrs 1164 vars
c 658000 confls 6011335 constrs 1164 vars
c 659000 confls 6012335 constrs 1164 vars
c 660000 confls 6013335 constrs 1164 vars
c 661000 confls 6014335 constrs 1164 vars
c 662000 confls 6015335 constrs 1164 vars
c 663000 confls 6016335 constrs 1164 vars
c 664000 confls 6017335 constrs 1164 vars
c 665000 confls 6018335 constrs 1164 vars
c INPROCESSING 4.2367 proptime 873064 prop/sec 10.3737 prop/ca
c 666000 confls 6010797 constrs 1164 vars
c 667000 confls 6011797 constrs 1164 vars
c 668000 confls 6012797 constrs 1164 vars
c 669000 confls 6013797 constrs 1164 vars
c 670000 confls 6014797 constrs 1164 vars
c 671000 confls 6015797 constrs 1164 vars
c 672000 confls 6016797 constrs 1164 vars
c 673000 confls 6017797 constrs 1164 vars
c 674000 confls 6018797 constrs 1164 vars
c INPROCESSING 4.202 proptime 835374 prop/sec 10.7509 prop/ca
c 675000 confls 6011159 constrs 1164 vars
c 676000 confls 6012159 constrs 1164 vars
c 677000 confls 6013159 constrs 1164 vars
c 678000 confls 6014159 constrs 1164 vars
c 679000 confls 6015159 constrs 1164 vars
c 680000 confls 6016159 constrs 1164 vars
c 681000 confls 6017159 constrs 1164 vars
c 682000 confls 6018159 constrs 1164 vars
c INPROCESSING 4.60668 proptime 804841 prop/sec 11.225 prop/ca
c 683000 confls 6010467 constrs 1164 vars
c 684000 confls 6011467 constrs 1164 vars
c 685000 confls 6012467 constrs 1164 vars
c 686000 confls 6013467 constrs 1164 vars
c 687000 confls 6014468 constrs 1164 vars
c 688000 confls 6015468 constrs 1164 vars
c 689000 confls 6016468 constrs 1164 vars
c 690000 confls 6017468 constrs 1164 vars
c 691000 confls 6018468 constrs 1164 vars
c INPROCESSING 4.32358 proptime 837778 prop/sec 10.767 prop/ca
c 692000 confls 6010639 constrs 1164 vars
c 693000 confls 6011639 constrs 1164 vars
c 694000 confls 6012639 constrs 1164 vars
c 695000 confls 6013639 constrs 1164 vars
c 696000 confls 6014639 constrs 1164 vars
c 697000 confls 6015639 constrs 1164 vars
c 698000 confls 6016639 constrs 1164 vars
c 699000 confls 6017639 constrs 1164 vars
c 700000 confls 6018639 constrs 1164 vars
c INPROCESSING 4.17446 proptime 856987 prop/sec 10.5453 prop/ca
c 701000 confls 6010580 constrs 1164 vars
c 702000 confls 6011580 constrs 1164 vars
c 703000 confls 6012580 constrs 1164 vars
c 704000 confls 6013580 constrs 1164 vars
c 705000 confls 6014580 constrs 1164 vars
c 706000 confls 6015580 constrs 1164 vars
c 707000 confls 6016580 constrs 1164 vars
c 708000 confls 6017580 constrs 1164 vars
c 709000 confls 6018580 constrs 1164 vars
c INPROCESSING 4.47909 proptime 822365 prop/sec 10.9573 prop/ca
c 710000 confls 6011000 constrs 1164 vars
c 711000 confls 6012000 constrs 1164 vars
c 712000 confls 6013000 constrs 1164 vars
c 713000 confls 6014000 constrs 1164 vars
c 714000 confls 6015000 constrs 1164 vars
c 715000 confls 6016000 constrs 1164 vars
c 716000 confls 6017000 constrs 1164 vars
c 717000 confls 6018000 constrs 1164 vars
c INPROCESSING 4.52632 proptime 792349 prop/sec 10.0462 prop/ca
c 718000 confls 6010781 constrs 1164 vars
c 719000 confls 6011781 constrs 1164 vars
c 720000 confls 6012781 constrs 1164 vars
c 721000 confls 6013781 constrs 1164 vars
c 722000 confls 6014781 constrs 1164 vars
c 723000 confls 6015781 constrs 1164 vars
c 724000 confls 6016781 constrs 1164 vars
c 725000 confls 6017781 constrs 1164 vars
c 726000 confls 6018781 constrs 1164 vars
c INPROCESSING 4.0651 proptime 869258 prop/sec 9.77519 prop/ca
c 727000 confls 6010810 constrs 1164 vars
c 728000 confls 6011810 constrs 1164 vars
c 729000 confls 6012810 constrs 1164 vars
c 730000 confls 6013810 constrs 1164 vars
c 731000 confls 6014810 constrs 1164 vars
c 732000 confls 6015810 constrs 1164 vars
c 733000 confls 6016810 constrs 1164 vars
c 734000 confls 6017810 constrs 1164 vars
c 735000 confls 6018810 constrs 1164 vars
c INPROCESSING 4.94157 proptime 742270 prop/sec 9.23702 prop/ca
c 736000 confls 6010623 constrs 1164 vars
c 737000 confls 6011623 constrs 1164 vars
c 738000 confls 6012623 constrs 1164 vars
c 739000 confls 6013623 constrs 1164 vars
c 740000 confls 6014623 constrs 1164 vars
c 741000 confls 6015623 constrs 1164 vars
c 742000 confls 6016623 constrs 1164 vars
c 743000 confls 6017623 constrs 1164 vars
c 744000 confls 6018623 constrs 1164 vars
c INPROCESSING 4.21004 proptime 802160 prop/sec 11.2934 prop/ca
c 745000 confls 6011067 constrs 1164 vars
c 746000 confls 6012067 constrs 1164 vars
c 747000 confls 6013067 constrs 1164 vars
c 748000 confls 6014067 constrs 1164 vars
c 749000 confls 6015067 constrs 1164 vars
c 750000 confls 6016067 constrs 1164 vars
c 751000 confls 6017067 constrs 1164 vars
c 752000 confls 6018067 constrs 1164 vars
c INPROCESSING 4.38308 proptime 839809 prop/sec 10.5071 prop/ca
c 753000 confls 6010844 constrs 1164 vars
c 754000 confls 6011844 constrs 1164 vars
c 755000 confls 6012844 constrs 1164 vars
c 756000 confls 6013844 constrs 1164 vars
c 757000 confls 6014844 constrs 1164 vars
c 758000 confls 6015844 constrs 1164 vars
c 759000 confls 6016844 constrs 1164 vars
c 760000 confls 6017844 constrs 1164 vars
c 761000 confls 6018844 constrs 1164 vars
c INPROCESSING 5.3038 proptime 693431 prop/sec 11.1961 prop/ca
c 762000 confls 6010900 constrs 1164 vars
c 763000 confls 6011900 constrs 1164 vars
c 764000 confls 6012900 constrs 1164 vars
c 765000 confls 6013900 constrs 1164 vars
c 766000 confls 6014900 constrs 1164 vars
c 767000 confls 6015900 constrs 1164 vars
c 768000 confls 6016900 constrs 1164 vars
c 769000 confls 6017900 constrs 1164 vars
c 770000 confls 6018900 constrs 1164 vars
c INPROCESSING 4.63793 proptime 747990 prop/sec 12.3547 prop/ca
c 771000 confls 6011110 constrs 1164 vars
c 772000 confls 6012110 constrs 1164 vars
c 773000 confls 6013110 constrs 1164 vars
c 774000 confls 6014110 constrs 1164 vars
c 775000 confls 6015110 constrs 1164 vars
c 776000 confls 6016110 constrs 1164 vars
c 777000 confls 6017110 constrs 1164 vars
c 778000 confls 6018110 constrs 1164 vars
c 779000 confls 6019110 constrs 1164 vars
c INPROCESSING 4.77649 proptime 798218 prop/sec 10.6425 prop/ca
c 780000 confls 6011242 constrs 1164 vars
c 781000 confls 6012242 constrs 1164 vars
c 782000 confls 6013242 constrs 1164 vars
c 783000 confls 6014242 constrs 1164 vars
c 784000 confls 6015242 constrs 1164 vars
c 785000 confls 6016242 constrs 1164 vars
c 786000 confls 6017242 constrs 1164 vars
c 787000 confls 6018242 constrs 1164 vars
c 788000 confls 6019242 constrs 1164 vars
c INPROCESSING 4.51773 proptime 765659 prop/sec 11.872 prop/ca
c 789000 confls 6011165 constrs 1164 vars
c 790000 confls 6012165 constrs 1164 vars
c 791000 confls 6013165 constrs 1164 vars
c 792000 confls 6014165 constrs 1164 vars
c 793000 confls 6015165 constrs 1164 vars
c 794000 confls 6016165 constrs 1164 vars
c 795000 confls 6017165 constrs 1164 vars
c 796000 confls 6018165 constrs 1164 vars
c INPROCESSING 4.5409 proptime 867528 prop/sec 10.3014 prop/ca
c 797000 confls 6010253 constrs 1164 vars
c 798000 confls 6011253 constrs 1164 vars
c 799000 confls 6012253 constrs 1164 vars
c 800000 confls 6013253 constrs 1164 vars
c 801000 confls 6014253 constrs 1164 vars
c 802000 confls 6015253 constrs 1164 vars
c 803000 confls 6016253 constrs 1164 vars
c 804000 confls 6017253 constrs 1164 vars
c 805000 confls 6018253 constrs 1164 vars
c INPROCESSING 4.40199 proptime 756256 prop/sec 12.0169 prop/ca
c 806000 confls 6010790 constrs 1164 vars
c 807000 confls 6011790 constrs 1164 vars
c 808000 confls 6012790 constrs 1164 vars
c 809000 confls 6013790 constrs 1164 vars
c 810000 confls 6014790 constrs 1164 vars
c 811000 confls 6015790 constrs 1164 vars
c 812000 confls 6016790 constrs 1164 vars
c 813000 confls 6017790 constrs 1164 vars
c 814000 confls 6018790 constrs 1164 vars
c INPROCESSING 4.67491 proptime 790871 prop/sec 11.0338 prop/ca
c 815000 confls 6010951 constrs 1164 vars
c 816000 confls 6011951 constrs 1164 vars
c 817000 confls 6012951 constrs 1164 vars
c 818000 confls 6013951 constrs 1164 vars
c 819000 confls 6014951 constrs 1164 vars
c 820000 confls 6015951 constrs 1164 vars
c 821000 confls 6016951 constrs 1164 vars
c 822000 confls 6017951 constrs 1164 vars
c 823000 confls 6018951 constrs 1164 vars
c INPROCESSING 4.79924 proptime 763660 prop/sec 10.432 prop/ca
c 824000 confls 6010816 constrs 1164 vars
c 825000 confls 6011816 constrs 1164 vars
c 826000 confls 6012816 constrs 1164 vars
c 827000 confls 6013816 constrs 1164 vars
c 828000 confls 6014816 constrs 1164 vars
c 829000 confls 6015816 constrs 1164 vars
c 830000 confls 6016816 constrs 1164 vars
c 831000 confls 6017816 constrs 1164 vars
c 832000 confls 6018816 constrs 1164 vars
c INPROCESSING 4.81653 proptime 790465 prop/sec 11.5898 prop/ca
c 833000 confls 6010830 constrs 1164 vars
c 834000 confls 6011830 constrs 1164 vars
c 835000 confls 6012830 constrs 1164 vars
c 836000 confls 6013830 constrs 1164 vars
c 837000 confls 6014831 constrs 1164 vars
c 838000 confls 6015831 constrs 1164 vars
c 839000 confls 6016831 constrs 1164 vars
c 840000 confls 6017831 constrs 1164 vars
c 841000 confls 6018831 constrs 1164 vars
c INPROCESSING 5.00255 proptime 741081 prop/sec 11.7419 prop/ca
c 842000 confls 6011555 constrs 1164 vars
c 843000 confls 6012555 constrs 1164 vars
c 844000 confls 6013555 constrs 1164 vars
c 845000 confls 6014555 constrs 1164 vars
c 846000 confls 6015555 constrs 1164 vars
c 847000 confls 6016555 constrs 1164 vars
c 848000 confls 6017555 constrs 1164 vars
c 849000 confls 6018555 constrs 1164 vars
c INPROCESSING 4.45064 proptime 844540 prop/sec 10.275 prop/ca
c 850000 confls 6010171 constrs 1164 vars
c 851000 confls 6011171 constrs 1164 vars
c 852000 confls 6012171 constrs 1164 vars
c 853000 confls 6013171 constrs 1164 vars
c 854000 confls 6014171 constrs 1164 vars
c 855000 confls 6015171 constrs 1164 vars
c 856000 confls 6016171 constrs 1164 vars
c 857000 confls 6017171 constrs 1164 vars
c 858000 confls 6018171 constrs 1164 vars
c INPROCESSING 4.37708 proptime 927854 prop/sec 10.0707 prop/ca
c 859000 confls 6010531 constrs 1164 vars
c 860000 confls 6011531 constrs 1164 vars
c 861000 confls 6012531 constrs 1164 vars
c 862000 confls 6013531 constrs 1164 vars
c 863000 confls 6014531 constrs 1164 vars
c 864000 confls 6015531 constrs 1164 vars
c 865000 confls 6016531 constrs 1164 vars
c 866000 confls 6017531 constrs 1164 vars
c 867000 confls 6018531 constrs 1164 vars
c INPROCESSING 4.34729 proptime 854636 prop/sec 10.1655 prop/ca
c 868000 confls 6010489 constrs 1164 vars
c 869000 confls 6011489 constrs 1164 vars
c 870000 confls 6012489 constrs 1164 vars
c 871000 confls 6013489 constrs 1164 vars
c 872000 confls 6014489 constrs 1164 vars
c 873000 confls 6015489 constrs 1164 vars
c 874000 confls 6016489 constrs 1164 vars
c 875000 confls 6017489 constrs 1164 vars
c 876000 confls 6018489 constrs 1164 vars
c INPROCESSING 4.94953 proptime 683721 prop/sec 12.6484 prop/ca
c 877000 confls 6011378 constrs 1164 vars
c 878000 confls 6012378 constrs 1164 vars
c 879000 confls 6013378 constrs 1164 vars
c 880000 confls 6014378 constrs 1164 vars
c 881000 confls 6015378 constrs 1164 vars
c 882000 confls 6016378 constrs 1164 vars
c 883000 confls 6017378 constrs 1164 vars
c 884000 confls 6018378 constrs 1164 vars
c 885000 confls 6019378 constrs 1164 vars
c INPROCESSING 4.59473 proptime 847816 prop/sec 11.4366 prop/ca
c 886000 confls 6011099 constrs 1164 vars
c 887000 confls 6012099 constrs 1164 vars
c 888000 confls 6013099 constrs 1164 vars
c 889000 confls 6014099 constrs 1164 vars
c 890000 confls 6015099 constrs 1164 vars
c 891000 confls 6016099 constrs 1164 vars
c 892000 confls 6017099 constrs 1164 vars
c 893000 confls 6018099 constrs 1164 vars
c 894000 confls 6019099 constrs 1164 vars
c INPROCESSING 4.36514 proptime 778903 prop/sec 11.9786 prop/ca
c 895000 confls 6011265 constrs 1164 vars
c 896000 confls 6012265 constrs 1164 vars
c 897000 confls 6013265 constrs 1164 vars
c 898000 confls 6014265 constrs 1164 vars
c 899000 confls 6015265 constrs 1164 vars
c 900000 confls 6016265 constrs 1164 vars
c 901000 confls 6017265 constrs 1164 vars
c 902000 confls 6018265 constrs 1164 vars
c 903000 confls 6019265 constrs 1164 vars
c INPROCESSING 4.94274 proptime 678556 prop/sec 11.2224 prop/ca
c 904000 confls 6011413 constrs 1164 vars
c 905000 confls 6012413 constrs 1164 vars
c 906000 confls 6013413 constrs 1164 vars
c 907000 confls 6014413 constrs 1164 vars
c 908000 confls 6015413 constrs 1164 vars
c 909000 confls 6016413 constrs 1164 vars
c 910000 confls 6017413 constrs 1164 vars
c 911000 confls 6018413 constrs 1164 vars
c 912000 confls 6019413 constrs 1164 vars
c INPROCESSING 4.45934 proptime 826987 prop/sec 11.4157 prop/ca
c 913000 confls 6011129 constrs 1164 vars
c 914000 confls 6012129 constrs 1164 vars
c 915000 confls 6013129 constrs 1164 vars
c 916000 confls 6014129 constrs 1164 vars
c 917000 confls 6015129 constrs 1164 vars
c 918000 confls 6016129 constrs 1164 vars
c 919000 confls 6017129 constrs 1164 vars
c 920000 confls 6018129 constrs 1164 vars
c 921000 confls 6019129 constrs 1164 vars
c INPROCESSING 4.42789 proptime 694097 prop/sec 12.896 prop/ca
c 922000 confls 6011566 constrs 1164 vars
c 923000 confls 6012566 constrs 1164 vars
c 924000 confls 6013566 constrs 1164 vars
c 925000 confls 6014566 constrs 1164 vars
c 926000 confls 6015566 constrs 1164 vars
c 927000 confls 6016566 constrs 1164 vars
c 928000 confls 6017566 constrs 1164 vars
c 929000 confls 6018567 constrs 1164 vars
c INPROCESSING 5.00413 proptime 767293 prop/sec 12.4284 prop/ca
c 930000 confls 6011221 constrs 1164 vars
c 931000 confls 6012221 constrs 1164 vars
c 932000 confls 6013221 constrs 1164 vars
c 933000 confls 6014221 constrs 1164 vars
c 934000 confls 6015221 constrs 1164 vars
c 935000 confls 6016221 constrs 1164 vars
c 936000 confls 6017221 constrs 1164 vars
c 937000 confls 6018221 constrs 1164 vars
c 938000 confls 6019221 constrs 1164 vars
c INPROCESSING 4.92042 proptime 731950 prop/sec 12.1504 prop/ca
c 939000 confls 6010542 constrs 1164 vars
c 940000 confls 6011542 constrs 1164 vars
c 941000 confls 6012542 constrs 1164 vars
c 942000 confls 6013542 constrs 1164 vars
c 943000 confls 6014542 constrs 1164 vars
c 944000 confls 6015542 constrs 1164 vars
c 945000 confls 6016542 constrs 1164 vars
c 946000 confls 6017542 constrs 1164 vars
c 947000 confls 6018542 constrs 1164 vars
c INPROCESSING 4.98763 proptime 705563 prop/sec 11.6571 prop/ca
c 948000 confls 6010843 constrs 1164 vars
c 949000 confls 6011843 constrs 1164 vars
c 950000 confls 6012843 constrs 1164 vars
c 951000 confls 6013843 constrs 1164 vars
c 952000 confls 6014843 constrs 1164 vars
c 953000 confls 6015843 constrs 1164 vars
c 954000 confls 6016843 constrs 1164 vars
c 955000 confls 6017843 constrs 1164 vars
c 956000 confls 6018843 constrs 1164 vars
c INPROCESSING 4.77163 proptime 830052 prop/sec 11.3175 prop/ca
c 957000 confls 6011174 constrs 1164 vars
c 958000 confls 6012174 constrs 1164 vars
c 959000 confls 6013174 constrs 1164 vars
c 960000 confls 6014174 constrs 1164 vars
c 961000 confls 6015174 constrs 1164 vars
c 962000 confls 6016174 constrs 1164 vars
c 963000 confls 6017174 constrs 1164 vars
c 964000 confls 6018174 constrs 1164 vars
c 965000 confls 6019174 constrs 1164 vars
c INPROCESSING 4.90103 proptime 808770 prop/sec 10.711 prop/ca
c 966000 confls 6010301 constrs 1164 vars
c 967000 confls 6011301 constrs 1164 vars
c 968000 confls 6012301 constrs 1164 vars
c 969000 confls 6013301 constrs 1164 vars
c 970000 confls 6014301 constrs 1164 vars
c 971000 confls 6015301 constrs 1164 vars
c 972000 confls 6016301 constrs 1164 vars
c 973000 confls 6017301 constrs 1164 vars
c 974000 confls 6018301 constrs 1164 vars
c INPROCESSING 4.05895 proptime 947174 prop/sec 10.6183 prop/ca
c 975000 confls 6010491 constrs 1164 vars
c 976000 confls 6011491 constrs 1164 vars
c 977000 confls 6012491 constrs 1164 vars
c 978000 confls 6013491 constrs 1164 vars
c 979000 confls 6014491 constrs 1164 vars
c 980000 confls 6015491 constrs 1164 vars
c 981000 confls 6016491 constrs 1164 vars
c 982000 confls 6017491 constrs 1164 vars
c 983000 confls 6018491 constrs 1164 vars
c INPROCESSING 4.42577 proptime 849314 prop/sec 10.2413 prop/ca
c 984000 confls 6010662 constrs 1164 vars
c 985000 confls 6011662 constrs 1164 vars
c 986000 confls 6012662 constrs 1164 vars
c 987000 confls 6013662 constrs 1164 vars
c 988000 confls 6014662 constrs 1164 vars
c 989000 confls 6015662 constrs 1164 vars
c 990000 confls 6016662 constrs 1164 vars
c 991000 confls 6017662 constrs 1164 vars
c 992000 confls 6018662 constrs 1164 vars
c INPROCESSING 4.74075 proptime 841176 prop/sec 10.2542 prop/ca
c 993000 confls 6010919 constrs 1164 vars
c 994000 confls 6011919 constrs 1164 vars
c 995000 confls 6012919 constrs 1164 vars
c 996000 confls 6013919 constrs 1164 vars
c 997000 confls 6014919 constrs 1164 vars
c 998000 confls 6015919 constrs 1164 vars
c 999000 confls 6016919 constrs 1164 vars
c 1000000 confls 6017919 constrs 1164 vars
c 1001000 confls 6018919 constrs 1164 vars
c INPROCESSING 5.01066 proptime 786991 prop/sec 9.91789 prop/ca
c 1002000 confls 6010653 constrs 1164 vars
c 1003000 confls 6011653 constrs 1164 vars
c 1004000 confls 6012653 constrs 1164 vars
c 1005000 confls 6013653 constrs 1164 vars
c 1006000 confls 6014653 constrs 1164 vars
c 1007000 confls 6015653 constrs 1164 vars
c 1008000 confls 6016653 constrs 1164 vars
c 1009000 confls 6017653 constrs 1164 vars
c 1010000 confls 6018653 constrs 1164 vars
c INPROCESSING 5.62097 proptime 659342 prop/sec 11.3707 prop/ca
c 1011000 confls 6010945 constrs 1164 vars
c 1012000 confls 6011945 constrs 1164 vars
c 1013000 confls 6012945 constrs 1164 vars
c 1014000 confls 6013945 constrs 1164 vars
c 1015000 confls 6014945 constrs 1164 vars
c 1016000 confls 6015945 constrs 1164 vars
c 1017000 confls 6016945 constrs 1164 vars
c 1018000 confls 6017945 constrs 1164 vars
c 1019000 confls 6018945 constrs 1164 vars
c INPROCESSING 5.95668 proptime 652339 prop/sec 13.3312 prop/ca
c 1020000 confls 6011081 constrs 1164 vars
c 1021000 confls 6012081 constrs 1164 vars
c 1022000 confls 6013081 constrs 1164 vars
c 1023000 confls 6014081 constrs 1164 vars
c 1024000 confls 6015081 constrs 1164 vars
c 1025000 confls 6016081 constrs 1164 vars
c 1026000 confls 6017081 constrs 1164 vars
c 1027000 confls 6018081 constrs 1164 vars
c 1028000 confls 6019081 constrs 1164 vars
c INPROCESSING 5.98587 proptime 667946 prop/sec 11.9369 prop/ca
c 1029000 confls 6010960 constrs 1164 vars
c 1030000 confls 6011960 constrs 1164 vars
c 1031000 confls 6012960 constrs 1164 vars
c 1032000 confls 6013960 constrs 1164 vars
c 1033000 confls 6014960 constrs 1164 vars
c 1034000 confls 6015960 constrs 1164 vars
c 1035000 confls 6016960 constrs 1164 vars
c 1036000 confls 6017960 constrs 1164 vars
c 1037000 confls 6018960 constrs 1164 vars
c INPROCESSING 6.07222 proptime 644431 prop/sec 11.8069 prop/ca
c 1038000 confls 6010558 constrs 1164 vars
c 1039000 confls 6011558 constrs 1164 vars
c 1040000 confls 6012558 constrs 1164 vars
c 1041000 confls 6013558 constrs 1164 vars
c 1042000 confls 6014558 constrs 1164 vars
c 1043000 confls 6015558 constrs 1164 vars
c 1044000 confls 6016558 constrs 1164 vars
c 1045000 confls 6017558 constrs 1164 vars
c 1046000 confls 6018558 constrs 1164 vars
c INPROCESSING 4.10062 proptime 940082 prop/sec 10.1422 prop/ca
c 1047000 confls 6010737 constrs 1164 vars
c 1048000 confls 6011737 constrs 1164 vars
c 1049000 confls 6012737 constrs 1164 vars
c 1050000 confls 6013737 constrs 1164 vars
c 1051000 confls 6014737 constrs 1164 vars
c 1052000 confls 6015737 constrs 1164 vars
c 1053000 confls 6016737 constrs 1164 vars
c 1054000 confls 6017737 constrs 1164 vars
c 1055000 confls 6018737 constrs 1164 vars
c INPROCESSING 5.07324 proptime 783379 prop/sec 10.2513 prop/ca
c 1056000 confls 6011096 constrs 1164 vars
c 1057000 confls 6012096 constrs 1164 vars
c 1058000 confls 6013096 constrs 1164 vars
c 1059000 confls 6014096 constrs 1164 vars
c 1060000 confls 6015096 constrs 1164 vars
c 1061000 confls 6016096 constrs 1164 vars
c 1062000 confls 6017096 constrs 1164 vars
c 1063000 confls 6018096 constrs 1164 vars
c 1064000 confls 6019096 constrs 1164 vars
c INPROCESSING 4.3264 proptime 906639 prop/sec 10.3428 prop/ca
c 1065000 confls 6010851 constrs 1164 vars
c 1066000 confls 6011851 constrs 1164 vars
c 1067000 confls 6012851 constrs 1164 vars
c 1068000 confls 6013851 constrs 1164 vars
c 1069000 confls 6014851 constrs 1164 vars
c 1070000 confls 6015851 constrs 1164 vars
c 1071000 confls 6016851 constrs 1164 vars
c 1072000 confls 6017851 constrs 1164 vars
c 1073000 confls 6018851 constrs 1164 vars
c INPROCESSING 5.57886 proptime 682442 prop/sec 10.4464 prop/ca
c 1074000 confls 6010816 constrs 1164 vars
c 1075000 confls 6011816 constrs 1164 vars
c 1076000 confls 6012816 constrs 1164 vars
c 1077000 confls 6013816 constrs 1164 vars
c 1078000 confls 6014816 constrs 1164 vars
c 1079000 confls 6015816 constrs 1164 vars
c 1080000 confls 6016816 constrs 1164 vars
c 1081000 confls 6017816 constrs 1164 vars
c 1082000 confls 6018816 constrs 1164 vars
c INPROCESSING 4.90521 proptime 676232 prop/sec 11.7528 prop/ca
c 1083000 confls 6010451 constrs 1164 vars
c 1084000 confls 6011451 constrs 1164 vars
c 1085000 confls 6012451 constrs 1164 vars
c 1086000 confls 6013451 constrs 1164 vars
c 1087000 confls 6014451 constrs 1164 vars
c 1088000 confls 6015451 constrs 1164 vars
c 1089000 confls 6016451 constrs 1164 vars
c 1090000 confls 6017451 constrs 1164 vars
c 1091000 confls 6018451 constrs 1164 vars
c INPROCESSING 6.08357 proptime 631588 prop/sec 10.8162 prop/ca
c 1092000 confls 6011613 constrs 1164 vars
c 1093000 confls 6012613 constrs 1164 vars
c 1094000 confls 6013613 constrs 1164 vars
c 1095000 confls 6014613 constrs 1164 vars
c 1096000 confls 6015613 constrs 1164 vars
c 1097000 confls 6016613 constrs 1164 vars
c 1098000 confls 6017613 constrs 1164 vars
c 1099000 confls 6018613 constrs 1164 vars
c 1100000 confls 6019613 constrs 1164 vars
c INPROCESSING 5.20498 proptime 744002 prop/sec 11.491 prop/ca
c 1101000 confls 6010577 constrs 1164 vars
c 1102000 confls 6011577 constrs 1164 vars
c 1103000 confls 6012577 constrs 1164 vars
c 1104000 confls 6013577 constrs 1164 vars
c 1105000 confls 6014577 constrs 1164 vars
c 1106000 confls 6015577 constrs 1164 vars
c 1107000 confls 6016577 constrs 1164 vars
c 1108000 confls 6017577 constrs 1164 vars
c 1109000 confls 6018577 constrs 1164 vars
c INPROCESSING 5.33455 proptime 738769 prop/sec 10.8362 prop/ca
c 1110000 confls 6010825 constrs 1164 vars
c 1111000 confls 6011825 constrs 1164 vars
c 1112000 confls 6012825 constrs 1164 vars
c 1113000 confls 6013825 constrs 1164 vars
c 1114000 confls 6014825 constrs 1164 vars
c 1115000 confls 6015825 constrs 1164 vars
c 1116000 confls 6016825 constrs 1164 vars
c 1117000 confls 6017825 constrs 1164 vars
c 1118000 confls 6018825 constrs 1164 vars
c INPROCESSING 5.08923 proptime 833543 prop/sec 10.7049 prop/ca
c 1119000 confls 6010721 constrs 1164 vars
c 1120000 confls 6011721 constrs 1164 vars
c 1121000 confls 6012721 constrs 1164 vars
c 1122000 confls 6013721 constrs 1164 vars
c 1123000 confls 6014721 constrs 1164 vars
c 1124000 confls 6015721 constrs 1164 vars
c 1125000 confls 6016721 constrs 1164 vars
c 1126000 confls 6017721 constrs 1163 vars
c 1127000 confls 6018721 constrs 1163 vars
c INPROCESSING 6.3063 proptime 582365 prop/sec 11.1887 prop/ca
c 1128000 confls 5942783 constrs 1163 vars
c 1129000 confls 5943783 constrs 1163 vars
c 1130000 confls 5944783 constrs 1163 vars
c 1131000 confls 5945783 constrs 1163 vars
c 1132000 confls 5946783 constrs 1163 vars
c 1133000 confls 5947783 constrs 1163 vars
c 1134000 confls 5948783 constrs 1163 vars
c 1135000 confls 5949783 constrs 1163 vars
c 1136000 confls 5950783 constrs 1163 vars
c 1137000 confls 5951783 constrs 1163 vars
c INPROCESSING 4.27196 proptime 929310 prop/sec 9.71836 prop/ca
c 1138000 confls 5944304 constrs 1163 vars
c 1139000 confls 5945304 constrs 1163 vars
c 1140000 confls 5946304 constrs 1163 vars
c 1141000 confls 5947304 constrs 1163 vars
c 1142000 confls 5948304 constrs 1163 vars
c 1143000 confls 5949304 constrs 1163 vars
c 1144000 confls 5950304 constrs 1163 vars
c 1145000 confls 5951304 constrs 1163 vars
c 1146000 confls 5952304 constrs 1163 vars
c INPROCESSING 4.46398 proptime 833095 prop/sec 11.3086 prop/ca
c 1147000 confls 5944105 constrs 1163 vars
c 1148000 confls 5945105 constrs 1163 vars
c 1149000 confls 5946105 constrs 1163 vars
c 1150000 confls 5947105 constrs 1163 vars
c 1151000 confls 5948105 constrs 1163 vars
c 1152000 confls 5949105 constrs 1163 vars
c 1153000 confls 5950105 constrs 1163 vars
c 1154000 confls 5951105 constrs 1163 vars
c 1155000 confls 5952105 constrs 1163 vars
c INPROCESSING 5.41198 proptime 724579 prop/sec 12.2839 prop/ca
c 1156000 confls 5944452 constrs 1163 vars
c 1157000 confls 5945452 constrs 1163 vars
c 1158000 confls 5946452 constrs 1163 vars
c 1159000 confls 5947452 constrs 1163 vars
c 1160000 confls 5948452 constrs 1163 vars
c 1161000 confls 5949452 constrs 1163 vars
c 1162000 confls 5950452 constrs 1163 vars
c 1163000 confls 5951452 constrs 1163 vars
c 1164000 confls 5952452 constrs 1163 vars
c INPROCESSING 5.03915 proptime 760143 prop/sec 11.9442 prop/ca
c 1165000 confls 5943669 constrs 1163 vars
c 1166000 confls 5944669 constrs 1163 vars
c 1167000 confls 5945669 constrs 1163 vars
c 1168000 confls 5946669 constrs 1163 vars
c 1169000 confls 5947669 constrs 1163 vars
c 1170000 confls 5948669 constrs 1163 vars
c 1171000 confls 5949669 constrs 1163 vars
c 1172000 confls 5950669 constrs 1163 vars
c 1173000 confls 5951669 constrs 1163 vars
c INPROCESSING 5.68429 proptime 647305 prop/sec 13.5604 prop/ca
c 1174000 confls 5944415 constrs 1163 vars
c 1175000 confls 5945415 constrs 1163 vars
c 1176000 confls 5946415 constrs 1163 vars
c 1177000 confls 5947415 constrs 1163 vars
c 1178000 confls 5948415 constrs 1163 vars
c 1179000 confls 5949415 constrs 1163 vars
c 1180000 confls 5950415 constrs 1163 vars
c 1181000 confls 5951415 constrs 1163 vars
c 1182000 confls 5952415 constrs 1163 vars
c INPROCESSING 4.49839 proptime 881225 prop/sec 10.8252 prop/ca
c 1183000 confls 5943835 constrs 1163 vars
c 1184000 confls 5944835 constrs 1163 vars
c 1185000 confls 5945835 constrs 1163 vars
c 1186000 confls 5946835 constrs 1163 vars
c 1187000 confls 5947835 constrs 1163 vars
c 1188000 confls 5948835 constrs 1163 vars
c 1189000 confls 5949835 constrs 1163 vars
c 1190000 confls 5950835 constrs 1163 vars
c 1191000 confls 5951835 constrs 1163 vars
c INPROCESSING 4.08647 proptime 1.01481e+06 prop/sec 9.94499 prop/ca
c 1192000 confls 5943377 constrs 1163 vars
c 1193000 confls 5944377 constrs 1163 vars
c 1194000 confls 5945377 constrs 1163 vars
c 1195000 confls 5946377 constrs 1163 vars
c 1196000 confls 5947377 constrs 1163 vars
c 1197000 confls 5948377 constrs 1163 vars
c 1198000 confls 5949377 constrs 1163 vars
c 1199000 confls 5950377 constrs 1163 vars
c 1200000 confls 5951377 constrs 1163 vars
c INPROCESSING 4.79734 proptime 820764 prop/sec 11.1285 prop/ca
c 1201000 confls 5943343 constrs 1163 vars
c 1202000 confls 5944343 constrs 1163 vars
c 1203000 confls 5945343 constrs 1163 vars
c 1204000 confls 5946343 constrs 1163 vars
c 1205000 confls 5947343 constrs 1163 vars
c 1206000 confls 5948343 constrs 1163 vars
c 1207000 confls 5949343 constrs 1163 vars
c 1208000 confls 5950343 constrs 1163 vars
c 1209000 confls 5951343 constrs 1163 vars
c INPROCESSING 4.90431 proptime 791092 prop/sec 11.6435 prop/ca
c 1210000 confls 5943323 constrs 1163 vars
c 1211000 confls 5944323 constrs 1163 vars
c 1212000 confls 5945323 constrs 1163 vars
c 1213000 confls 5946323 constrs 1163 vars
c 1214000 confls 5947323 constrs 1163 vars
c 1215000 confls 5948323 constrs 1163 vars
c 1216000 confls 5949323 constrs 1163 vars
c 1217000 confls 5950323 constrs 1163 vars
c 1218000 confls 5951323 constrs 1163 vars
c INPROCESSING 5.14669 proptime 748712 prop/sec 11.5148 prop/ca
c 1219000 confls 5943389 constrs 1163 vars
c 1220000 confls 5944389 constrs 1163 vars
c 1221000 confls 5945389 constrs 1163 vars
c 1222000 confls 5946389 constrs 1163 vars
c 1223000 confls 5947389 constrs 1163 vars
c 1224000 confls 5948389 constrs 1163 vars
c 1225000 confls 5949389 constrs 1163 vars
c 1226000 confls 5950389 constrs 1163 vars
c 1227000 confls 5951389 constrs 1163 vars
c 1228000 confls 5952389 constrs 1163 vars
c INPROCESSING 4.85988 proptime 726851 prop/sec 12.4132 prop/ca
c 1229000 confls 5944230 constrs 1163 vars
c 1230000 confls 5945230 constrs 1163 vars
c 1231000 confls 5946230 constrs 1163 vars
c 1232000 confls 5947230 constrs 1163 vars
c 1233000 confls 5948230 constrs 1163 vars
c 1234000 confls 5949230 constrs 1163 vars
c 1235000 confls 5950230 constrs 1163 vars
c 1236000 confls 5951230 constrs 1163 vars
c 1237000 confls 5952230 constrs 1163 vars
c INPROCESSING 5.27392 proptime 785213 prop/sec 12.1658 prop/ca
c 1238000 confls 5944495 constrs 1163 vars
c 1239000 confls 5945495 constrs 1163 vars
c 1240000 confls 5946495 constrs 1163 vars
c 1241000 confls 5947495 constrs 1163 vars
c 1242000 confls 5948495 constrs 1163 vars
c 1243000 confls 5949495 constrs 1163 vars
c 1244000 confls 5950495 constrs 1163 vars
c 1245000 confls 5951495 constrs 1163 vars
c 1246000 confls 5952495 constrs 1163 vars
c INPROCESSING 5.56651 proptime 588115 prop/sec 13.2528 prop/ca
c 1247000 confls 5944503 constrs 1163 vars
c 1248000 confls 5945503 constrs 1163 vars
c 1249000 confls 5946503 constrs 1163 vars
c 1250000 confls 5947503 constrs 1163 vars
c 1251000 confls 5948503 constrs 1163 vars
c 1252000 confls 5949503 constrs 1163 vars
c 1253000 confls 5950503 constrs 1163 vars
c 1254000 confls 5951503 constrs 1163 vars
c 1255000 confls 5952503 constrs 1163 vars
c INPROCESSING 5.11457 proptime 734361 prop/sec 12.2978 prop/ca
c 1256000 confls 5944446 constrs 1163 vars
c 1257000 confls 5945446 constrs 1163 vars
c 1258000 confls 5946446 constrs 1163 vars
c 1259000 confls 5947446 constrs 1163 vars
c 1260000 confls 5948446 constrs 1163 vars
c 1261000 confls 5949446 constrs 1163 vars
c 1262000 confls 5950446 constrs 1163 vars
c 1263000 confls 5951446 constrs 1163 vars
c 1264000 confls 5952446 constrs 1163 vars
c INPROCESSING 4.8807 proptime 781527 prop/sec 12.497 prop/ca
c 1265000 confls 5943999 constrs 1163 vars
c 1266000 confls 5944999 constrs 1163 vars
c 1267000 confls 5945999 constrs 1163 vars
c 1268000 confls 5946999 constrs 1163 vars
c 1269000 confls 5947999 constrs 1163 vars
c 1270000 confls 5948999 constrs 1163 vars
c 1271000 confls 5949999 constrs 1163 vars
c 1272000 confls 5950999 constrs 1163 vars
c 1273000 confls 5951999 constrs 1163 vars
c INPROCESSING 4.92794 proptime 776627 prop/sec 12.4469 prop/ca
c 1274000 confls 5943411 constrs 1163 vars
c 1275000 confls 5944411 constrs 1163 vars
c 1276000 confls 5945411 constrs 1163 vars
c 1277000 confls 5946411 constrs 1163 vars
c 1278000 confls 5947411 constrs 1163 vars
c 1279000 confls 5948411 constrs 1163 vars
c 1280000 confls 5949411 constrs 1163 vars
c 1281000 confls 5950411 constrs 1163 vars
c 1282000 confls 5951411 constrs 1163 vars
c INPROCESSING 4.50348 proptime 889270 prop/sec 11.3205 prop/ca
c 1283000 confls 5943370 constrs 1163 vars
c 1284000 confls 5944370 constrs 1163 vars
c 1285000 confls 5945370 constrs 1163 vars
c 1286000 confls 5946370 constrs 1163 vars
c 1287000 confls 5947370 constrs 1163 vars
c 1288000 confls 5948370 constrs 1163 vars
c 1289000 confls 5949370 constrs 1163 vars
c 1290000 confls 5950370 constrs 1163 vars
c 1291000 confls 5951370 constrs 1163 vars
c 1292000 confls 5952370 constrs 1163 vars
c INPROCESSING 4.37595 proptime 731085 prop/sec 12.5045 prop/ca
c 1293000 confls 5944233 constrs 1163 vars
c 1294000 confls 5945233 constrs 1163 vars
c 1295000 confls 5946233 constrs 1163 vars
c 1296000 confls 5947233 constrs 1163 vars
c 1297000 confls 5948233 constrs 1163 vars
c 1298000 confls 5949233 constrs 1163 vars
c 1299000 confls 5950233 constrs 1163 vars
c 1300000 confls 5951233 constrs 1163 vars
c 1301000 confls 5952233 constrs 1163 vars
c INPROCESSING 4.93118 proptime 761187 prop/sec 11.9314 prop/ca
c 1302000 confls 5945201 constrs 1163 vars
c 1303000 confls 5946202 constrs 1163 vars
c 1304000 confls 5947202 constrs 1163 vars
c 1305000 confls 5948202 constrs 1163 vars
c 1306000 confls 5949202 constrs 1163 vars
c 1307000 confls 5950202 constrs 1163 vars
c 1308000 confls 5951203 constrs 1163 vars
c 1309000 confls 5952203 constrs 1163 vars
c 1310000 confls 5953203 constrs 1163 vars
c INPROCESSING 5.05244 proptime 766799 prop/sec 12.0977 prop/ca
c 1311000 confls 5944172 constrs 1163 vars
c 1312000 confls 5945172 constrs 1163 vars
c 1313000 confls 5946172 constrs 1163 vars
c 1314000 confls 5947172 constrs 1163 vars
c 1315000 confls 5948172 constrs 1163 vars
c 1316000 confls 5949172 constrs 1163 vars
c 1317000 confls 5950172 constrs 1163 vars
c 1318000 confls 5951172 constrs 1163 vars
c 1319000 confls 5952172 constrs 1163 vars
c INPROCESSING 5.09796 proptime 774930 prop/sec 11.8956 prop/ca
c 1320000 confls 5943683 constrs 1163 vars
c 1321000 confls 5944683 constrs 1163 vars
c 1322000 confls 5945683 constrs 1163 vars
c 1323000 confls 5946683 constrs 1163 vars
c 1324000 confls 5947683 constrs 1163 vars
c 1325000 confls 5948683 constrs 1163 vars
c 1326000 confls 5949683 constrs 1163 vars
c 1327000 confls 5950683 constrs 1163 vars
c 1328000 confls 5951683 constrs 1163 vars
c INPROCESSING 5.4501 proptime 670753 prop/sec 12.6407 prop/ca
c 1329000 confls 5943879 constrs 1163 vars
c 1330000 confls 5944879 constrs 1163 vars
c 1331000 confls 5945879 constrs 1163 vars
c 1332000 confls 5946879 constrs 1163 vars
c 1333000 confls 5947879 constrs 1163 vars
c 1334000 confls 5948879 constrs 1163 vars
c 1335000 confls 5949879 constrs 1163 vars
c 1336000 confls 5950879 constrs 1163 vars
c 1337000 confls 5951879 constrs 1163 vars
c INPROCESSING 4.4553 proptime 891601 prop/sec 11.344 prop/ca
c 1338000 confls 5943393 constrs 1163 vars
c 1339000 confls 5944393 constrs 1163 vars
c 1340000 confls 5945393 constrs 1163 vars
c 1341000 confls 5946393 constrs 1163 vars
c 1342000 confls 5947393 constrs 1163 vars
c 1343000 confls 5948393 constrs 1163 vars
c 1344000 confls 5949393 constrs 1163 vars
c 1345000 confls 5950393 constrs 1163 vars
c 1346000 confls 5951393 constrs 1163 vars
c 1347000 confls 5952393 constrs 1163 vars
c INPROCESSING 5.88027 proptime 712295 prop/sec 10.8662 prop/ca
c 1348000 confls 5944272 constrs 1163 vars
c 1349000 confls 5945272 constrs 1163 vars
c 1350000 confls 5946272 constrs 1163 vars
c 1351000 confls 5947272 constrs 1163 vars
c 1352000 confls 5948272 constrs 1163 vars
c 1353000 confls 5949272 constrs 1163 vars
c 1354000 confls 5950272 constrs 1163 vars
c 1355000 confls 5951272 constrs 1163 vars
c 1356000 confls 5952272 constrs 1163 vars
c INPROCESSING 4.59857 proptime 845353 prop/sec 9.93 prop/ca
c 1357000 confls 5943972 constrs 1163 vars
c 1358000 confls 5944972 constrs 1163 vars
c 1359000 confls 5945972 constrs 1163 vars
c 1360000 confls 5946972 constrs 1163 vars
c 1361000 confls 5947972 constrs 1163 vars
c 1362000 confls 5948972 constrs 1163 vars
c 1363000 confls 5949972 constrs 1163 vars
c 1364000 confls 5950972 constrs 1163 vars
c 1365000 confls 5951972 constrs 1163 vars
c INPROCESSING 5.38847 proptime 713424 prop/sec 12.8461 prop/ca
c 1366000 confls 5944241 constrs 1163 vars
c 1367000 confls 5945241 constrs 1163 vars
c 1368000 confls 5946241 constrs 1163 vars
c 1369000 confls 5947241 constrs 1163 vars
c 1370000 confls 5948241 constrs 1163 vars
c 1371000 confls 5949241 constrs 1163 vars
c 1372000 confls 5950241 constrs 1163 vars
c 1373000 confls 5951241 constrs 1163 vars
c 1374000 confls 5952241 constrs 1163 vars
c INPROCESSING 5.12205 proptime 767559 prop/sec 11.1334 prop/ca
c 1375000 confls 5944121 constrs 1163 vars
c 1376000 confls 5945121 constrs 1163 vars
c 1377000 confls 5946121 constrs 1163 vars
c 1378000 confls 5947121 constrs 1163 vars
c 1379000 confls 5948121 constrs 1163 vars
c 1380000 confls 5949121 constrs 1163 vars
c 1381000 confls 5950121 constrs 1163 vars
c 1382000 confls 5951121 constrs 1163 vars
c 1383000 confls 5952121 constrs 1163 vars
c INPROCESSING 4.97196 proptime 817193 prop/sec 10.4009 prop/ca
c 1384000 confls 5943326 constrs 1163 vars
c 1385000 confls 5944326 constrs 1163 vars
c 1386000 confls 5945326 constrs 1163 vars
c 1387000 confls 5946326 constrs 1163 vars
c 1388000 confls 5947326 constrs 1163 vars
c 1389000 confls 5948326 constrs 1163 vars
c 1390000 confls 5949326 constrs 1163 vars
c 1391000 confls 5950326 constrs 1163 vars
c 1392000 confls 5951326 constrs 1163 vars
c 1393000 confls 5952326 constrs 1163 vars
c INPROCESSING 4.8389 proptime 823725 prop/sec 11.8721 prop/ca
c 1394000 confls 5944462 constrs 1163 vars
c 1395000 confls 5945462 constrs 1163 vars
c 1396000 confls 5946462 constrs 1163 vars
c 1397000 confls 5947462 constrs 1163 vars
c 1398000 confls 5948462 constrs 1163 vars
c 1399000 confls 5949462 constrs 1163 vars
c 1400000 confls 5950462 constrs 1163 vars
c 1401000 confls 5951462 constrs 1163 vars
c 1402000 confls 5952462 constrs 1163 vars
c INPROCESSING 5.19523 proptime 735117 prop/sec 11.4661 prop/ca
c 1403000 confls 5943965 constrs 1163 vars
c 1404000 confls 5944965 constrs 1163 vars
c 1405000 confls 5945965 constrs 1163 vars
c 1406000 confls 5946965 constrs 1163 vars
c 1407000 confls 5947965 constrs 1163 vars
c 1408000 confls 5948965 constrs 1163 vars
c 1409000 confls 5949965 constrs 1163 vars
c 1410000 confls 5950965 constrs 1163 vars
c 1411000 confls 5951965 constrs 1163 vars
c INPROCESSING 4.77384 proptime 807960 prop/sec 12.0928 prop/ca
c 1412000 confls 5944060 constrs 1163 vars
c 1413000 confls 5945060 constrs 1163 vars
c 1414000 confls 5946060 constrs 1163 vars
c 1415000 confls 5947060 constrs 1163 vars
c 1416000 confls 5948060 constrs 1163 vars
c 1417000 confls 5949060 constrs 1163 vars
c 1418000 confls 5950060 constrs 1163 vars
c 1419000 confls 5951060 constrs 1163 vars
c 1420000 confls 5952060 constrs 1163 vars
c INPROCESSING 5.12208 proptime 762218 prop/sec 11.8942 prop/ca
c 1421000 confls 5943948 constrs 1163 vars
c 1422000 confls 5944948 constrs 1163 vars
c 1423000 confls 5945948 constrs 1163 vars
c 1424000 confls 5946948 constrs 1163 vars
c 1425000 confls 5947948 constrs 1163 vars
c 1426000 confls 5948948 constrs 1163 vars
c 1427000 confls 5949948 constrs 1163 vars
c 1428000 confls 5950948 constrs 1163 vars
c 1429000 confls 5951948 constrs 1163 vars
c 1430000 confls 5952948 constrs 1163 vars
c INPROCESSING 4.51567 proptime 889231 prop/sec 10.9696 prop/ca
c 1431000 confls 5944218 constrs 1163 vars
c 1432000 confls 5945218 constrs 1163 vars
c 1433000 confls 5946218 constrs 1163 vars
c 1434000 confls 5947218 constrs 1163 vars
c 1435000 confls 5948218 constrs 1163 vars
c 1436000 confls 5949218 constrs 1163 vars
c 1437000 confls 5950218 constrs 1163 vars
c 1438000 confls 5951218 constrs 1163 vars
c 1439000 confls 5952218 constrs 1163 vars
c INPROCESSING 4.6228 proptime 854122 prop/sec 11.8689 prop/ca
c 1440000 confls 5944250 constrs 1163 vars
c 1441000 confls 5945250 constrs 1163 vars
c 1442000 confls 5946250 constrs 1163 vars
c 1443000 confls 5947250 constrs 1163 vars
c 1444000 confls 5948250 constrs 1163 vars
c 1445000 confls 5949250 constrs 1163 vars
c 1446000 confls 5950250 constrs 1163 vars
c 1447000 confls 5951250 constrs 1163 vars
c 1448000 confls 5952250 constrs 1163 vars
c INPROCESSING 4.98323 proptime 712519 prop/sec 13.186 prop/ca
c 1449000 confls 5944200 constrs 1163 vars
c 1450000 confls 5945200 constrs 1163 vars
c 1451000 confls 5946200 constrs 1163 vars
c 1452000 confls 5947200 constrs 1163 vars
c 1453000 confls 5948200 constrs 1163 vars
c 1454000 confls 5949200 constrs 1163 vars
c 1455000 confls 5950200 constrs 1163 vars
c 1456000 confls 5951200 constrs 1163 vars
c 1457000 confls 5952200 constrs 1163 vars
c INPROCESSING 5.36619 proptime 584478 prop/sec 15.2639 prop/ca
c 1458000 confls 5944866 constrs 1163 vars
c 1459000 confls 5945866 constrs 1163 vars
c 1460000 confls 5946866 constrs 1162 vars
c 1461000 confls 5947866 constrs 1162 vars
c 1462000 confls 5948866 constrs 1162 vars
c 1463000 confls 5949866 constrs 1162 vars
c 1464000 confls 5950866 constrs 1162 vars
c 1465000 confls 5951866 constrs 1162 vars
c 1466000 confls 5952866 constrs 1162 vars
c 1467000 confls 5953866 constrs 1162 vars
c INPROCESSING 5.99637 proptime 561615 prop/sec 14.9002 prop/ca
c 1468000 confls 5872523 constrs 1160 vars
c 1469000 confls 5873523 constrs 1160 vars
c 1470000 confls 5874523 constrs 1160 vars
c 1471000 confls 5875523 constrs 1160 vars
c 1472000 confls 5876523 constrs 1160 vars
c 1473000 confls 5877523 constrs 1160 vars
c 1474000 confls 5878523 constrs 1160 vars
c 1475000 confls 5879523 constrs 1160 vars
c 1476000 confls 5880523 constrs 1160 vars
c INPROCESSING 5.3956 proptime 765967 prop/sec 12.1699 prop/ca
c 1477000 confls 5512859 constrs 1160 vars
c 1478000 confls 5513859 constrs 1160 vars
c 1479000 confls 5514859 constrs 1160 vars
c 1480000 confls 5515859 constrs 1160 vars
c 1481000 confls 5516859 constrs 1160 vars
c 1482000 confls 5517859 constrs 1160 vars
c 1483000 confls 5518859 constrs 1160 vars
c 1484000 confls 5519859 constrs 1160 vars
c 1485000 confls 5520859 constrs 1160 vars
c INPROCESSING 3.93884 proptime 1.03715e+06 prop/sec 9.66959 prop/ca
c 1486000 confls 5511494 constrs 1160 vars
c 1487000 confls 5512494 constrs 1160 vars
c 1488000 confls 5513494 constrs 1160 vars
c 1489000 confls 5514494 constrs 1160 vars
c 1490000 confls 5515494 constrs 1160 vars
c 1491000 confls 5516494 constrs 1160 vars
c 1492000 confls 5517494 constrs 1160 vars
c 1493000 confls 5518494 constrs 1160 vars
c 1494000 confls 5519494 constrs 1160 vars
c INPROCESSING 4.58978 proptime 869460 prop/sec 11.9648 prop/ca
c 1495000 confls 5511738 constrs 1160 vars
c 1496000 confls 5512738 constrs 1160 vars
c 1497000 confls 5513738 constrs 1160 vars
c 1498000 confls 5514738 constrs 1160 vars
c 1499000 confls 5515738 constrs 1160 vars
c 1500000 confls 5516738 constrs 1160 vars
c 1501000 confls 5517738 constrs 1160 vars
c 1502000 confls 5518738 constrs 1160 vars
c 1503000 confls 5519738 constrs 1160 vars
c 1504000 confls 5520738 constrs 1160 vars
c INPROCESSING 4.52073 proptime 840907 prop/sec 11.7025 prop/ca
c 1505000 confls 5512349 constrs 1160 vars
c 1506000 confls 5513349 constrs 1160 vars
c 1507000 confls 5514349 constrs 1160 vars
c 1508000 confls 5515349 constrs 1160 vars
c 1509000 confls 5516349 constrs 1160 vars
c 1510000 confls 5517349 constrs 1160 vars
c 1511000 confls 5518349 constrs 1160 vars
c 1512000 confls 5519349 constrs 1160 vars
c 1513000 confls 5520349 constrs 1160 vars
c INPROCESSING 5.67618 proptime 687675 prop/sec 12.6878 prop/ca
c 1514000 confls 5512571 constrs 1160 vars
c 1515000 confls 5513571 constrs 1160 vars
c 1516000 confls 5514571 constrs 1160 vars
c 1517000 confls 5515571 constrs 1160 vars
c 1518000 confls 5516571 constrs 1160 vars
c 1519000 confls 5517571 constrs 1160 vars
c 1520000 confls 5518571 constrs 1160 vars
c 1521000 confls 5519571 constrs 1160 vars
c 1522000 confls 5520571 constrs 1160 vars
c INPROCESSING 5.02254 proptime 798712 prop/sec 12.2589 prop/ca
c 1523000 confls 5511679 constrs 1160 vars
c 1524000 confls 5512679 constrs 1160 vars
c 1525000 confls 5513679 constrs 1160 vars
c 1526000 confls 5514679 constrs 1160 vars
c 1527000 confls 5515679 constrs 1160 vars
c 1528000 confls 5516679 constrs 1160 vars
c 1529000 confls 5517679 constrs 1160 vars
c 1530000 confls 5518679 constrs 1160 vars
c 1531000 confls 5519679 constrs 1160 vars
c INPROCESSING 4.3897 proptime 905024 prop/sec 11.039 prop/ca
c 1532000 confls 5511439 constrs 1160 vars
c 1533000 confls 5512439 constrs 1160 vars
c 1534000 confls 5513439 constrs 1160 vars
c 1535000 confls 5514439 constrs 1160 vars
c 1536000 confls 5515439 constrs 1160 vars
c 1537000 confls 5516439 constrs 1160 vars
c 1538000 confls 5517439 constrs 1160 vars
c 1539000 confls 5518439 constrs 1160 vars
c 1540000 confls 5519439 constrs 1160 vars
c 1541000 confls 5520439 constrs 1160 vars
c INPROCESSING 5.28651 proptime 713675 prop/sec 13.3407 prop/ca
c 1542000 confls 5512378 constrs 1160 vars
c 1543000 confls 5513378 constrs 1160 vars
c 1544000 confls 5514378 constrs 1160 vars
c 1545000 confls 5515378 constrs 1160 vars
c 1546000 confls 5516378 constrs 1160 vars
c 1547000 confls 5517378 constrs 1160 vars
c 1548000 confls 5518378 constrs 1160 vars
c 1549000 confls 5519378 constrs 1160 vars
c 1550000 confls 5520378 constrs 1160 vars
c INPROCESSING 5.01871 proptime 758206 prop/sec 12.4613 prop/ca
c 1551000 confls 5511994 constrs 1160 vars
c 1552000 confls 5512994 constrs 1160 vars
c 1553000 confls 5513994 constrs 1160 vars
c 1554000 confls 5514994 constrs 1160 vars
c 1555000 confls 5515994 constrs 1160 vars
c 1556000 confls 5516994 constrs 1160 vars
c 1557000 confls 5517994 constrs 1160 vars
c 1558000 confls 5518994 constrs 1160 vars
c 1559000 confls 5519994 constrs 1160 vars
c INPROCESSING 5.61911 proptime 687486 prop/sec 12.6153 prop/ca
c 1560000 confls 5511640 constrs 1160 vars
c 1561000 confls 5512640 constrs 1160 vars
c 1562000 confls 5513640 constrs 1160 vars
c 1563000 confls 5514640 constrs 1160 vars
c 1564000 confls 5515640 constrs 1160 vars
c 1565000 confls 5516640 constrs 1160 vars
c 1566000 confls 5517640 constrs 1160 vars
c 1567000 confls 5518640 constrs 1160 vars
c 1568000 confls 5519640 constrs 1160 vars
c 1569000 confls 5520640 constrs 1160 vars
c INPROCESSING 5.11542 proptime 802635 prop/sec 12.1134 prop/ca
c 1570000 confls 5512208 constrs 1160 vars
c 1571000 confls 5513208 constrs 1160 vars
c 1572000 confls 5514208 constrs 1160 vars
c 1573000 confls 5515208 constrs 1160 vars
c 1574000 confls 5516208 constrs 1160 vars
c 1575000 confls 5517208 constrs 1160 vars
c 1576000 confls 5518208 constrs 1160 vars
c 1577000 confls 5519208 constrs 1160 vars
c 1578000 confls 5520208 constrs 1160 vars
c INPROCESSING 5.39028 proptime 793435 prop/sec 11.7055 prop/ca
c 1579000 confls 5511533 constrs 1160 vars
c 1580000 confls 5512533 constrs 1160 vars
c 1581000 confls 5513533 constrs 1160 vars
c 1582000 confls 5514533 constrs 1160 vars
c 1583000 confls 5515533 constrs 1160 vars
c 1584000 confls 5516533 constrs 1160 vars
c 1585000 confls 5517533 constrs 1160 vars
c 1586000 confls 5518533 constrs 1160 vars
c 1587000 confls 5519533 constrs 1160 vars
c INPROCESSING 4.82156 proptime 860482 prop/sec 11.7297 prop/ca
c 1588000 confls 5511873 constrs 1160 vars
c 1589000 confls 5512873 constrs 1160 vars
c 1590000 confls 5513873 constrs 1160 vars
c 1591000 confls 5514873 constrs 1160 vars
c 1592000 confls 5515873 constrs 1160 vars
c 1593000 confls 5516873 constrs 1160 vars
c 1594000 confls 5517873 constrs 1160 vars
c 1595000 confls 5518873 constrs 1160 vars
c 1596000 confls 5519873 constrs 1160 vars
c 1597000 confls 5520873 constrs 1160 vars
c INPROCESSING 4.71171 proptime 871924 prop/sec 11.5285 prop/ca
c 1598000 confls 5512262 constrs 1160 vars
c 1599000 confls 5513262 constrs 1160 vars
c 1600000 confls 5514262 constrs 1160 vars
c 1601000 confls 5515262 constrs 1160 vars
c 1602000 confls 5516262 constrs 1160 vars
c 1603000 confls 5517262 constrs 1160 vars
c 1604000 confls 5518262 constrs 1160 vars
c 1605000 confls 5519262 constrs 1160 vars
c 1606000 confls 5520262 constrs 1160 vars
c INPROCESSING 4.64007 proptime 829099 prop/sec 11.5725 prop/ca
c 1607000 confls 5512256 constrs 1160 vars
c 1608000 confls 5513256 constrs 1160 vars
c 1609000 confls 5514256 constrs 1160 vars
c 1610000 confls 5515256 constrs 1160 vars
c 1611000 confls 5516256 constrs 1160 vars
c 1612000 confls 5517256 constrs 1160 vars
c 1613000 confls 5518256 constrs 1160 vars
c 1614000 confls 5519256 constrs 1160 vars
c 1615000 confls 5520256 constrs 1160 vars
c INPROCESSING 5.05485 proptime 810142 prop/sec 12.2307 prop/ca
c 1616000 confls 5511705 constrs 1160 vars
c 1617000 confls 5512705 constrs 1160 vars
c 1618000 confls 5513705 constrs 1160 vars
c 1619000 confls 5514705 constrs 1160 vars
c 1620000 confls 5515705 constrs 1160 vars
c 1621000 confls 5516705 constrs 1160 vars
c 1622000 confls 5517705 constrs 1160 vars
c 1623000 confls 5518705 constrs 1160 vars
c 1624000 confls 5519705 constrs 1160 vars
c INPROCESSING 5.50376 proptime 748939 prop/sec 11.5041 prop/ca
c 1625000 confls 5511049 constrs 1160 vars
c 1626000 confls 5512049 constrs 1160 vars
c 1627000 confls 5513049 constrs 1160 vars
c 1628000 confls 5514049 constrs 1160 vars
c 1629000 confls 5515049 constrs 1160 vars
c 1630000 confls 5516049 constrs 1160 vars
c 1631000 confls 5517049 constrs 1160 vars
c 1632000 confls 5518049 constrs 1160 vars
c 1633000 confls 5519049 constrs 1160 vars
c 1634000 confls 5520049 constrs 1160 vars
c INPROCESSING 4.49739 proptime 929831 prop/sec 8.53906 prop/ca
c 1635000 confls 5512130 constrs 1160 vars
c 1636000 confls 5513130 constrs 1160 vars
c 1637000 confls 5514130 constrs 1160 vars
c 1638000 confls 5515130 constrs 1160 vars
c 1639000 confls 5516130 constrs 1160 vars
c 1640000 confls 5517130 constrs 1160 vars
c 1641000 confls 5518130 constrs 1160 vars
c 1642000 confls 5519130 constrs 1160 vars
c 1643000 confls 5520130 constrs 1160 vars
c INPROCESSING 5.36305 proptime 683483 prop/sec 13.6459 prop/ca
c 1644000 confls 5511585 constrs 1160 vars
c 1645000 confls 5512585 constrs 1160 vars
c 1646000 confls 5513585 constrs 1160 vars
c 1647000 confls 5514585 constrs 1160 vars
c 1648000 confls 5515585 constrs 1160 vars
c 1649000 confls 5516585 constrs 1160 vars
c 1650000 confls 5517585 constrs 1160 vars
c 1651000 confls 5518585 constrs 1160 vars
c 1652000 confls 5519585 constrs 1160 vars
c 1653000 confls 5520585 constrs 1160 vars
c INPROCESSING 6.64849 proptime 626356 prop/sec 12.517 prop/ca
c 1654000 confls 5512585 constrs 1160 vars
c 1655000 confls 5513585 constrs 1160 vars
c 1656000 confls 5514585 constrs 1160 vars
c 1657000 confls 5515585 constrs 1160 vars
c 1658000 confls 5516585 constrs 1160 vars
c 1659000 confls 5517585 constrs 1160 vars
c 1660000 confls 5518585 constrs 1160 vars
c 1661000 confls 5519585 constrs 1160 vars
c 1662000 confls 5520585 constrs 1160 vars
c INPROCESSING 4.63812 proptime 850555 prop/sec 10.737 prop/ca
c 1663000 confls 5512138 constrs 1160 vars
c 1664000 confls 5513138 constrs 1160 vars
c 1665000 confls 5514138 constrs 1160 vars
c 1666000 confls 5515138 constrs 1160 vars
c 1667000 confls 5516138 constrs 1160 vars
c 1668000 confls 5517138 constrs 1160 vars
c 1669000 confls 5518138 constrs 1160 vars
c 1670000 confls 5519138 constrs 1160 vars
c 1671000 confls 5520138 constrs 1160 vars
c INPROCESSING 5.06425 proptime 779214 prop/sec 11.4387 prop/ca
c 1672000 confls 5512061 constrs 1160 vars
c 1673000 confls 5513061 constrs 1160 vars
c 1674000 confls 5514061 constrs 1160 vars
c 1675000 confls 5515061 constrs 1160 vars
c 1676000 confls 5516061 constrs 1160 vars
c 1677000 confls 5517061 constrs 1160 vars
c 1678000 confls 5518061 constrs 1160 vars
c 1679000 confls 5519061 constrs 1160 vars
c 1680000 confls 5520061 constrs 1160 vars
c 1681000 confls 5521061 constrs 1160 vars
c INPROCESSING 4.59725 proptime 853699 prop/sec 12.3795 prop/ca
c 1682000 confls 5512468 constrs 1160 vars
c 1683000 confls 5513468 constrs 1160 vars
c 1684000 confls 5514468 constrs 1160 vars
c 1685000 confls 5515468 constrs 1160 vars
c 1686000 confls 5516468 constrs 1160 vars
c 1687000 confls 5517468 constrs 1160 vars
c 1688000 confls 5518468 constrs 1160 vars
c 1689000 confls 5519468 constrs 1160 vars
c 1690000 confls 5520468 constrs 1160 vars
c INPROCESSING 5.15096 proptime 733973 prop/sec 12.4529 prop/ca
c 1691000 confls 5512200 constrs 1160 vars
c 1692000 confls 5513200 constrs 1160 vars
c 1693000 confls 5514200 constrs 1160 vars
c 1694000 confls 5515200 constrs 1160 vars
c 1695000 confls 5516200 constrs 1160 vars
c 1696000 confls 5517200 constrs 1160 vars
c 1697000 confls 5518200 constrs 1160 vars
c 1698000 confls 5519200 constrs 1160 vars
c 1699000 confls 5520200 constrs 1160 vars
c INPROCESSING 5.20474 proptime 688035 prop/sec 13.1124 prop/ca
c 1700000 confls 5512215 constrs 1160 vars
c 1701000 confls 5513215 constrs 1160 vars
c 1702000 confls 5514215 constrs 1160 vars
c 1703000 confls 5515215 constrs 1160 vars
c 1704000 confls 5516215 constrs 1160 vars
c 1705000 confls 5517215 constrs 1160 vars
c 1706000 confls 5518215 constrs 1160 vars
c 1707000 confls 5519215 constrs 1160 vars
c 1708000 confls 5520215 constrs 1160 vars
c 1709000 confls 5521215 constrs 1160 vars
c INPROCESSING 4.7034 proptime 880844 prop/sec 11.22 prop/ca
c 1710000 confls 5512305 constrs 1160 vars
c 1711000 confls 5513305 constrs 1160 vars
c 1712000 confls 5514305 constrs 1160 vars
c 1713000 confls 5515305 constrs 1160 vars
c 1714000 confls 5516305 constrs 1160 vars
c 1715000 confls 5517305 constrs 1160 vars
c 1716000 confls 5518305 constrs 1160 vars
c 1717000 confls 5519305 constrs 1160 vars
c 1718000 confls 5520305 constrs 1160 vars
c INPROCESSING 4.55246 proptime 814712 prop/sec 11.8143 prop/ca
c 1719000 confls 5511849 constrs 1160 vars
c 1720000 confls 5512849 constrs 1160 vars
c 1721000 confls 5513849 constrs 1160 vars
c 1722000 confls 5514849 constrs 1160 vars
c 1723000 confls 5515849 constrs 1160 vars
c 1724000 confls 5516849 constrs 1160 vars
c 1725000 confls 5517849 constrs 1160 vars
c 1726000 confls 5518849 constrs 1160 vars
c 1727000 confls 5519849 constrs 1160 vars
c INPROCESSING 5.26283 proptime 750613 prop/sec 12.9127 prop/ca
c 1728000 confls 5511931 constrs 1160 vars
c 1729000 confls 5512931 constrs 1160 vars
c 1730000 confls 5513931 constrs 1160 vars
c 1731000 confls 5514931 constrs 1160 vars
c 1732000 confls 5515931 constrs 1160 vars
c 1733000 confls 5516931 constrs 1160 vars
c 1734000 confls 5517931 constrs 1160 vars
c 1735000 confls 5518931 constrs 1160 vars
c 1736000 confls 5519931 constrs 1160 vars
c 1737000 confls 5520931 constrs 1160 vars
c INPROCESSING 5.02017 proptime 753594 prop/sec 12.5063 prop/ca
c 1738000 confls 5512043 constrs 1160 vars
c 1739000 confls 5513043 constrs 1160 vars
c 1740000 confls 5514043 constrs 1160 vars
c 1741000 confls 5515043 constrs 1160 vars
c 1742000 confls 5516043 constrs 1160 vars
c 1743000 confls 5517043 constrs 1160 vars
c 1744000 confls 5518043 constrs 1160 vars
c 1745000 confls 5519043 constrs 1160 vars
c 1746000 confls 5520043 constrs 1160 vars
c INPROCESSING 5.14799 proptime 761263 prop/sec 12.7268 prop/ca
c 1747000 confls 5511949 constrs 1160 vars
c 1748000 confls 5512949 constrs 1160 vars
c 1749000 confls 5513949 constrs 1160 vars
c 1750000 confls 5514949 constrs 1160 vars
c 1751000 confls 5515949 constrs 1160 vars
c 1752000 confls 5516949 constrs 1160 vars
c 1753000 confls 5517949 constrs 1160 vars
c 1754000 confls 5518949 constrs 1159 vars
c 1755000 confls 5519949 constrs 1159 vars
c INPROCESSING 5.3044 proptime 712056 prop/sec 12.6304 prop/ca
c 1756000 confls 5439070 constrs 1159 vars
c 1757000 confls 5440070 constrs 1159 vars
c 1758000 confls 5441070 constrs 1159 vars
c 1759000 confls 5442070 constrs 1159 vars
c 1760000 confls 5443070 constrs 1159 vars
c 1761000 confls 5444070 constrs 1159 vars
c 1762000 confls 5445070 constrs 1159 vars
c 1763000 confls 5446070 constrs 1159 vars
c 1764000 confls 5447070 constrs 1159 vars
c 1765000 confls 5448070 constrs 1159 vars
c INPROCESSING 4.78125 proptime 879380 prop/sec 11.4778 prop/ca
c 1766000 confls 5440119 constrs 1159 vars
c 1767000 confls 5441119 constrs 1159 vars
c 1768000 confls 5442119 constrs 1159 vars
c 1769000 confls 5443119 constrs 1159 vars
c 1770000 confls 5444119 constrs 1159 vars
c 1771000 confls 5445119 constrs 1159 vars
c 1772000 confls 5446119 constrs 1159 vars
c 1773000 confls 5447119 constrs 1159 vars
c 1774000 confls 5448119 constrs 1159 vars
c INPROCESSING 4.69223 proptime 820984 prop/sec 10.7916 prop/ca
c 1775000 confls 5439358 constrs 1159 vars
c 1776000 confls 5440358 constrs 1159 vars
c 1777000 confls 5441358 constrs 1159 vars
c 1778000 confls 5442358 constrs 1159 vars
c 1779000 confls 5443358 constrs 1159 vars
c 1780000 confls 5444358 constrs 1159 vars
c 1781000 confls 5445358 constrs 1159 vars
c 1782000 confls 5446358 constrs 1159 vars
c 1783000 confls 5447358 constrs 1159 vars
c 1784000 confls 5448358 constrs 1159 vars
c INPROCESSING 5.15108 proptime 711034 prop/sec 13.3856 prop/ca
c 1785000 confls 5440376 constrs 1159 vars
c 1786000 confls 5441376 constrs 1159 vars
c 1787000 confls 5442376 constrs 1159 vars
c 1788000 confls 5443376 constrs 1159 vars
c 1789000 confls 5444376 constrs 1159 vars
c 1790000 confls 5445376 constrs 1159 vars
c 1791000 confls 5446376 constrs 1159 vars
c 1792000 confls 5447376 constrs 1159 vars
c 1793000 confls 5448376 constrs 1159 vars
c INPROCESSING 5.08007 proptime 743718 prop/sec 12.8114 prop/ca
c 1794000 confls 5439988 constrs 1159 vars
c 1795000 confls 5440988 constrs 1159 vars
c 1796000 confls 5441988 constrs 1159 vars
c 1797000 confls 5442988 constrs 1159 vars
c 1798000 confls 5443988 constrs 1159 vars
c 1799000 confls 5444988 constrs 1159 vars
c 1800000 confls 5445988 constrs 1159 vars
c 1801000 confls 5446988 constrs 1159 vars
c 1802000 confls 5447988 constrs 1159 vars
c INPROCESSING 5.21728 proptime 716290 prop/sec 14.0009 prop/ca
c 1803000 confls 5439848 constrs 1159 vars
c 1804000 confls 5440848 constrs 1159 vars
c 1805000 confls 5441848 constrs 1159 vars
c 1806000 confls 5442848 constrs 1159 vars
c 1807000 confls 5443848 constrs 1159 vars
c 1808000 confls 5444848 constrs 1159 vars
c 1809000 confls 5445848 constrs 1159 vars
c 1810000 confls 5446848 constrs 1159 vars
c 1811000 confls 5447848 constrs 1159 vars
c 1812000 confls 5448848 constrs 1159 vars
c INPROCESSING 5.06289 proptime 673015 prop/sec 14.2478 prop/ca
c 1813000 confls 5440476 constrs 1159 vars
c 1814000 confls 5441476 constrs 1159 vars
c 1815000 confls 5442476 constrs 1159 vars
c 1816000 confls 5443476 constrs 1159 vars
c 1817000 confls 5444476 constrs 1159 vars
c 1818000 confls 5445476 constrs 1159 vars
c 1819000 confls 5446476 constrs 1159 vars
c 1820000 confls 5447476 constrs 1159 vars
c 1821000 confls 5448476 constrs 1159 vars
c INPROCESSING 6.00662 proptime 705762 prop/sec 13.3328 prop/ca
c 1822000 confls 5440156 constrs 1159 vars
c 1823000 confls 5441156 constrs 1159 vars
c 1824000 confls 5442156 constrs 1159 vars
c 1825000 confls 5443156 constrs 1159 vars
c 1826000 confls 5444156 constrs 1159 vars
c 1827000 confls 5445156 constrs 1159 vars
c 1828000 confls 5446156 constrs 1159 vars
c 1829000 confls 5447156 constrs 1159 vars
c 1830000 confls 5448156 constrs 1159 vars
c 1831000 confls 5449156 constrs 1159 vars
c INPROCESSING 5.01756 proptime 778607 prop/sec 13.5293 prop/ca
c 1832000 confls 5440156 constrs 1159 vars
c 1833000 confls 5441156 constrs 1159 vars
c 1834000 confls 5442156 constrs 1159 vars
c 1835000 confls 5443156 constrs 1159 vars
c 1836000 confls 5444156 constrs 1159 vars
c 1837000 confls 5445156 constrs 1159 vars
c 1838000 confls 5446156 constrs 1159 vars
c 1839000 confls 5447156 constrs 1159 vars
c 1840000 confls 5448156 constrs 1159 vars
c INPROCESSING 4.92147 proptime 765293 prop/sec 13.806 prop/ca
c 1841000 confls 5440308 constrs 1159 vars
c 1842000 confls 5441308 constrs 1159 vars
c 1843000 confls 5442308 constrs 1159 vars
c 1844000 confls 5443308 constrs 1159 vars
c 1845000 confls 5444308 constrs 1159 vars
c 1846000 confls 5445308 constrs 1159 vars
c 1847000 confls 5446308 constrs 1159 vars
c 1848000 confls 5447308 constrs 1159 vars
c 1849000 confls 5448308 constrs 1159 vars
c 1850000 confls 5449308 constrs 1159 vars
c INPROCESSING 5.28132 proptime 756801 prop/sec 13.3143 prop/ca
c 1851000 confls 5440661 constrs 1159 vars
c 1852000 confls 5441661 constrs 1159 vars
c 1853000 confls 5442661 constrs 1159 vars
c 1854000 confls 5443661 constrs 1159 vars
c 1855000 confls 5444661 constrs 1159 vars
c 1856000 confls 5445661 constrs 1159 vars
c 1857000 confls 5446661 constrs 1159 vars
c 1858000 confls 5447661 constrs 1159 vars
c 1859000 confls 5448661 constrs 1159 vars
c INPROCESSING 4.53973 proptime 710622 prop/sec 13.0258 prop/ca
c 1860000 confls 5440113 constrs 1159 vars
c 1861000 confls 5441113 constrs 1159 vars
c 1862000 confls 5442113 constrs 1159 vars
c 1863000 confls 5443113 constrs 1159 vars
c 1864000 confls 5444113 constrs 1159 vars
c 1865000 confls 5445113 constrs 1159 vars
c 1866000 confls 5446113 constrs 1159 vars
c 1867000 confls 5447113 constrs 1159 vars
c 1868000 confls 5448113 constrs 1159 vars
c INPROCESSING 5.23006 proptime 741501 prop/sec 12.1294 prop/ca
c 1869000 confls 5439878 constrs 1159 vars
c 1870000 confls 5440878 constrs 1159 vars
c 1871000 confls 5441878 constrs 1159 vars
c 1872000 confls 5442878 constrs 1159 vars
c 1873000 confls 5443878 constrs 1159 vars
c 1874000 confls 5444878 constrs 1159 vars
c 1875000 confls 5445878 constrs 1159 vars
c 1876000 confls 5446878 constrs 1159 vars
c 1877000 confls 5447878 constrs 1159 vars
c 1878000 confls 5448878 constrs 1159 vars
c INPROCESSING 4.88767 proptime 776956 prop/sec 11.5153 prop/ca
c 1879000 confls 5440310 constrs 1159 vars
c 1880000 confls 5441310 constrs 1159 vars
c 1881000 confls 5442310 constrs 1159 vars
c 1882000 confls 5443310 constrs 1159 vars
c 1883000 confls 5444310 constrs 1159 vars
c 1884000 confls 5445310 constrs 1159 vars
c 1885000 confls 5446310 constrs 1159 vars
c 1886000 confls 5447310 constrs 1159 vars
c 1887000 confls 5448310 constrs 1159 vars
c INPROCESSING 5.03427 proptime 793324 prop/sec 9.44216 prop/ca
c 1888000 confls 5439585 constrs 1159 vars
c 1889000 confls 5440585 constrs 1159 vars
c 1890000 confls 5441585 constrs 1159 vars
c 1891000 confls 5442585 constrs 1159 vars
c 1892000 confls 5443585 constrs 1159 vars
c 1893000 confls 5444585 constrs 1159 vars
c 1894000 confls 5445585 constrs 1159 vars
c 1895000 confls 5446585 constrs 1159 vars
c 1896000 confls 5447585 constrs 1159 vars
c 1897000 confls 5448585 constrs 1159 vars
c INPROCESSING 4.95199 proptime 812714 prop/sec 10.6334 prop/ca
c 1898000 confls 5440260 constrs 1159 vars
c 1899000 confls 5441260 constrs 1159 vars
c 1900000 confls 5442260 constrs 1159 vars
c 1901000 confls 5443260 constrs 1159 vars
c 1902000 confls 5444260 constrs 1159 vars
c 1903000 confls 5445260 constrs 1159 vars
c 1904000 confls 5446260 constrs 1159 vars
c 1905000 confls 5447260 constrs 1159 vars
c 1906000 confls 5448260 constrs 1159 vars
c INPROCESSING 4.98607 proptime 763478 prop/sec 12.3703 prop/ca
c 1907000 confls 5440029 constrs 1159 vars
c 1908000 confls 5441029 constrs 1159 vars
c 1909000 confls 5442029 constrs 1159 vars
c 1910000 confls 5443029 constrs 1159 vars
c 1911000 confls 5444029 constrs 1159 vars
c 1912000 confls 5445029 constrs 1159 vars
c 1913000 confls 5446029 constrs 1159 vars
c 1914000 confls 5447029 constrs 1159 vars
c 1915000 confls 5448029 constrs 1159 vars
c 1916000 confls 5449029 constrs 1159 vars
c INPROCESSING 4.71113 proptime 868378 prop/sec 11.9075 prop/ca
c 1917000 confls 5440476 constrs 1159 vars
c 1918000 confls 5441476 constrs 1159 vars
c 1919000 confls 5442476 constrs 1159 vars
c 1920000 confls 5443476 constrs 1159 vars
c 1921000 confls 5444476 constrs 1159 vars
c 1922000 confls 5445476 constrs 1159 vars
c 1923000 confls 5446476 constrs 1159 vars
c 1924000 confls 5447476 constrs 1159 vars
c 1925000 confls 5448476 constrs 1159 vars
c INPROCESSING 4.59475 proptime 830922 prop/sec 12.3218 prop/ca
c 1926000 confls 5439818 constrs 1159 vars
c 1927000 confls 5440818 constrs 1159 vars
c 1928000 confls 5441818 constrs 1159 vars
c 1929000 confls 5442818 constrs 1159 vars
c 1930000 confls 5443818 constrs 1159 vars
c 1931000 confls 5444818 constrs 1159 vars
c 1932000 confls 5445818 constrs 1159 vars
c 1933000 confls 5446818 constrs 1159 vars
c 1934000 confls 5447818 constrs 1159 vars
c INPROCESSING 5.38884 proptime 727215 prop/sec 13.3744 prop/ca
c 1935000 confls 5440067 constrs 1159 vars
c 1936000 confls 5441067 constrs 1159 vars
c 1937000 confls 5442067 constrs 1159 vars
c 1938000 confls 5443067 constrs 1159 vars
c 1939000 confls 5444067 constrs 1159 vars
c 1940000 confls 5445067 constrs 1159 vars
c 1941000 confls 5446067 constrs 1159 vars
c 1942000 confls 5447067 constrs 1159 vars
c 1943000 confls 5448067 constrs 1159 vars
c 1944000 confls 5449067 constrs 1159 vars
c INPROCESSING 5.14858 proptime 783007 prop/sec 12.4663 prop/ca
c 1945000 confls 5439955 constrs 1159 vars
c 1946000 confls 5440955 constrs 1159 vars
c 1947000 confls 5441955 constrs 1159 vars
c 1948000 confls 5442955 constrs 1159 vars
c 1949000 confls 5443955 constrs 1159 vars
c 1950000 confls 5444955 constrs 1159 vars
c 1951000 confls 5445955 constrs 1159 vars
c 1952000 confls 5446955 constrs 1159 vars
c 1953000 confls 5447955 constrs 1159 vars
c INPROCESSING 5.25514 proptime 709302 prop/sec 12.9186 prop/ca
c 1954000 confls 5439760 constrs 1159 vars
c 1955000 confls 5440760 constrs 1159 vars
c 1956000 confls 5441760 constrs 1159 vars
c 1957000 confls 5442760 constrs 1159 vars
c 1958000 confls 5443760 constrs 1159 vars
c 1959000 confls 5444760 constrs 1159 vars
c 1960000 confls 5445760 constrs 1159 vars
c 1961000 confls 5446760 constrs 1159 vars
c 1962000 confls 5447760 constrs 1159 vars
c 1963000 confls 5448760 constrs 1159 vars
c INPROCESSING 5.2026 proptime 698257 prop/sec 13.5515 prop/ca
c 1964000 confls 5440613 constrs 1159 vars
c 1965000 confls 5441613 constrs 1159 vars
c 1966000 confls 5442613 constrs 1159 vars
c 1967000 confls 5443613 constrs 1159 vars
c 1968000 confls 5444613 constrs 1159 vars
c 1969000 confls 5445613 constrs 1159 vars
c 1970000 confls 5446613 constrs 1159 vars
c 1971000 confls 5447613 constrs 1159 vars
c 1972000 confls 5448613 constrs 1159 vars
c INPROCESSING 4.92173 proptime 718614 prop/sec 13.9261 prop/ca
c 1973000 confls 5440232 constrs 1159 vars
c 1974000 confls 5441232 constrs 1159 vars
c 1975000 confls 5442232 constrs 1159 vars
c 1976000 confls 5443232 constrs 1159 vars
c 1977000 confls 5444232 constrs 1159 vars
c 1978000 confls 5445232 constrs 1159 vars
c 1979000 confls 5446232 constrs 1159 vars
c 1980000 confls 5447232 constrs 1159 vars
c 1981000 confls 5448232 constrs 1159 vars
c 1982000 confls 5449232 constrs 1159 vars
c INPROCESSING 5.24911 proptime 715550 prop/sec 14.1914 prop/ca
c 1983000 confls 5440681 constrs 1159 vars
c 1984000 confls 5441681 constrs 1159 vars
c 1985000 confls 5442681 constrs 1159 vars
c 1986000 confls 5443681 constrs 1159 vars
c 1987000 confls 5444681 constrs 1159 vars
c 1988000 confls 5445681 constrs 1159 vars
c 1989000 confls 5446681 constrs 1159 vars
c 1990000 confls 5447681 constrs 1159 vars
c 1991000 confls 5448681 constrs 1159 vars
c INPROCESSING 4.83381 proptime 817753 prop/sec 12.0875 prop/ca
c 1992000 confls 5439594 constrs 1159 vars
c 1993000 confls 5440594 constrs 1159 vars
c 1994000 confls 5441594 constrs 1159 vars
c 1995000 confls 5442594 constrs 1159 vars
c 1996000 confls 5443594 constrs 1159 vars
c 1997000 confls 5444594 constrs 1159 vars
c 1998000 confls 5445594 constrs 1159 vars
c 1999000 confls 5446594 constrs 1159 vars
c 2000000 confls 5447594 constrs 1159 vars
c 2001000 confls 5448594 constrs 1159 vars
c INPROCESSING 4.9831 proptime 808874 prop/sec 12.1482 prop/ca
c 2002000 confls 5440277 constrs 1159 vars
c 2003000 confls 5441277 constrs 1159 vars
c 2004000 confls 5442277 constrs 1159 vars
c 2005000 confls 5443277 constrs 1159 vars
c 2006000 confls 5444277 constrs 1159 vars
c 2007000 confls 5445277 constrs 1159 vars
c 2008000 confls 5446277 constrs 1159 vars
c 2009000 confls 5447277 constrs 1159 vars
c 2010000 confls 5448277 constrs 1159 vars
c INPROCESSING 5.03679 proptime 835877 prop/sec 11.847 prop/ca
c 2011000 confls 5439813 constrs 1159 vars
c 2012000 confls 5440813 constrs 1159 vars
c 2013000 confls 5441813 constrs 1159 vars
c 2014000 confls 5442813 constrs 1159 vars
c 2015000 confls 5443813 constrs 1159 vars
c 2016000 confls 5444813 constrs 1159 vars
c 2017000 confls 5445813 constrs 1159 vars
c 2018000 confls 5446813 constrs 1159 vars
c 2019000 confls 5447813 constrs 1159 vars
c 2020000 confls 5448813 constrs 1159 vars
c INPROCESSING 5.50982 proptime 694534 prop/sec 13.6091 prop/ca
c 2021000 confls 5440351 constrs 1159 vars
c 2022000 confls 5441351 constrs 1159 vars
c 2023000 confls 5442351 constrs 1159 vars
c 2024000 confls 5443351 constrs 1159 vars
c 2025000 confls 5444351 constrs 1159 vars
c 2026000 confls 5445351 constrs 1159 vars
c 2027000 confls 5446351 constrs 1159 vars
c 2028000 confls 5447351 constrs 1159 vars
c 2029000 confls 5448351 constrs 1159 vars
c INPROCESSING 5.50417 proptime 705178 prop/sec 14.3616 prop/ca
c 2030000 confls 5440036 constrs 1159 vars
c 2031000 confls 5441036 constrs 1159 vars
c 2032000 confls 5442036 constrs 1159 vars
c 2033000 confls 5443036 constrs 1159 vars
c 2034000 confls 5444036 constrs 1159 vars
c 2035000 confls 5445036 constrs 1159 vars
c 2036000 confls 5446036 constrs 1159 vars
c 2037000 confls 5447036 constrs 1159 vars
c 2038000 confls 5448036 constrs 1159 vars
c 2039000 confls 5449036 constrs 1159 vars
c INPROCESSING 5.72996 proptime 702973 prop/sec 13.4263 prop/ca
c 2040000 confls 5440539 constrs 1159 vars
c 2041000 confls 5441539 constrs 1159 vars
c 2042000 confls 5442539 constrs 1159 vars
c 2043000 confls 5443539 constrs 1159 vars
c 2044000 confls 5444539 constrs 1159 vars
c 2045000 confls 5445539 constrs 1159 vars
c 2046000 confls 5446539 constrs 1159 vars
c 2047000 confls 5447539 constrs 1159 vars
c 2048000 confls 5448539 constrs 1159 vars
c INPROCESSING 5.16413 proptime 756533 prop/sec 12.798 prop/ca
c 2049000 confls 5439721 constrs 1159 vars
c 2050000 confls 5440721 constrs 1159 vars
c 2051000 confls 5441721 constrs 1159 vars
c 2052000 confls 5442721 constrs 1159 vars
c 2053000 confls 5443721 constrs 1159 vars
c 2054000 confls 5444721 constrs 1159 vars
c 2055000 confls 5445721 constrs 1159 vars
c 2056000 confls 5446721 constrs 1159 vars
c 2057000 confls 5447721 constrs 1159 vars
c 2058000 confls 5448721 constrs 1159 vars
c INPROCESSING 5.30994 proptime 763980 prop/sec 12.8275 prop/ca
c 2059000 confls 5440311 constrs 1159 vars
c 2060000 confls 5441311 constrs 1159 vars
c 2061000 confls 5442311 constrs 1159 vars
c 2062000 confls 5443311 constrs 1159 vars
c 2063000 confls 5444311 constrs 1159 vars
c 2064000 confls 5445311 constrs 1159 vars
c 2065000 confls 5446311 constrs 1159 vars
c 2066000 confls 5447311 constrs 1159 vars
c 2067000 confls 5448311 constrs 1159 vars
c INPROCESSING 5.25523 proptime 770423 prop/sec 13.2387 prop/ca
c 2068000 confls 5440009 constrs 1159 vars
c 2069000 confls 5441009 constrs 1159 vars
c 2070000 confls 5442009 constrs 1159 vars
c 2071000 confls 5443009 constrs 1159 vars
c 2072000 confls 5444009 constrs 1159 vars
c 2073000 confls 5445009 constrs 1159 vars
c 2074000 confls 5446009 constrs 1159 vars
c 2075000 confls 5447009 constrs 1159 vars
c 2076000 confls 5448009 constrs 1159 vars
c 2077000 confls 5449009 constrs 1159 vars
c INPROCESSING 5.53132 proptime 668968 prop/sec 13.7813 prop/ca
c 2078000 confls 5440253 constrs 1159 vars
c 2079000 confls 5441253 constrs 1159 vars
c 2080000 confls 5442253 constrs 1159 vars
c 2081000 confls 5443253 constrs 1159 vars
c 2082000 confls 5444253 constrs 1159 vars
c 2083000 confls 5445253 constrs 1159 vars
c 2084000 confls 5446253 constrs 1159 vars
c 2085000 confls 5447253 constrs 1159 vars
c 2086000 confls 5448253 constrs 1159 vars
c INPROCESSING 5.25344 proptime 725066 prop/sec 14.207 prop/ca
c 2087000 confls 5440364 constrs 1159 vars
c 2088000 confls 5441364 constrs 1159 vars
c 2089000 confls 5442364 constrs 1159 vars
c 2090000 confls 5443364 constrs 1159 vars
c 2091000 confls 5444364 constrs 1159 vars
c 2092000 confls 5445364 constrs 1159 vars
c 2093000 confls 5446364 constrs 1159 vars
c 2094000 confls 5447364 constrs 1159 vars
c 2095000 confls 5448364 constrs 1159 vars
c 2096000 confls 5449364 constrs 1159 vars
c INPROCESSING 5.1509 proptime 714070 prop/sec 13.1038 prop/ca
c 2097000 confls 5440554 constrs 1159 vars
c 2098000 confls 5441554 constrs 1159 vars
c 2099000 confls 5442554 constrs 1159 vars
c 2100000 confls 5443554 constrs 1159 vars
c 2101000 confls 5444554 constrs 1159 vars
c 2102000 confls 5445554 constrs 1159 vars
c 2103000 confls 5446554 constrs 1159 vars
c 2104000 confls 5447554 constrs 1159 vars
c 2105000 confls 5448554 constrs 1159 vars
c INPROCESSING 6.1085 proptime 659248 prop/sec 13.5519 prop/ca
c 2106000 confls 5440299 constrs 1159 vars
c 2107000 confls 5441299 constrs 1159 vars
c 2108000 confls 5442299 constrs 1159 vars
c 2109000 confls 5443299 constrs 1159 vars
c 2110000 confls 5444299 constrs 1159 vars
c 2111000 confls 5445299 constrs 1159 vars
c 2112000 confls 5446299 constrs 1159 vars
c 2113000 confls 5447299 constrs 1159 vars
c 2114000 confls 5448299 constrs 1159 vars
c 2115000 confls 5449299 constrs 1159 vars
c INPROCESSING 5.97207 proptime 744285 prop/sec 12.7472 prop/ca
c 2116000 confls 5440580 constrs 1159 vars
c 2117000 confls 5441580 constrs 1159 vars
c 2118000 confls 5442580 constrs 1159 vars
c 2119000 confls 5443580 constrs 1159 vars
c 2120000 confls 5444580 constrs 1159 vars
c 2121000 confls 5445580 constrs 1159 vars
c 2122000 confls 5446580 constrs 1159 vars
c 2123000 confls 5447580 constrs 1159 vars
c 2124000 confls 5448580 constrs 1159 vars
c INPROCESSING 5.15495 proptime 773637 prop/sec 11.4342 prop/ca
c 2125000 confls 5439517 constrs 1159 vars
c 2126000 confls 5440517 constrs 1159 vars
c 2127000 confls 5441517 constrs 1159 vars
c 2128000 confls 5442517 constrs 1159 vars
c 2129000 confls 5443517 constrs 1159 vars
c 2130000 confls 5444517 constrs 1158 vars
c 2131000 confls 5445517 constrs 1158 vars
c 2132000 confls 5446517 constrs 1158 vars
c 2133000 confls 5447517 constrs 1158 vars
c 2134000 confls 5448517 constrs 1158 vars
c INPROCESSING 5.36299 proptime 798749 prop/sec 10.3075 prop/ca
c 2135000 confls 5366605 constrs 1158 vars
c 2136000 confls 5367605 constrs 1158 vars
c 2137000 confls 5368605 constrs 1158 vars
c 2138000 confls 5369605 constrs 1158 vars
c 2139000 confls 5370605 constrs 1158 vars
c 2140000 confls 5371605 constrs 1158 vars
c 2141000 confls 5372605 constrs 1158 vars
c 2142000 confls 5373605 constrs 1158 vars
c 2143000 confls 5374605 constrs 1158 vars
c INPROCESSING 5.0088 proptime 786409 prop/sec 11.6231 prop/ca
c 2144000 confls 5366061 constrs 1158 vars
c 2145000 confls 5367061 constrs 1158 vars
c 2146000 confls 5368061 constrs 1158 vars
c 2147000 confls 5369061 constrs 1158 vars
c 2148000 confls 5370061 constrs 1158 vars
c 2149000 confls 5371061 constrs 1158 vars
c 2150000 confls 5372061 constrs 1158 vars
c 2151000 confls 5373061 constrs 1158 vars
c 2152000 confls 5374061 constrs 1158 vars
c 2153000 confls 5375061 constrs 1158 vars
c INPROCESSING 5.02739 proptime 749629 prop/sec 10.4627 prop/ca
c 2154000 confls 5366428 constrs 1158 vars
c 2155000 confls 5367428 constrs 1158 vars
c 2156000 confls 5368428 constrs 1158 vars
c 2157000 confls 5369428 constrs 1158 vars
c 2158000 confls 5370428 constrs 1158 vars
c 2159000 confls 5371428 constrs 1158 vars
c 2160000 confls 5372428 constrs 1158 vars
c 2161000 confls 5373428 constrs 1158 vars
c 2162000 confls 5374428 constrs 1158 vars
c INPROCESSING 5.11056 proptime 794281 prop/sec 11.1548 prop/ca
c 2163000 confls 5366122 constrs 1158 vars
c 2164000 confls 5367122 constrs 1158 vars
c 2165000 confls 5368122 constrs 1158 vars
c 2166000 confls 5369122 constrs 1158 vars
c 2167000 confls 5370122 constrs 1158 vars
c 2168000 confls 5371122 constrs 1158 vars
c 2169000 confls 5372122 constrs 1158 vars
c 2170000 confls 5373122 constrs 1158 vars
c 2171000 confls 5374122 constrs 1158 vars
c 2172000 confls 5375122 constrs 1158 vars
c INPROCESSING 5.39054 proptime 749154 prop/sec 12.4347 prop/ca
c 2173000 confls 5366430 constrs 1158 vars
c 2174000 confls 5367430 constrs 1158 vars
c 2175000 confls 5368430 constrs 1158 vars
c 2176000 confls 5369430 constrs 1158 vars
c 2177000 confls 5370430 constrs 1158 vars
c 2178000 confls 5371430 constrs 1158 vars
c 2179000 confls 5372430 constrs 1158 vars
c 2180000 confls 5373430 constrs 1158 vars
c 2181000 confls 5374430 constrs 1158 vars
c INPROCESSING 5.01893 proptime 836993 prop/sec 10.1312 prop/ca
c 2182000 confls 5365800 constrs 1158 vars
c 2183000 confls 5366800 constrs 1158 vars
c 2184000 confls 5367800 constrs 1158 vars
c 2185000 confls 5368800 constrs 1158 vars
c 2186000 confls 5369800 constrs 1158 vars
c 2187000 confls 5370800 constrs 1158 vars
c 2188000 confls 5371800 constrs 1158 vars
c 2189000 confls 5372800 constrs 1158 vars
c 2190000 confls 5373800 constrs 1158 vars
c 2191000 confls 5374800 constrs 1158 vars
c INPROCESSING 4.96766 proptime 765522 prop/sec 12.5772 prop/ca
c 2192000 confls 5366766 constrs 1158 vars
c 2193000 confls 5367766 constrs 1158 vars
c 2194000 confls 5368766 constrs 1158 vars
c 2195000 confls 5369766 constrs 1158 vars
c 2196000 confls 5370766 constrs 1158 vars
c 2197000 confls 5371766 constrs 1158 vars
c 2198000 confls 5372766 constrs 1158 vars
c 2199000 confls 5373766 constrs 1158 vars
c 2200000 confls 5374766 constrs 1158 vars
c INPROCESSING 5.57236 proptime 741457 prop/sec 12.8634 prop/ca
c 2201000 confls 5366116 constrs 1158 vars
c 2202000 confls 5367116 constrs 1158 vars
c 2203000 confls 5368116 constrs 1158 vars
c 2204000 confls 5369116 constrs 1158 vars
c 2205000 confls 5370116 constrs 1158 vars
c 2206000 confls 5371116 constrs 1158 vars
c 2207000 confls 5372116 constrs 1158 vars
c 2208000 confls 5373116 constrs 1158 vars
c 2209000 confls 5374116 constrs 1158 vars
c 2210000 confls 5375116 constrs 1158 vars
c INPROCESSING 4.7607 proptime 832501 prop/sec 11.5653 prop/ca
c 2211000 confls 5366272 constrs 1158 vars
c 2212000 confls 5367272 constrs 1158 vars
c 2213000 confls 5368272 constrs 1158 vars
c 2214000 confls 5369272 constrs 1158 vars
c 2215000 confls 5370272 constrs 1158 vars
c 2216000 confls 5371272 constrs 1158 vars
c 2217000 confls 5372272 constrs 1158 vars
c 2218000 confls 5373272 constrs 1158 vars
c 2219000 confls 5374272 constrs 1158 vars
c 2220000 confls 5375272 constrs 1158 vars
c INPROCESSING 5.15925 proptime 813793 prop/sec 11.3373 prop/ca
c 2221000 confls 5366936 constrs 1158 vars
c 2222000 confls 5367936 constrs 1158 vars
c 2223000 confls 5368936 constrs 1158 vars
c 2224000 confls 5369936 constrs 1158 vars
c 2225000 confls 5370936 constrs 1158 vars
c 2226000 confls 5371936 constrs 1158 vars
c 2227000 confls 5372936 constrs 1158 vars
c 2228000 confls 5373936 constrs 1158 vars
c 2229000 confls 5374936 constrs 1158 vars
c INPROCESSING 5.72917 proptime 719567 prop/sec 12.5198 prop/ca
c 2230000 confls 5366695 constrs 1158 vars
c 2231000 confls 5367695 constrs 1158 vars
c 2232000 confls 5368695 constrs 1158 vars
c 2233000 confls 5369695 constrs 1158 vars
c 2234000 confls 5370695 constrs 1158 vars
c 2235000 confls 5371695 constrs 1158 vars
c 2236000 confls 5372695 constrs 1158 vars
c 2237000 confls 5373695 constrs 1158 vars
c 2238000 confls 5374695 constrs 1158 vars
c 2239000 confls 5375695 constrs 1158 vars
c INPROCESSING 5.80733 proptime 755862 prop/sec 12.0625 prop/ca
c 2240000 confls 5366567 constrs 1158 vars
c 2241000 confls 5367567 constrs 1158 vars
c 2242000 confls 5368567 constrs 1158 vars
c 2243000 confls 5369567 constrs 1158 vars
c 2244000 confls 5370567 constrs 1158 vars
c 2245000 confls 5371567 constrs 1158 vars
c 2246000 confls 5372567 constrs 1158 vars
c 2247000 confls 5373567 constrs 1158 vars
c 2248000 confls 5374567 constrs 1158 vars
c INPROCESSING 5.46375 proptime 737103 prop/sec 13.3654 prop/ca
c 2249000 confls 5365823 constrs 1158 vars
c 2250000 confls 5366823 constrs 1158 vars
c 2251000 confls 5367823 constrs 1158 vars
c 2252000 confls 5368823 constrs 1158 vars
c 2253000 confls 5369823 constrs 1158 vars
c 2254000 confls 5370823 constrs 1158 vars
c 2255000 confls 5371823 constrs 1158 vars
c 2256000 confls 5372823 constrs 1158 vars
c 2257000 confls 5373823 constrs 1158 vars
c 2258000 confls 5374823 constrs 1158 vars
c INPROCESSING 6.19856 proptime 623888 prop/sec 14.7598 prop/ca
c 2259000 confls 5366626 constrs 1158 vars
c 2260000 confls 5367626 constrs 1158 vars
c 2261000 confls 5368626 constrs 1158 vars
c 2262000 confls 5369626 constrs 1158 vars
c 2263000 confls 5370626 constrs 1158 vars
c 2264000 confls 5371626 constrs 1158 vars
c 2265000 confls 5372626 constrs 1158 vars
c 2266000 confls 5373626 constrs 1158 vars
c 2267000 confls 5374626 constrs 1158 vars
c INPROCESSING 5.63899 proptime 736076 prop/sec 12.4539 prop/ca
c 2268000 confls 5366369 constrs 1158 vars
c 2269000 confls 5367369 constrs 1158 vars
c 2270000 confls 5368369 constrs 1158 vars
c 2271000 confls 5369369 constrs 1158 vars
c 2272000 confls 5370369 constrs 1158 vars
c 2273000 confls 5371369 constrs 1158 vars
c 2274000 confls 5372369 constrs 1158 vars
c 2275000 confls 5373369 constrs 1158 vars
c 2276000 confls 5374369 constrs 1158 vars
c 2277000 confls 5375369 constrs 1158 vars
c INPROCESSING 5.51002 proptime 715089 prop/sec 11.9946 prop/ca
c 2278000 confls 5366611 constrs 1158 vars
c 2279000 confls 5367611 constrs 1158 vars
c 2280000 confls 5368611 constrs 1158 vars
c 2281000 confls 5369611 constrs 1158 vars
c 2282000 confls 5370611 constrs 1158 vars
c 2283000 confls 5371611 constrs 1158 vars
c 2284000 confls 5372611 constrs 1158 vars
c 2285000 confls 5373611 constrs 1158 vars
c 2286000 confls 5374611 constrs 1158 vars
c 2287000 confls 5375611 constrs 1158 vars
c INPROCESSING 4.92488 proptime 786788 prop/sec 12.4912 prop/ca
c 2288000 confls 5367041 constrs 1158 vars
c 2289000 confls 5368041 constrs 1158 vars
c 2290000 confls 5369041 constrs 1158 vars
c 2291000 confls 5370041 constrs 1158 vars
c 2292000 confls 5371041 constrs 1158 vars
c 2293000 confls 5372041 constrs 1158 vars
c 2294000 confls 5373041 constrs 1158 vars
c 2295000 confls 5374041 constrs 1158 vars
c 2296000 confls 5375041 constrs 1158 vars
c INPROCESSING 5.60738 proptime 612132 prop/sec 15.7206 prop/ca
c 2297000 confls 5366737 constrs 1158 vars
c 2298000 confls 5367737 constrs 1158 vars
c 2299000 confls 5368737 constrs 1158 vars
c 2300000 confls 5369737 constrs 1158 vars
c 2301000 confls 5370737 constrs 1158 vars
c 2302000 confls 5371737 constrs 1158 vars
c 2303000 confls 5372737 constrs 1158 vars
c 2304000 confls 5373737 constrs 1158 vars
c 2305000 confls 5374737 constrs 1158 vars
c 2306000 confls 5375737 constrs 1158 vars
c INPROCESSING 5.87577 proptime 669129 prop/sec 13.1107 prop/ca
c 2307000 confls 5367707 constrs 1158 vars
c 2308000 confls 5368707 constrs 1158 vars
c 2309000 confls 5369707 constrs 1158 vars
c 2310000 confls 5370707 constrs 1158 vars
c 2311000 confls 5371707 constrs 1158 vars
c 2312000 confls 5372707 constrs 1158 vars
c 2313000 confls 5373707 constrs 1158 vars
c 2314000 confls 5374707 constrs 1158 vars
c 2315000 confls 5375707 constrs 1158 vars
c INPROCESSING 5.67682 proptime 725203 prop/sec 12.8335 prop/ca
c 2316000 confls 5366233 constrs 1158 vars
c 2317000 confls 5367233 constrs 1158 vars
c 2318000 confls 5368233 constrs 1158 vars
c 2319000 confls 5369233 constrs 1158 vars
c 2320000 confls 5370233 constrs 1158 vars
c 2321000 confls 5371233 constrs 1158 vars
c 2322000 confls 5372233 constrs 1158 vars
c 2323000 confls 5373233 constrs 1158 vars
c 2324000 confls 5374233 constrs 1158 vars
c 2325000 confls 5375233 constrs 1158 vars
c INPROCESSING 4.49479 proptime 894922 prop/sec 11.0663 prop/ca
c 2326000 confls 5366380 constrs 1158 vars
c 2327000 confls 5367380 constrs 1158 vars
c 2328000 confls 5368380 constrs 1158 vars
c 2329000 confls 5369380 constrs 1158 vars
c 2330000 confls 5370380 constrs 1158 vars
c 2331000 confls 5371380 constrs 1158 vars
c 2332000 confls 5372380 constrs 1158 vars
c 2333000 confls 5373380 constrs 1158 vars
c 2334000 confls 5374380 constrs 1158 vars
c INPROCESSING 5.63755 proptime 719579 prop/sec 12.1453 prop/ca
c 2335000 confls 5366274 constrs 1158 vars
c 2336000 confls 5367274 constrs 1158 vars
c 2337000 confls 5368274 constrs 1158 vars
c 2338000 confls 5369274 constrs 1158 vars
c 2339000 confls 5370274 constrs 1158 vars
c 2340000 confls 5371274 constrs 1158 vars
c 2341000 confls 5372274 constrs 1158 vars
c 2342000 confls 5373274 constrs 1158 vars
c 2343000 confls 5374274 constrs 1158 vars
c 2344000 confls 5375274 constrs 1158 vars
c INPROCESSING 5.12956 proptime 747382 prop/sec 12.8344 prop/ca
c 2345000 confls 5366702 constrs 1158 vars
c 2346000 confls 5367702 constrs 1158 vars
c 2347000 confls 5368702 constrs 1158 vars
c 2348000 confls 5369702 constrs 1158 vars
c 2349000 confls 5370702 constrs 1158 vars
c 2350000 confls 5371702 constrs 1158 vars
c 2351000 confls 5372702 constrs 1158 vars
c 2352000 confls 5373702 constrs 1158 vars
c 2353000 confls 5374702 constrs 1158 vars
c 2354000 confls 5375702 constrs 1158 vars
c INPROCESSING 5.3428 proptime 757783 prop/sec 11.4797 prop/ca
c 2355000 confls 5367209 constrs 1158 vars
c 2356000 confls 5368209 constrs 1158 vars
c 2357000 confls 5369209 constrs 1158 vars
c 2358000 confls 5370209 constrs 1158 vars
c 2359000 confls 5371209 constrs 1158 vars
c 2360000 confls 5372209 constrs 1158 vars
c 2361000 confls 5373209 constrs 1158 vars
c 2362000 confls 5374209 constrs 1158 vars
c 2363000 confls 5375209 constrs 1158 vars
c INPROCESSING 5.50782 proptime 737195 prop/sec 12.5696 prop/ca
c 2364000 confls 5366585 constrs 1158 vars
c 2365000 confls 5367585 constrs 1158 vars
c 2366000 confls 5368585 constrs 1158 vars
c 2367000 confls 5369585 constrs 1158 vars
c 2368000 confls 5370585 constrs 1158 vars
c 2369000 confls 5371585 constrs 1158 vars
c 2370000 confls 5372585 constrs 1158 vars
c 2371000 confls 5373585 constrs 1158 vars
c 2372000 confls 5374585 constrs 1158 vars
c 2373000 confls 5375585 constrs 1158 vars
c INPROCESSING 5.64007 proptime 721594 prop/sec 13.2929 prop/ca
c 2374000 confls 5366775 constrs 1158 vars
c 2375000 confls 5367775 constrs 1158 vars
c 2376000 confls 5368775 constrs 1158 vars
c 2377000 confls 5369775 constrs 1158 vars
c 2378000 confls 5370775 constrs 1158 vars
c 2379000 confls 5371775 constrs 1158 vars
c 2380000 confls 5372775 constrs 1158 vars
c 2381000 confls 5373775 constrs 1158 vars
c 2382000 confls 5374775 constrs 1158 vars
c INPROCESSING 4.61716 proptime 897504 prop/sec 11.1479 prop/ca
c 2383000 confls 5365879 constrs 1158 vars
c 2384000 confls 5366879 constrs 1158 vars
c 2385000 confls 5367879 constrs 1158 vars
c 2386000 confls 5368879 constrs 1158 vars
c 2387000 confls 5369879 constrs 1158 vars
c 2388000 confls 5370879 constrs 1158 vars
c 2389000 confls 5371879 constrs 1158 vars
c 2390000 confls 5372879 constrs 1158 vars
c 2391000 confls 5373879 constrs 1158 vars
c 2392000 confls 5374879 constrs 1158 vars
c INPROCESSING 5.65349 proptime 681302 prop/sec 13.221 prop/ca
c 2393000 confls 5366949 constrs 1158 vars
c 2394000 confls 5367949 constrs 1158 vars
c 2395000 confls 5368949 constrs 1158 vars
c 2396000 confls 5369949 constrs 1158 vars
c 2397000 confls 5370949 constrs 1158 vars
c 2398000 confls 5371949 constrs 1158 vars
c 2399000 confls 5372949 constrs 1158 vars
c 2400000 confls 5373949 constrs 1158 vars
c 2401000 confls 5374949 constrs 1158 vars
c 2402000 confls 5375949 constrs 1158 vars
c INPROCESSING 4.84883 proptime 768151 prop/sec 13.0787 prop/ca
c 2403000 confls 5366879 constrs 1158 vars
c 2404000 confls 5367879 constrs 1158 vars
c 2405000 confls 5368879 constrs 1158 vars
c 2406000 confls 5369879 constrs 1158 vars
c 2407000 confls 5370879 constrs 1158 vars
c 2408000 confls 5371879 constrs 1158 vars
c 2409000 confls 5372879 constrs 1158 vars
c 2410000 confls 5373879 constrs 1158 vars
c 2411000 confls 5374879 constrs 1158 vars
c INPROCESSING 5.18721 proptime 798332 prop/sec 12.1663 prop/ca
c 2412000 confls 5366498 constrs 1158 vars
c 2413000 confls 5367498 constrs 1158 vars
c 2414000 confls 5368498 constrs 1158 vars
c 2415000 confls 5369498 constrs 1158 vars
c 2416000 confls 5370498 constrs 1158 vars
c 2417000 confls 5371498 constrs 1158 vars
c 2418000 confls 5372498 constrs 1158 vars
c 2419000 confls 5373498 constrs 1158 vars
c 2420000 confls 5374498 constrs 1158 vars
c 2421000 confls 5375498 constrs 1158 vars
c INPROCESSING 5.47003 proptime 767531 prop/sec 10.8138 prop/ca
c 2422000 confls 5366648 constrs 1158 vars
c 2423000 confls 5367648 constrs 1158 vars
c 2424000 confls 5368648 constrs 1158 vars
c 2425000 confls 5369648 constrs 1158 vars
c 2426000 confls 5370648 constrs 1158 vars
c 2427000 confls 5371648 constrs 1158 vars
c 2428000 confls 5372648 constrs 1158 vars
c 2429000 confls 5373648 constrs 1158 vars
c 2430000 confls 5374648 constrs 1158 vars
c INPROCESSING 5.41115 proptime 649810 prop/sec 14.5297 prop/ca
c 2431000 confls 5366297 constrs 1158 vars
c 2432000 confls 5367297 constrs 1158 vars
c 2433000 confls 5368297 constrs 1158 vars
c 2434000 confls 5369297 constrs 1158 vars
c 2435000 confls 5370297 constrs 1158 vars
c 2436000 confls 5371297 constrs 1158 vars
c 2437000 confls 5372297 constrs 1158 vars
c 2438000 confls 5373297 constrs 1158 vars
c 2439000 confls 5374297 constrs 1158 vars
c 2440000 confls 5375297 constrs 1158 vars
c INPROCESSING 6.46394 proptime 686978 prop/sec 13.9947 prop/ca
c 2441000 confls 5366703 constrs 1158 vars
c 2442000 confls 5367703 constrs 1158 vars
c 2443000 confls 5368703 constrs 1158 vars
c 2444000 confls 5369703 constrs 1158 vars
c 2445000 confls 5370703 constrs 1158 vars
c 2446000 confls 5371703 constrs 1158 vars
c 2447000 confls 5372703 constrs 1158 vars
c 2448000 confls 5373703 constrs 1158 vars
c 2449000 confls 5374703 constrs 1158 vars
c 2450000 confls 5375703 constrs 1158 vars
c INPROCESSING 5.85077 proptime 684359 prop/sec 14.6426 prop/ca
c 2451000 confls 5367311 constrs 1158 vars
c 2452000 confls 5368311 constrs 1158 vars
c 2453000 confls 5369311 constrs 1158 vars
c 2454000 confls 5370311 constrs 1158 vars
c 2455000 confls 5371311 constrs 1158 vars
c 2456000 confls 5372311 constrs 1158 vars
c 2457000 confls 5373311 constrs 1158 vars
c 2458000 confls 5374311 constrs 1158 vars
c 2459000 confls 5375311 constrs 1158 vars
c INPROCESSING 5.7921 proptime 623568 prop/sec 15.3336 prop/ca
c 2460000 confls 5366529 constrs 1158 vars
c 2461000 confls 5367529 constrs 1158 vars
c 2462000 confls 5368529 constrs 1158 vars
c 2463000 confls 5369529 constrs 1158 vars
c 2464000 confls 5370529 constrs 1158 vars
c 2465000 confls 5371529 constrs 1158 vars
c 2466000 confls 5372529 constrs 1158 vars
c 2467000 confls 5373529 constrs 1158 vars
c 2468000 confls 5374529 constrs 1158 vars
c 2469000 confls 5375529 constrs 1158 vars
c INPROCESSING 5.59687 proptime 731152 prop/sec 12.4876 prop/ca
c 2470000 confls 5366808 constrs 1158 vars
c 2471000 confls 5367808 constrs 1158 vars
c 2472000 confls 5368808 constrs 1158 vars
c 2473000 confls 5369808 constrs 1158 vars
c 2474000 confls 5370808 constrs 1158 vars
c 2475000 confls 5371808 constrs 1158 vars
c 2476000 confls 5372808 constrs 1158 vars
c 2477000 confls 5373808 constrs 1158 vars
c 2478000 confls 5374808 constrs 1158 vars
c 2479000 confls 5375808 constrs 1158 vars
c INPROCESSING 5.34565 proptime 780922 prop/sec 11.4135 prop/ca
c 2480000 confls 5366928 constrs 1158 vars
c 2481000 confls 5367928 constrs 1158 vars
c 2482000 confls 5368928 constrs 1158 vars
c 2483000 confls 5369928 constrs 1158 vars
c 2484000 confls 5370928 constrs 1158 vars
c 2485000 confls 5371928 constrs 1158 vars
c 2486000 confls 5372928 constrs 1158 vars
c 2487000 confls 5373928 constrs 1158 vars
c 2488000 confls 5374928 constrs 1158 vars
c INPROCESSING 5.36691 proptime 788723 prop/sec 10.7078 prop/ca
c 2489000 confls 5365950 constrs 1158 vars
c 2490000 confls 5366950 constrs 1158 vars
c 2491000 confls 5367950 constrs 1158 vars
c 2492000 confls 5368950 constrs 1158 vars
c 2493000 confls 5369950 constrs 1158 vars
c 2494000 confls 5370950 constrs 1158 vars
c 2495000 confls 5371950 constrs 1158 vars
c 2496000 confls 5372950 constrs 1158 vars
c 2497000 confls 5373950 constrs 1158 vars
c 2498000 confls 5374950 constrs 1158 vars
c INPROCESSING 5.55794 proptime 623481 prop/sec 15.7362 prop/ca
c 2499000 confls 5366975 constrs 1158 vars
c 2500000 confls 5367975 constrs 1158 vars
c 2501000 confls 5368975 constrs 1158 vars
c 2502000 confls 5369975 constrs 1158 vars
c 2503000 confls 5370975 constrs 1158 vars
c 2504000 confls 5371975 constrs 1158 vars
c 2505000 confls 5372975 constrs 1158 vars
c 2506000 confls 5373975 constrs 1158 vars
c 2507000 confls 5374975 constrs 1158 vars
c 2508000 confls 5375975 constrs 1158 vars
c INPROCESSING 6.24185 proptime 606018 prop/sec 15.7381 prop/ca
c 2509000 confls 5367991 constrs 1158 vars
c 2510000 confls 5368991 constrs 1158 vars
c 2511000 confls 5369991 constrs 1158 vars
c 2512000 confls 5370991 constrs 1158 vars
c 2513000 confls 5371991 constrs 1158 vars
c 2514000 confls 5372991 constrs 1158 vars
c 2515000 confls 5373991 constrs 1158 vars
c 2516000 confls 5374991 constrs 1158 vars
c 2517000 confls 5375991 constrs 1158 vars
c INPROCESSING 5.46291 proptime 715519 prop/sec 13.624 prop/ca
c 2518000 confls 5366710 constrs 1158 vars
c 2519000 confls 5367710 constrs 1158 vars
c 2520000 confls 5368710 constrs 1158 vars
c 2521000 confls 5369710 constrs 1158 vars
c 2522000 confls 5370710 constrs 1158 vars
c 2523000 confls 5371710 constrs 1158 vars
c 2524000 confls 5372710 constrs 1158 vars
c 2525000 confls 5373710 constrs 1158 vars
c 2526000 confls 5374710 constrs 1158 vars
c 2527000 confls 5375710 constrs 1158 vars
c INPROCESSING 5.84988 proptime 625614 prop/sec 15.1537 prop/ca
c 2528000 confls 5367505 constrs 1158 vars
c 2529000 confls 5368505 constrs 1158 vars
c 2530000 confls 5369505 constrs 1158 vars
c 2531000 confls 5370505 constrs 1158 vars
c 2532000 confls 5371505 constrs 1158 vars
c 2533000 confls 5372505 constrs 1158 vars
c 2534000 confls 5373505 constrs 1158 vars
c 2535000 confls 5374505 constrs 1158 vars
c 2536000 confls 5375505 constrs 1158 vars
c INPROCESSING 6.06517 proptime 668682 prop/sec 13.4664 prop/ca
c 2537000 confls 5366392 constrs 1158 vars
c 2538000 confls 5367392 constrs 1158 vars
c 2539000 confls 5368392 constrs 1158 vars
c 2540000 confls 5369392 constrs 1158 vars
c 2541000 confls 5370392 constrs 1158 vars
c 2542000 confls 5371392 constrs 1158 vars
c 2543000 confls 5372392 constrs 1158 vars
c 2544000 confls 5373392 constrs 1158 vars
c 2545000 confls 5374392 constrs 1158 vars
c 2546000 confls 5375392 constrs 1158 vars
c INPROCESSING 5.63106 proptime 648872 prop/sec 13.2248 prop/ca
c 2547000 confls 5366229 constrs 1158 vars
c 2548000 confls 5367229 constrs 1158 vars
c 2549000 confls 5368229 constrs 1158 vars
c 2550000 confls 5369229 constrs 1158 vars
c 2551000 confls 5370229 constrs 1158 vars
c 2552000 confls 5371229 constrs 1158 vars
c 2553000 confls 5372229 constrs 1158 vars
c 2554000 confls 5373229 constrs 1158 vars
c 2555000 confls 5374229 constrs 1158 vars
c 2556000 confls 5375229 constrs 1158 vars
c INPROCESSING 5.73381 proptime 689031 prop/sec 13.5569 prop/ca
c 2557000 confls 5367290 constrs 1158 vars
c 2558000 confls 5368290 constrs 1158 vars
c 2559000 confls 5369290 constrs 1158 vars
c 2560000 confls 5370290 constrs 1158 vars
c 2561000 confls 5371290 constrs 1158 vars
c 2562000 confls 5372290 constrs 1158 vars
c 2563000 confls 5373290 constrs 1158 vars
c 2564000 confls 5374290 constrs 1158 vars
c 2565000 confls 5375290 constrs 1158 vars
c INPROCESSING 5.70594 proptime 661439 prop/sec 14.6399 prop/ca
c 2566000 confls 5366344 constrs 1158 vars
c 2567000 confls 5367344 constrs 1158 vars
c 2568000 confls 5368344 constrs 1158 vars
c 2569000 confls 5369344 constrs 1158 vars
c 2570000 confls 5370344 constrs 1158 vars
c 2571000 confls 5371344 constrs 1158 vars
c 2572000 confls 5372344 constrs 1158 vars
c 2573000 confls 5373344 constrs 1158 vars
c 2574000 confls 5374344 constrs 1158 vars
c 2575000 confls 5375344 constrs 1158 vars
c INPROCESSING 5.64586 proptime 689353 prop/sec 13.9099 prop/ca
c 2576000 confls 5366685 constrs 1158 vars
c 2577000 confls 5367685 constrs 1158 vars
c 2578000 confls 5368685 constrs 1158 vars
c 2579000 confls 5369685 constrs 1158 vars
c 2580000 confls 5370685 constrs 1158 vars
c 2581000 confls 5371685 constrs 1158 vars
c 2582000 confls 5372685 constrs 1158 vars
c 2583000 confls 5373685 constrs 1158 vars
c 2584000 confls 5374685 constrs 1158 vars
c 2585000 confls 5375685 constrs 1158 vars
c INPROCESSING 5.44126 proptime 731550 prop/sec 13.6442 prop/ca
c 2586000 confls 5367002 constrs 1158 vars
c 2587000 confls 5368002 constrs 1158 vars
c 2588000 confls 5369002 constrs 1158 vars
c 2589000 confls 5370002 constrs 1158 vars
c 2590000 confls 5371002 constrs 1158 vars
c 2591000 confls 5372002 constrs 1158 vars
c 2592000 confls 5373002 constrs 1158 vars
c 2593000 confls 5374002 constrs 1158 vars
c 2594000 confls 5375002 constrs 1158 vars
c INPROCESSING 5.38455 proptime 677209 prop/sec 13.3312 prop/ca
c 2595000 confls 5366762 constrs 1158 vars
c 2596000 confls 5367762 constrs 1158 vars
c 2597000 confls 5368762 constrs 1158 vars
c 2598000 confls 5369762 constrs 1158 vars
c 2599000 confls 5370762 constrs 1158 vars
c 2600000 confls 5371762 constrs 1158 vars
c 2601000 confls 5372762 constrs 1158 vars
c 2602000 confls 5373762 constrs 1158 vars
c 2603000 confls 5374762 constrs 1158 vars
c 2604000 confls 5375762 constrs 1158 vars
c INPROCESSING 6.11285 proptime 662923 prop/sec 14.5925 prop/ca
c 2605000 confls 5367061 constrs 1158 vars
c 2606000 confls 5368061 constrs 1158 vars
c 2607000 confls 5369061 constrs 1158 vars
c 2608000 confls 5370061 constrs 1158 vars
c 2609000 confls 5371061 constrs 1158 vars
c 2610000 confls 5372061 constrs 1158 vars
c 2611000 confls 5373061 constrs 1158 vars
c 2612000 confls 5374061 constrs 1158 vars
c 2613000 confls 5375061 constrs 1158 vars
c 2614000 confls 5376061 constrs 1158 vars
c INPROCESSING 5.54282 proptime 672464 prop/sec 14.7279 prop/ca
c 2615000 confls 5367067 constrs 1158 vars
c 2616000 confls 5368067 constrs 1158 vars
c 2617000 confls 5369067 constrs 1158 vars
c 2618000 confls 5370067 constrs 1158 vars
c 2619000 confls 5371067 constrs 1158 vars
c 2620000 confls 5372067 constrs 1158 vars
c 2621000 confls 5373067 constrs 1158 vars
c 2622000 confls 5374067 constrs 1158 vars
c 2623000 confls 5375067 constrs 1158 vars
c INPROCESSING 5.65582 proptime 744530 prop/sec 13.0739 prop/ca
c 2624000 confls 5366765 constrs 1158 vars
c 2625000 confls 5367765 constrs 1158 vars
c 2626000 confls 5368765 constrs 1158 vars
c 2627000 confls 5369765 constrs 1158 vars
c 2628000 confls 5370765 constrs 1158 vars
c 2629000 confls 5371765 constrs 1158 vars
c 2630000 confls 5372765 constrs 1158 vars
c 2631000 confls 5373765 constrs 1158 vars
c 2632000 confls 5374765 constrs 1158 vars
c 2633000 confls 5375765 constrs 1158 vars
c INPROCESSING 5.26509 proptime 751714 prop/sec 13.8668 prop/ca
c 2634000 confls 5366898 constrs 1158 vars
c 2635000 confls 5367898 constrs 1158 vars
c 2636000 confls 5368898 constrs 1158 vars
c 2637000 confls 5369898 constrs 1158 vars
c 2638000 confls 5370898 constrs 1158 vars
c 2639000 confls 5371898 constrs 1158 vars
c 2640000 confls 5372898 constrs 1158 vars
c 2641000 confls 5373898 constrs 1158 vars
c 2642000 confls 5374898 constrs 1158 vars
c 2643000 confls 5375898 constrs 1158 vars
c INPROCESSING 5.41276 proptime 739674 prop/sec 13.9563 prop/ca
c 2644000 confls 5367215 constrs 1158 vars
c 2645000 confls 5368215 constrs 1158 vars
c 2646000 confls 5369215 constrs 1158 vars
c 2647000 confls 5370215 constrs 1158 vars
c 2648000 confls 5371215 constrs 1158 vars
c 2649000 confls 5372215 constrs 1158 vars
c 2650000 confls 5373215 constrs 1158 vars
c 2651000 confls 5374215 constrs 1158 vars
c 2652000 confls 5375215 constrs 1158 vars
c INPROCESSING 5.58278 proptime 674474 prop/sec 14.715 prop/ca
c 2653000 confls 5366795 constrs 1158 vars
c 2654000 confls 5367795 constrs 1158 vars
c 2655000 confls 5368795 constrs 1158 vars
c 2656000 confls 5369795 constrs 1158 vars
c 2657000 confls 5370795 constrs 1158 vars
c 2658000 confls 5371795 constrs 1158 vars
c 2659000 confls 5372795 constrs 1158 vars
c 2660000 confls 5373795 constrs 1158 vars
c 2661000 confls 5374795 constrs 1158 vars
c 2662000 confls 5375795 constrs 1158 vars
c INPROCESSING 5.96565 proptime 609611 prop/sec 15.4717 prop/ca
c 2663000 confls 5367358 constrs 1158 vars
c 2664000 confls 5368358 constrs 1158 vars
c 2665000 confls 5369358 constrs 1158 vars
c 2666000 confls 5370358 constrs 1158 vars
c 2667000 confls 5371358 constrs 1158 vars
c 2668000 confls 5372358 constrs 1158 vars
c 2669000 confls 5373358 constrs 1158 vars
c 2670000 confls 5374358 constrs 1158 vars
c 2671000 confls 5375358 constrs 1158 vars
c 2672000 confls 5376358 constrs 1158 vars
c INPROCESSING 5.67618 proptime 706540 prop/sec 14.1546 prop/ca
c 2673000 confls 5367217 constrs 1158 vars
c 2674000 confls 5368217 constrs 1158 vars
c 2675000 confls 5369217 constrs 1158 vars
c 2676000 confls 5370217 constrs 1158 vars
c 2677000 confls 5371217 constrs 1158 vars
c 2678000 confls 5372217 constrs 1158 vars
c 2679000 confls 5373217 constrs 1158 vars
c 2680000 confls 5374217 constrs 1158 vars
c 2681000 confls 5375217 constrs 1158 vars
c 2682000 confls 5376217 constrs 1158 vars
c INPROCESSING 5.73444 proptime 684838 prop/sec 14.6236 prop/ca
c 2683000 confls 5367382 constrs 1158 vars
c 2684000 confls 5368382 constrs 1158 vars
c 2685000 confls 5369382 constrs 1158 vars
c 2686000 confls 5370382 constrs 1158 vars
c 2687000 confls 5371382 constrs 1158 vars
c 2688000 confls 5372382 constrs 1158 vars
c 2689000 confls 5373382 constrs 1158 vars
c 2690000 confls 5374382 constrs 1158 vars
c 2691000 confls 5375382 constrs 1158 vars
c INPROCESSING 5.96814 proptime 709197 prop/sec 13.498 prop/ca
c 2692000 confls 5367056 constrs 1158 vars
c 2693000 confls 5368056 constrs 1158 vars
c 2694000 confls 5369056 constrs 1158 vars
c 2695000 confls 5370056 constrs 1158 vars
c 2696000 confls 5371056 constrs 1157 vars
c 2697000 confls 5372056 constrs 1157 vars
c 2698000 confls 5373056 constrs 1157 vars
c 2699000 confls 5374056 constrs 1157 vars
c 2700000 confls 5375056 constrs 1157 vars
c 2701000 confls 5376056 constrs 1157 vars
c INPROCESSING 5.82293 proptime 717199 prop/sec 11.6198 prop/ca
c 2702000 confls 5299482 constrs 1157 vars
c 2703000 confls 5300482 constrs 1157 vars
c 2704000 confls 5301482 constrs 1157 vars
c 2705000 confls 5302482 constrs 1157 vars
c 2706000 confls 5303482 constrs 1157 vars
c 2707000 confls 5304482 constrs 1157 vars
c 2708000 confls 5305482 constrs 1157 vars
c 2709000 confls 5306482 constrs 1157 vars
c 2710000 confls 5307482 constrs 1157 vars
c 2711000 confls 5308482 constrs 1157 vars
c INPROCESSING 5.66841 proptime 603660 prop/sec 15.0232 prop/ca
c 2712000 confls 5299529 constrs 1157 vars
c 2713000 confls 5300529 constrs 1157 vars
c 2714000 confls 5301529 constrs 1157 vars
c 2715000 confls 5302529 constrs 1157 vars
c 2716000 confls 5303529 constrs 1157 vars
c 2717000 confls 5304529 constrs 1157 vars
c 2718000 confls 5305529 constrs 1157 vars
c 2719000 confls 5306529 constrs 1157 vars
c 2720000 confls 5307529 constrs 1157 vars
c INPROCESSING 6.08014 proptime 682760 prop/sec 11.8884 prop/ca
c 2721000 confls 5299636 constrs 1157 vars
c 2722000 confls 5300636 constrs 1157 vars
c 2723000 confls 5301636 constrs 1157 vars
c 2724000 confls 5302636 constrs 1157 vars
c 2725000 confls 5303636 constrs 1157 vars
c 2726000 confls 5304636 constrs 1157 vars
c 2727000 confls 5305636 constrs 1157 vars
c 2728000 confls 5306636 constrs 1157 vars
c 2729000 confls 5307636 constrs 1157 vars
c 2730000 confls 5308636 constrs 1157 vars
c INPROCESSING 5.44216 proptime 701467 prop/sec 13.5853 prop/ca
c 2731000 confls 5299404 constrs 1157 vars
c 2732000 confls 5300404 constrs 1157 vars
c 2733000 confls 5301404 constrs 1157 vars
c 2734000 confls 5302404 constrs 1157 vars
c 2735000 confls 5303404 constrs 1157 vars
c 2736000 confls 5304404 constrs 1157 vars
c 2737000 confls 5305404 constrs 1157 vars
c 2738000 confls 5306404 constrs 1157 vars
c 2739000 confls 5307404 constrs 1157 vars
c 2740000 confls 5308404 constrs 1157 vars
c INPROCESSING 5.91892 proptime 669752 prop/sec 14.7143 prop/ca
c 2741000 confls 5299676 constrs 1157 vars
c 2742000 confls 5300676 constrs 1157 vars
c 2743000 confls 5301676 constrs 1157 vars
c 2744000 confls 5302676 constrs 1157 vars
c 2745000 confls 5303676 constrs 1157 vars
c 2746000 confls 5304676 constrs 1157 vars
c 2747000 confls 5305676 constrs 1157 vars
c 2748000 confls 5306676 constrs 1157 vars
c 2749000 confls 5307676 constrs 1157 vars
c INPROCESSING 6.09577 proptime 606101 prop/sec 15.1163 prop/ca
c 2750000 confls 5299440 constrs 1157 vars
c 2751000 confls 5300440 constrs 1157 vars
c 2752000 confls 5301440 constrs 1157 vars
c 2753000 confls 5302440 constrs 1157 vars
c 2754000 confls 5303440 constrs 1157 vars
c 2755000 confls 5304440 constrs 1157 vars
c 2756000 confls 5305440 constrs 1157 vars
c 2757000 confls 5306440 constrs 1157 vars
c 2758000 confls 5307440 constrs 1157 vars
c 2759000 confls 5308440 constrs 1157 vars
c INPROCESSING 6.02046 proptime 644734 prop/sec 14.4132 prop/ca
c 2760000 confls 5299259 constrs 1157 vars
c 2761000 confls 5300259 constrs 1157 vars
c 2762000 confls 5301259 constrs 1157 vars
c 2763000 confls 5302259 constrs 1157 vars
c 2764000 confls 5303259 constrs 1157 vars
c 2765000 confls 5304259 constrs 1157 vars
c 2766000 confls 5305259 constrs 1157 vars
c 2767000 confls 5306259 constrs 1157 vars
c 2768000 confls 5307259 constrs 1157 vars
c 2769000 confls 5308259 constrs 1157 vars
c INPROCESSING 5.47678 proptime 680455 prop/sec 14.9456 prop/ca
c 2770000 confls 5300083 constrs 1157 vars
c 2771000 confls 5301083 constrs 1157 vars
c 2772000 confls 5302083 constrs 1157 vars
c 2773000 confls 5303083 constrs 1157 vars
c 2774000 confls 5304083 constrs 1157 vars
c 2775000 confls 5305083 constrs 1157 vars
c 2776000 confls 5306083 constrs 1157 vars
c 2777000 confls 5307083 constrs 1157 vars
c 2778000 confls 5308083 constrs 1157 vars
c 2779000 confls 5309083 constrs 1157 vars
c INPROCESSING 5.74822 proptime 669864 prop/sec 14.0501 prop/ca
c 2780000 confls 5300093 constrs 1157 vars
c 2781000 confls 5301093 constrs 1157 vars
c 2782000 confls 5302093 constrs 1157 vars
c 2783000 confls 5303093 constrs 1157 vars
c 2784000 confls 5304093 constrs 1157 vars
c 2785000 confls 5305093 constrs 1157 vars
c 2786000 confls 5306093 constrs 1157 vars
c 2787000 confls 5307093 constrs 1157 vars
c 2788000 confls 5308093 constrs 1157 vars
c INPROCESSING 6.36264 proptime 601332 prop/sec 14.7622 prop/ca
c 2789000 confls 5299567 constrs 1157 vars
c 2790000 confls 5300567 constrs 1157 vars
c 2791000 confls 5301567 constrs 1157 vars
c 2792000 confls 5302567 constrs 1157 vars
c 2793000 confls 5303567 constrs 1157 vars
c 2794000 confls 5304567 constrs 1157 vars
c 2795000 confls 5305567 constrs 1157 vars
c 2796000 confls 5306567 constrs 1157 vars
c 2797000 confls 5307567 constrs 1157 vars
c 2798000 confls 5308567 constrs 1157 vars
c INPROCESSING 6.05249 proptime 661998 prop/sec 14.3445 prop/ca
c 2799000 confls 5299388 constrs 1157 vars
c 2800000 confls 5300388 constrs 1157 vars
c 2801000 confls 5301388 constrs 1157 vars
c 2802000 confls 5302388 constrs 1157 vars
c 2803000 confls 5303388 constrs 1157 vars
c 2804000 confls 5304388 constrs 1157 vars
c 2805000 confls 5305388 constrs 1157 vars
c 2806000 confls 5306388 constrs 1157 vars
c 2807000 confls 5307388 constrs 1157 vars
c 2808000 confls 5308388 constrs 1157 vars
c INPROCESSING 5.61002 proptime 634060 prop/sec 14.751 prop/ca
c 2809000 confls 5300239 constrs 1157 vars
c 2810000 confls 5301239 constrs 1157 vars
c 2811000 confls 5302239 constrs 1157 vars
c 2812000 confls 5303239 constrs 1157 vars
c 2813000 confls 5304239 constrs 1157 vars
c 2814000 confls 5305239 constrs 1157 vars
c 2815000 confls 5306239 constrs 1157 vars
c 2816000 confls 5307239 constrs 1157 vars
c 2817000 confls 5308239 constrs 1157 vars
c INPROCESSING 5.70833 proptime 735278 prop/sec 13.7954 prop/ca
c 2818000 confls 5299302 constrs 1157 vars
c 2819000 confls 5300302 constrs 1157 vars
c 2820000 confls 5301302 constrs 1157 vars
c 2821000 confls 5302302 constrs 1157 vars
c 2822000 confls 5303302 constrs 1157 vars
c 2823000 confls 5304302 constrs 1157 vars
c 2824000 confls 5305302 constrs 1157 vars
c 2825000 confls 5306302 constrs 1157 vars
c 2826000 confls 5307302 constrs 1157 vars
c 2827000 confls 5308302 constrs 1157 vars
c INPROCESSING 5.95264 proptime 687763 prop/sec 13.6305 prop/ca
c 2828000 confls 5299466 constrs 1157 vars
c 2829000 confls 5300466 constrs 1157 vars
c 2830000 confls 5301466 constrs 1157 vars
c 2831000 confls 5302466 constrs 1157 vars
c 2832000 confls 5303466 constrs 1157 vars
c 2833000 confls 5304466 constrs 1157 vars
c 2834000 confls 5305466 constrs 1157 vars
c 2835000 confls 5306466 constrs 1157 vars
c 2836000 confls 5307466 constrs 1157 vars
c 2837000 confls 5308466 constrs 1157 vars
c INPROCESSING 5.32395 proptime 748272 prop/sec 13.3736 prop/ca
c 2838000 confls 5299524 constrs 1157 vars
c 2839000 confls 5300524 constrs 1157 vars
c 2840000 confls 5301524 constrs 1157 vars
c 2841000 confls 5302524 constrs 1157 vars
c 2842000 confls 5303524 constrs 1157 vars
c 2843000 confls 5304524 constrs 1157 vars
c 2844000 confls 5305524 constrs 1157 vars
c 2845000 confls 5306524 constrs 1157 vars
c 2846000 confls 5307524 constrs 1157 vars
c 2847000 confls 5308524 constrs 1157 vars
c INPROCESSING 5.93875 proptime 667305 prop/sec 14.8326 prop/ca
c 2848000 confls 5300140 constrs 1157 vars
c 2849000 confls 5301140 constrs 1157 vars
c 2850000 confls 5302140 constrs 1157 vars
c 2851000 confls 5303140 constrs 1157 vars
c 2852000 confls 5304140 constrs 1157 vars
c 2853000 confls 5305140 constrs 1157 vars
c 2854000 confls 5306140 constrs 1157 vars
c 2855000 confls 5307140 constrs 1157 vars
c 2856000 confls 5308140 constrs 1157 vars
c INPROCESSING 6.3531 proptime 604116 prop/sec 14.5344 prop/ca
c 2857000 confls 5299356 constrs 1157 vars
c 2858000 confls 5300356 constrs 1157 vars
c 2859000 confls 5301356 constrs 1157 vars
c 2860000 confls 5302356 constrs 1157 vars
c 2861000 confls 5303356 constrs 1157 vars
c 2862000 confls 5304356 constrs 1157 vars
c 2863000 confls 5305356 constrs 1157 vars
c 2864000 confls 5306356 constrs 1157 vars
c 2865000 confls 5307356 constrs 1157 vars
c 2866000 confls 5308356 constrs 1157 vars
c INPROCESSING 5.88097 proptime 666299 prop/sec 15.0803 prop/ca
c 2867000 confls 5299665 constrs 1157 vars
c 2868000 confls 5300665 constrs 1157 vars
c 2869000 confls 5301665 constrs 1157 vars
c 2870000 confls 5302665 constrs 1157 vars
c 2871000 confls 5303665 constrs 1157 vars
c 2872000 confls 5304665 constrs 1157 vars
c 2873000 confls 5305665 constrs 1157 vars
c 2874000 confls 5306665 constrs 1157 vars
c 2875000 confls 5307665 constrs 1157 vars
c 2876000 confls 5308665 constrs 1157 vars
c INPROCESSING 6.23381 proptime 540881 prop/sec 16.5002 prop/ca
c 2877000 confls 5300596 constrs 1157 vars
c 2878000 confls 5301596 constrs 1157 vars
c 2879000 confls 5302596 constrs 1157 vars
c 2880000 confls 5303596 constrs 1157 vars
c 2881000 confls 5304596 constrs 1157 vars
c 2882000 confls 5305596 constrs 1157 vars
c 2883000 confls 5306596 constrs 1157 vars
c 2884000 confls 5307596 constrs 1157 vars
c 2885000 confls 5308596 constrs 1157 vars
c 2886000 confls 5309596 constrs 1157 vars
c INPROCESSING 6.2348 proptime 663548 prop/sec 14.64 prop/ca
c 2887000 confls 5300889 constrs 1157 vars
c 2888000 confls 5301889 constrs 1157 vars
c 2889000 confls 5302889 constrs 1157 vars
c 2890000 confls 5303889 constrs 1157 vars
c 2891000 confls 5304889 constrs 1157 vars
c 2892000 confls 5305889 constrs 1157 vars
c 2893000 confls 5306889 constrs 1157 vars
c 2894000 confls 5307889 constrs 1157 vars
c 2895000 confls 5308889 constrs 1157 vars
c INPROCESSING 5.99284 proptime 639294 prop/sec 15.3 prop/ca
c 2896000 confls 5299500 constrs 1157 vars
c 2897000 confls 5300500 constrs 1157 vars
c 2898000 confls 5301500 constrs 1157 vars
c 2899000 confls 5302500 constrs 1157 vars
c 2900000 confls 5303500 constrs 1157 vars
c 2901000 confls 5304500 constrs 1157 vars
c 2902000 confls 5305500 constrs 1157 vars
c 2903000 confls 5306500 constrs 1157 vars
c 2904000 confls 5307500 constrs 1157 vars
c 2905000 confls 5308500 constrs 1157 vars
c INPROCESSING 6.04205 proptime 693174 prop/sec 14.3462 prop/ca
c 2906000 confls 5299522 constrs 1157 vars
c 2907000 confls 5300522 constrs 1157 vars
c 2908000 confls 5301522 constrs 1157 vars
c 2909000 confls 5302522 constrs 1157 vars
c 2910000 confls 5303522 constrs 1157 vars
c 2911000 confls 5304522 constrs 1157 vars
c 2912000 confls 5305522 constrs 1157 vars
c 2913000 confls 5306522 constrs 1157 vars
c 2914000 confls 5307522 constrs 1157 vars
c 2915000 confls 5308522 constrs 1157 vars
c INPROCESSING 6.20483 proptime 535669 prop/sec 17.3706 prop/ca
c 2916000 confls 5300681 constrs 1157 vars
c 2917000 confls 5301681 constrs 1157 vars
c 2918000 confls 5302681 constrs 1157 vars
c 2919000 confls 5303681 constrs 1157 vars
c 2920000 confls 5304681 constrs 1157 vars
c 2921000 confls 5305681 constrs 1157 vars
c 2922000 confls 5306681 constrs 1157 vars
c 2923000 confls 5307681 constrs 1157 vars
c 2924000 confls 5308681 constrs 1157 vars
c 2925000 confls 5309681 constrs 1157 vars
c INPROCESSING 6.03394 proptime 671328 prop/sec 15.2247 prop/ca
c 2926000 confls 5300475 constrs 1157 vars
c 2927000 confls 5301475 constrs 1157 vars
c 2928000 confls 5302475 constrs 1157 vars
c 2929000 confls 5303475 constrs 1157 vars
c 2930000 confls 5304475 constrs 1157 vars
c 2931000 confls 5305475 constrs 1157 vars
c 2932000 confls 5306475 constrs 1157 vars
c 2933000 confls 5307475 constrs 1157 vars
c 2934000 confls 5308475 constrs 1157 vars
c INPROCESSING 5.67757 proptime 713171 prop/sec 13.6464 prop/ca
c 2935000 confls 5299240 constrs 1157 vars
c 2936000 confls 5300240 constrs 1157 vars
c 2937000 confls 5301240 constrs 1157 vars
c 2938000 confls 5302240 constrs 1157 vars
c 2939000 confls 5303240 constrs 1157 vars
c 2940000 confls 5304240 constrs 1157 vars
c 2941000 confls 5305240 constrs 1157 vars
c 2942000 confls 5306240 constrs 1157 vars
c 2943000 confls 5307240 constrs 1157 vars
c 2944000 confls 5308240 constrs 1157 vars
c INPROCESSING 6.48757 proptime 652171 prop/sec 13.0691 prop/ca
c 2945000 confls 5299487 constrs 1156 vars
c 2946000 confls 5300487 constrs 1156 vars
c 2947000 confls 5301487 constrs 1156 vars
c 2948000 confls 5302487 constrs 1156 vars
c 2949000 confls 5303487 constrs 1156 vars
c 2950000 confls 5304487 constrs 1156 vars
c 2951000 confls 5305487 constrs 1156 vars
c 2952000 confls 5306487 constrs 1156 vars
c 2953000 confls 5307487 constrs 1156 vars
c 2954000 confls 5308487 constrs 1156 vars
c INPROCESSING 5.63039 proptime 739022 prop/sec 13.474 prop/ca
c 2955000 confls 5225475 constrs 1156 vars
c 2956000 confls 5226475 constrs 1156 vars
c 2957000 confls 5227475 constrs 1156 vars
c 2958000 confls 5228475 constrs 1156 vars
c 2959000 confls 5229475 constrs 1156 vars
c 2960000 confls 5230475 constrs 1156 vars
c 2961000 confls 5231475 constrs 1156 vars
c 2962000 confls 5232475 constrs 1156 vars
c 2963000 confls 5233475 constrs 1156 vars
c 2964000 confls 5234475 constrs 1156 vars
c INPROCESSING 6.17766 proptime 667354 prop/sec 13.9696 prop/ca
c 2965000 confls 5225600 constrs 1156 vars
c 2966000 confls 5226600 constrs 1156 vars
c 2967000 confls 5227600 constrs 1156 vars
c 2968000 confls 5228600 constrs 1156 vars
c 2969000 confls 5229600 constrs 1156 vars
c 2970000 confls 5230600 constrs 1156 vars
c 2971000 confls 5231600 constrs 1156 vars
c 2972000 confls 5232600 constrs 1156 vars
c 2973000 confls 5233600 constrs 1156 vars
c INPROCESSING 5.53094 proptime 715036 prop/sec 13.4197 prop/ca
c 2974000 confls 5224404 constrs 1156 vars
c 2975000 confls 5225404 constrs 1156 vars
c 2976000 confls 5226404 constrs 1156 vars
c 2977000 confls 5227404 constrs 1156 vars
c 2978000 confls 5228404 constrs 1156 vars
c 2979000 confls 5229404 constrs 1156 vars
c 2980000 confls 5230404 constrs 1156 vars
c 2981000 confls 5231404 constrs 1156 vars
c 2982000 confls 5232404 constrs 1156 vars
c 2983000 confls 5233404 constrs 1156 vars
c INPROCESSING 5.39018 proptime 786560 prop/sec 13.2187 prop/ca
c 2984000 confls 5224961 constrs 1156 vars
c 2985000 confls 5225961 constrs 1156 vars
c 2986000 confls 5226961 constrs 1156 vars
c 2987000 confls 5227961 constrs 1156 vars
c 2988000 confls 5228961 constrs 1156 vars
c 2989000 confls 5229961 constrs 1156 vars
c 2990000 confls 5230961 constrs 1156 vars
c 2991000 confls 5231961 constrs 1156 vars
c 2992000 confls 5232961 constrs 1156 vars
c 2993000 confls 5233961 constrs 1156 vars
c INPROCESSING 5.95999 proptime 654755 prop/sec 14.9743 prop/ca
c 2994000 confls 5225528 constrs 1156 vars
c 2995000 confls 5226528 constrs 1156 vars
c 2996000 confls 5227528 constrs 1156 vars
c 2997000 confls 5228528 constrs 1156 vars
c 2998000 confls 5229528 constrs 1156 vars
c 2999000 confls 5230528 constrs 1156 vars
c 3000000 confls 5231528 constrs 1156 vars
c 3001000 confls 5232528 constrs 1156 vars
c 3002000 confls 5233528 constrs 1156 vars
c 3003000 confls 5234528 constrs 1156 vars
c INPROCESSING 6.36363 proptime 671937 prop/sec 12.7986 prop/ca
c 3004000 confls 5225225 constrs 1156 vars
c 3005000 confls 5226225 constrs 1156 vars
c 3006000 confls 5227225 constrs 1156 vars
c 3007000 confls 5228225 constrs 1156 vars
c 3008000 confls 5229225 constrs 1156 vars
c 3009000 confls 5230225 constrs 1156 vars
c 3010000 confls 5231225 constrs 1156 vars
c 3011000 confls 5232225 constrs 1156 vars
c 3012000 confls 5233225 constrs 1156 vars
c INPROCESSING 5.98093 proptime 691208 prop/sec 14.1502 prop/ca
c 3013000 confls 5224601 constrs 1156 vars
c 3014000 confls 5225601 constrs 1156 vars
c 3015000 confls 5226601 constrs 1156 vars
c 3016000 confls 5227601 constrs 1156 vars
c 3017000 confls 5228601 constrs 1156 vars
c 3018000 confls 5229601 constrs 1156 vars
c 3019000 confls 5230601 constrs 1156 vars
c 3020000 confls 5231601 constrs 1156 vars
c 3021000 confls 5232601 constrs 1156 vars
c 3022000 confls 5233601 constrs 1156 vars
c INPROCESSING 6.39418 proptime 629037 prop/sec 15.3015 prop/ca
c 3023000 confls 5225242 constrs 1156 vars
c 3024000 confls 5226242 constrs 1156 vars
c 3025000 confls 5227242 constrs 1156 vars
c 3026000 confls 5228242 constrs 1156 vars
c 3027000 confls 5229242 constrs 1156 vars
c 3028000 confls 5230242 constrs 1156 vars
c 3029000 confls 5231242 constrs 1156 vars
c 3030000 confls 5232242 constrs 1156 vars
c 3031000 confls 5233242 constrs 1156 vars
c 3032000 confls 5234242 constrs 1156 vars
c INPROCESSING 6.29559 proptime 633514 prop/sec 15.2578 prop/ca
c 3033000 confls 5225009 constrs 1156 vars
c 3034000 confls 5226009 constrs 1156 vars
c 3035000 confls 5227009 constrs 1156 vars
c 3036000 confls 5228009 constrs 1156 vars
c 3037000 confls 5229009 constrs 1156 vars
c 3038000 confls 5230009 constrs 1156 vars
c 3039000 confls 5231009 constrs 1156 vars
c 3040000 confls 5232009 constrs 1156 vars
c 3041000 confls 5233009 constrs 1156 vars
c 3042000 confls 5234009 constrs 1155 vars
c INPROCESSING 6.10118 proptime 625501 prop/sec 15.4556 prop/ca
c 3043000 confls 5156920 constrs 1155 vars
c 3044000 confls 5157920 constrs 1155 vars
c 3045000 confls 5158920 constrs 1155 vars
c 3046000 confls 5159920 constrs 1155 vars
c 3047000 confls 5160920 constrs 1155 vars
c 3048000 confls 5161920 constrs 1155 vars
c 3049000 confls 5162920 constrs 1155 vars
c 3050000 confls 5163920 constrs 1155 vars
c 3051000 confls 5164920 constrs 1155 vars
c INPROCESSING 6.09823 proptime 649713 prop/sec 16.084 prop/ca
c 3052000 confls 5155791 constrs 1155 vars
c 3053000 confls 5156791 constrs 1155 vars
c 3054000 confls 5157791 constrs 1155 vars
c 3055000 confls 5158791 constrs 1155 vars
c 3056000 confls 5159791 constrs 1155 vars
c 3057000 confls 5160791 constrs 1155 vars
c 3058000 confls 5161791 constrs 1155 vars
c 3059000 confls 5162791 constrs 1155 vars
c 3060000 confls 5163791 constrs 1155 vars
c 3061000 confls 5164791 constrs 1155 vars
c INPROCESSING 5.97821 proptime 668656 prop/sec 15.6756 prop/ca
c 3062000 confls 5156157 constrs 1155 vars
c 3063000 confls 5157157 constrs 1155 vars
c 3064000 confls 5158157 constrs 1155 vars
c 3065000 confls 5159157 constrs 1155 vars
c 3066000 confls 5160157 constrs 1155 vars
c 3067000 confls 5161157 constrs 1155 vars
c 3068000 confls 5162157 constrs 1155 vars
c 3069000 confls 5163157 constrs 1155 vars
c 3070000 confls 5164157 constrs 1155 vars
c 3071000 confls 5165157 constrs 1155 vars
c INPROCESSING 6.11012 proptime 588978 prop/sec 15.8648 prop/ca
c 3072000 confls 5156502 constrs 1155 vars
c 3073000 confls 5157502 constrs 1155 vars
c 3074000 confls 5158502 constrs 1155 vars
c 3075000 confls 5159502 constrs 1155 vars
c 3076000 confls 5160502 constrs 1155 vars
c 3077000 confls 5161502 constrs 1155 vars
c 3078000 confls 5162502 constrs 1155 vars
c 3079000 confls 5163502 constrs 1155 vars
c 3080000 confls 5164502 constrs 1155 vars
c 3081000 confls 5165502 constrs 1155 vars
c INPROCESSING 5.40502 proptime 717303 prop/sec 14.3728 prop/ca
c 3082000 confls 5157160 constrs 1155 vars
c 3083000 confls 5158160 constrs 1155 vars
c 3084000 confls 5159160 constrs 1155 vars
c 3085000 confls 5160160 constrs 1155 vars
c 3086000 confls 5161160 constrs 1155 vars
c 3087000 confls 5162160 constrs 1155 vars
c 3088000 confls 5163160 constrs 1155 vars
c 3089000 confls 5164160 constrs 1155 vars
c 3090000 confls 5165160 constrs 1155 vars
c 3091000 confls 5166160 constrs 1155 vars
c INPROCESSING 5.64504 proptime 665164 prop/sec 15.1031 prop/ca
c 3092000 confls 5156821 constrs 1155 vars
c 3093000 confls 5157821 constrs 1155 vars
c 3094000 confls 5158821 constrs 1155 vars
c 3095000 confls 5159821 constrs 1155 vars
c 3096000 confls 5160821 constrs 1155 vars
c 3097000 confls 5161821 constrs 1155 vars
c 3098000 confls 5162821 constrs 1155 vars
c 3099000 confls 5163821 constrs 1155 vars
c 3100000 confls 5164821 constrs 1155 vars
c INPROCESSING 5.95766 proptime 659470 prop/sec 15.1741 prop/ca
c 3101000 confls 5155751 constrs 1155 vars
c 3102000 confls 5156751 constrs 1155 vars
c 3103000 confls 5157751 constrs 1155 vars
c 3104000 confls 5158751 constrs 1155 vars
c 3105000 confls 5159751 constrs 1155 vars
c 3106000 confls 5160751 constrs 1155 vars
c 3107000 confls 5161751 constrs 1155 vars
c 3108000 confls 5162751 constrs 1155 vars
c 3109000 confls 5163751 constrs 1155 vars
c 3110000 confls 5164751 constrs 1155 vars
c INPROCESSING 6.32905 proptime 524499 prop/sec 18.0826 prop/ca
c 3111000 confls 5156708 constrs 1155 vars
c 3112000 confls 5157708 constrs 1155 vars
c 3113000 confls 5158708 constrs 1155 vars
c 3114000 confls 5159708 constrs 1155 vars
c 3115000 confls 5160708 constrs 1155 vars
c 3116000 confls 5161708 constrs 1155 vars
c 3117000 confls 5162708 constrs 1155 vars
c 3118000 confls 5163708 constrs 1155 vars
c 3119000 confls 5164708 constrs 1155 vars
c 3120000 confls 5165708 constrs 1155 vars
c INPROCESSING 6.03192 proptime 683869 prop/sec 12.8922 prop/ca
c 3121000 confls 5156646 constrs 1155 vars
c 3122000 confls 5157646 constrs 1155 vars
c 3123000 confls 5158646 constrs 1155 vars
c 3124000 confls 5159646 constrs 1155 vars
c 3125000 confls 5160646 constrs 1155 vars
c 3126000 confls 5161646 constrs 1155 vars
c 3127000 confls 5162646 constrs 1155 vars
c 3128000 confls 5163646 constrs 1155 vars
c 3129000 confls 5164646 constrs 1155 vars
c 3130000 confls 5165646 constrs 1155 vars
c INPROCESSING 5.91149 proptime 636294 prop/sec 16.4638 prop/ca
c 3131000 confls 5156810 constrs 1155 vars
c 3132000 confls 5157810 constrs 1155 vars
c 3133000 confls 5158810 constrs 1155 vars
c 3134000 confls 5159810 constrs 1155 vars
c 3135000 confls 5160810 constrs 1155 vars
c 3136000 confls 5161810 constrs 1155 vars
c 3137000 confls 5162810 constrs 1155 vars
c 3138000 confls 5163810 constrs 1155 vars
c 3139000 confls 5164810 constrs 1155 vars
c 3140000 confls 5165810 constrs 1155 vars
c INPROCESSING 5.8836 proptime 621262 prop/sec 16.3095 prop/ca
c 3141000 confls 5157186 constrs 1155 vars
c 3142000 confls 5158186 constrs 1155 vars
c 3143000 confls 5159186 constrs 1155 vars
c 3144000 confls 5160186 constrs 1155 vars
c 3145000 confls 5161186 constrs 1155 vars
c 3146000 confls 5162186 constrs 1155 vars
c 3147000 confls 5163186 constrs 1155 vars
c 3148000 confls 5164186 constrs 1155 vars
c 3149000 confls 5165186 constrs 1155 vars
c INPROCESSING 6.19727 proptime 613772 prop/sec 16.5919 prop/ca
c 3150000 confls 5156431 constrs 1155 vars
c 3151000 confls 5157431 constrs 1155 vars
c 3152000 confls 5158431 constrs 1155 vars
c 3153000 confls 5159431 constrs 1155 vars
c 3154000 confls 5160431 constrs 1155 vars
c 3155000 confls 5161431 constrs 1155 vars
c 3156000 confls 5162431 constrs 1155 vars
c 3157000 confls 5163431 constrs 1155 vars
c 3158000 confls 5164431 constrs 1155 vars
c 3159000 confls 5165431 constrs 1155 vars
c INPROCESSING 6.26486 proptime 632250 prop/sec 15.5848 prop/ca
c 3160000 confls 5156467 constrs 1155 vars
c 3161000 confls 5157467 constrs 1155 vars
c 3162000 confls 5158467 constrs 1155 vars
c 3163000 confls 5159467 constrs 1155 vars
c 3164000 confls 5160467 constrs 1155 vars
c 3165000 confls 5161467 constrs 1155 vars
c 3166000 confls 5162467 constrs 1155 vars
c 3167000 confls 5163467 constrs 1155 vars
c 3168000 confls 5164467 constrs 1155 vars
c 3169000 confls 5165467 constrs 1155 vars
c INPROCESSING 6.1251 proptime 606989 prop/sec 16.2442 prop/ca
c 3170000 confls 5156213 constrs 1155 vars
c 3171000 confls 5157213 constrs 1155 vars
c 3172000 confls 5158213 constrs 1155 vars
c 3173000 confls 5159213 constrs 1155 vars
c 3174000 confls 5160213 constrs 1155 vars
c 3175000 confls 5161213 constrs 1155 vars
c 3176000 confls 5162213 constrs 1155 vars
c 3177000 confls 5163213 constrs 1155 vars
c 3178000 confls 5164213 constrs 1155 vars
c 3179000 confls 5165213 constrs 1154 vars
c INPROCESSING 6.27685 proptime 645064 prop/sec 16.4512 prop/ca
c 3180000 confls 5082278 constrs 1154 vars
c 3181000 confls 5083278 constrs 1154 vars
c 3182000 confls 5084278 constrs 1154 vars
c 3183000 confls 5085278 constrs 1154 vars
c 3184000 confls 5086278 constrs 1154 vars
c 3185000 confls 5087278 constrs 1154 vars
c 3186000 confls 5088278 constrs 1154 vars
c 3187000 confls 5089278 constrs 1154 vars
c 3188000 confls 5090278 constrs 1154 vars
c 3189000 confls 5091278 constrs 1154 vars
c INPROCESSING 6.43585 proptime 602268 prop/sec 16.6239 prop/ca
c 3190000 confls 5082881 constrs 1154 vars
c 3191000 confls 5083881 constrs 1154 vars
c 3192000 confls 5084881 constrs 1154 vars
c 3193000 confls 5085881 constrs 1154 vars
c 3194000 confls 5086881 constrs 1154 vars
c 3195000 confls 5087881 constrs 1154 vars
c 3196000 confls 5088881 constrs 1154 vars
c 3197000 confls 5089881 constrs 1154 vars
c 3198000 confls 5090881 constrs 1154 vars
c 3199000 confls 5091881 constrs 1154 vars
c INPROCESSING 6.49921 proptime 577445 prop/sec 17.4608 prop/ca
c 3200000 confls 5082476 constrs 1154 vars
c 3201000 confls 5083476 constrs 1154 vars
c 3202000 confls 5084476 constrs 1154 vars
c 3203000 confls 5085476 constrs 1154 vars
c 3204000 confls 5086476 constrs 1154 vars
c 3205000 confls 5087476 constrs 1154 vars
c 3206000 confls 5088476 constrs 1154 vars
c 3207000 confls 5089476 constrs 1154 vars
c 3208000 confls 5090476 constrs 1154 vars
c INPROCESSING 7.38968 proptime 550907 prop/sec 16.7777 prop/ca
c 3209000 confls 5082154 constrs 1154 vars
c 3210000 confls 5083154 constrs 1154 vars
c 3211000 confls 5084154 constrs 1154 vars
c 3212000 confls 5085154 constrs 1154 vars
c 3213000 confls 5086154 constrs 1154 vars
c 3214000 confls 5087154 constrs 1154 vars
c 3215000 confls 5088154 constrs 1154 vars
c 3216000 confls 5089154 constrs 1154 vars
c 3217000 confls 5090154 constrs 1154 vars
c 3218000 confls 5091154 constrs 1154 vars
c INPROCESSING 5.3748 proptime 724698 prop/sec 14.1737 prop/ca
c 3219000 confls 5081720 constrs 1154 vars
c 3220000 confls 5082720 constrs 1154 vars
c 3221000 confls 5083720 constrs 1154 vars
c 3222000 confls 5084720 constrs 1154 vars
c 3223000 confls 5085720 constrs 1154 vars
c 3224000 confls 5086720 constrs 1154 vars
c 3225000 confls 5087720 constrs 1154 vars
c 3226000 confls 5088720 constrs 1154 vars
c 3227000 confls 5089720 constrs 1154 vars
c 3228000 confls 5090720 constrs 1154 vars
c INPROCESSING 6.98749 proptime 667768 prop/sec 15.0088 prop/ca
c 3229000 confls 5081811 constrs 1154 vars
c 3230000 confls 5082811 constrs 1154 vars
c 3231000 confls 5083811 constrs 1154 vars
c 3232000 confls 5084811 constrs 1154 vars
c 3233000 confls 5085811 constrs 1154 vars
c 3234000 confls 5086811 constrs 1154 vars
c 3235000 confls 5087811 constrs 1154 vars
c 3236000 confls 5088811 constrs 1154 vars
c 3237000 confls 5089811 constrs 1154 vars
c 3238000 confls 5090811 constrs 1154 vars
c INPROCESSING 6.16089 proptime 695743 prop/sec 14.3769 prop/ca
c 3239000 confls 5081774 constrs 1154 vars
c 3240000 confls 5082774 constrs 1154 vars
c 3241000 confls 5083774 constrs 1154 vars
c 3242000 confls 5084774 constrs 1154 vars
c 3243000 confls 5085774 constrs 1154 vars
c 3244000 confls 5086774 constrs 1154 vars
c 3245000 confls 5087774 constrs 1154 vars
c 3246000 confls 5088774 constrs 1154 vars
c 3247000 confls 5089774 constrs 1154 vars
c 3248000 confls 5090774 constrs 1154 vars
c INPROCESSING 5.93464 proptime 703849 prop/sec 13.9411 prop/ca
c 3249000 confls 5081782 constrs 1154 vars
c 3250000 confls 5082782 constrs 1154 vars
c 3251000 confls 5083782 constrs 1154 vars
c 3252000 confls 5084782 constrs 1154 vars
c 3253000 confls 5085782 constrs 1154 vars
c 3254000 confls 5086782 constrs 1154 vars
c 3255000 confls 5087782 constrs 1154 vars
c 3256000 confls 5088782 constrs 1154 vars
c 3257000 confls 5089782 constrs 1154 vars
c INPROCESSING 6.1129 proptime 664204 prop/sec 15.1323 prop/ca
c 3258000 confls 5081234 constrs 1154 vars
c 3259000 confls 5082234 constrs 1154 vars
c 3260000 confls 5083234 constrs 1154 vars
c 3261000 confls 5084234 constrs 1154 vars
c 3262000 confls 5085234 constrs 1154 vars
c 3263000 confls 5086234 constrs 1154 vars
c 3264000 confls 5087234 constrs 1154 vars
c 3265000 confls 5088234 constrs 1154 vars
c 3266000 confls 5089234 constrs 1154 vars
c 3267000 confls 5090234 constrs 1154 vars
c INPROCESSING 5.7 proptime 701284 prop/sec 15.1822 prop/ca
c 3268000 confls 5081702 constrs 1154 vars
c 3269000 confls 5082702 constrs 1154 vars
c 3270000 confls 5083702 constrs 1154 vars
c 3271000 confls 5084702 constrs 1154 vars
c 3272000 confls 5085702 constrs 1154 vars
c 3273000 confls 5086702 constrs 1154 vars
c 3274000 confls 5087702 constrs 1154 vars
c 3275000 confls 5088702 constrs 1154 vars
c 3276000 confls 5089702 constrs 1154 vars
c 3277000 confls 5090703 constrs 1154 vars
c INPROCESSING 6.68819 proptime 521052 prop/sec 18.426 prop/ca
c 3278000 confls 5082617 constrs 1154 vars
c 3279000 confls 5083617 constrs 1154 vars
c 3280000 confls 5084617 constrs 1154 vars
c 3281000 confls 5085617 constrs 1154 vars
c 3282000 confls 5086617 constrs 1154 vars
c 3283000 confls 5087617 constrs 1154 vars
c 3284000 confls 5088617 constrs 1154 vars
c 3285000 confls 5089617 constrs 1154 vars
c 3286000 confls 5090617 constrs 1154 vars
c 3287000 confls 5091617 constrs 1154 vars
c INPROCESSING 6.76158 proptime 583249 prop/sec 16.181 prop/ca
c 3288000 confls 5082154 constrs 1154 vars
c 3289000 confls 5083154 constrs 1154 vars
c 3290000 confls 5084154 constrs 1154 vars
c 3291000 confls 5085154 constrs 1154 vars
c 3292000 confls 5086154 constrs 1154 vars
c 3293000 confls 5087154 constrs 1154 vars
c 3294000 confls 5088154 constrs 1154 vars
c 3295000 confls 5089154 constrs 1154 vars
c 3296000 confls 5090154 constrs 1154 vars
c 3297000 confls 5091154 constrs 1154 vars
c INPROCESSING 6.29809 proptime 606558 prop/sec 15.5772 prop/ca
c 3298000 confls 5081902 constrs 1154 vars
c 3299000 confls 5082902 constrs 1154 vars
c 3300000 confls 5083902 constrs 1154 vars
c 3301000 confls 5084902 constrs 1154 vars
c 3302000 confls 5085902 constrs 1154 vars
c 3303000 confls 5086902 constrs 1154 vars
c 3304000 confls 5087902 constrs 1154 vars
c 3305000 confls 5088902 constrs 1154 vars
c 3306000 confls 5089902 constrs 1154 vars
c 3307000 confls 5090902 constrs 1154 vars
c INPROCESSING 6.5919 proptime 575502 prop/sec 17.4938 prop/ca
c 3308000 confls 5082874 constrs 1154 vars
c 3309000 confls 5083874 constrs 1154 vars
c 3310000 confls 5084874 constrs 1154 vars
c 3311000 confls 5085874 constrs 1154 vars
c 3312000 confls 5086874 constrs 1154 vars
c 3313000 confls 5087874 constrs 1154 vars
c 3314000 confls 5088874 constrs 1154 vars
c 3315000 confls 5089874 constrs 1154 vars
c 3316000 confls 5090874 constrs 1154 vars
c INPROCESSING 5.9227 proptime 620554 prop/sec 16.4318 prop/ca
c 3317000 confls 5082101 constrs 1154 vars
c 3318000 confls 5083101 constrs 1154 vars
c 3319000 confls 5084101 constrs 1154 vars
c 3320000 confls 5085101 constrs 1154 vars
c 3321000 confls 5086101 constrs 1154 vars
c 3322000 confls 5087101 constrs 1154 vars
c 3323000 confls 5088101 constrs 1154 vars
c 3324000 confls 5089101 constrs 1154 vars
c 3325000 confls 5090101 constrs 1154 vars
c 3326000 confls 5091101 constrs 1154 vars
c INPROCESSING 6.13145 proptime 610940 prop/sec 16.2869 prop/ca
c 3327000 confls 5082373 constrs 1154 vars
c 3328000 confls 5083373 constrs 1154 vars
c 3329000 confls 5084373 constrs 1154 vars
c 3330000 confls 5085373 constrs 1154 vars
c 3331000 confls 5086373 constrs 1154 vars
c 3332000 confls 5087373 constrs 1154 vars
c 3333000 confls 5088373 constrs 1154 vars
c 3334000 confls 5089373 constrs 1154 vars
c 3335000 confls 5090373 constrs 1154 vars
c 3336000 confls 5091373 constrs 1154 vars
c INPROCESSING 6.10342 proptime 616894 prop/sec 16.478 prop/ca
c 3337000 confls 5082256 constrs 1154 vars
c 3338000 confls 5083256 constrs 1154 vars
c 3339000 confls 5084256 constrs 1154 vars
c 3340000 confls 5085256 constrs 1154 vars
c 3341000 confls 5086256 constrs 1154 vars
c 3342000 confls 5087256 constrs 1154 vars
c 3343000 confls 5088256 constrs 1154 vars
c 3344000 confls 5089256 constrs 1154 vars
c 3345000 confls 5090256 constrs 1154 vars
c 3346000 confls 5091256 constrs 1154 vars
c INPROCESSING 5.74516 proptime 719479 prop/sec 14.561 prop/ca
c 3347000 confls 5082030 constrs 1154 vars
c 3348000 confls 5083030 constrs 1154 vars
c 3349000 confls 5084030 constrs 1154 vars
c 3350000 confls 5085030 constrs 1154 vars
c 3351000 confls 5086030 constrs 1154 vars
c 3352000 confls 5087030 constrs 1154 vars
c 3353000 confls 5088030 constrs 1154 vars
c 3354000 confls 5089030 constrs 1154 vars
c 3355000 confls 5090030 constrs 1154 vars
c 3356000 confls 5091030 constrs 1154 vars
c INPROCESSING 6.08304 proptime 660282 prop/sec 14.4631 prop/ca
c 3357000 confls 5082141 constrs 1154 vars
c 3358000 confls 5083141 constrs 1154 vars
c 3359000 confls 5084141 constrs 1154 vars
c 3360000 confls 5085141 constrs 1154 vars
c 3361000 confls 5086141 constrs 1154 vars
c 3362000 confls 5087141 constrs 1154 vars
c 3363000 confls 5088141 constrs 1154 vars
c 3364000 confls 5089141 constrs 1154 vars
c 3365000 confls 5090141 constrs 1154 vars
c 3366000 confls 5091141 constrs 1154 vars
c INPROCESSING 6.10703 proptime 577594 prop/sec 17.4648 prop/ca
c 3367000 confls 5082324 constrs 1154 vars
c 3368000 confls 5083324 constrs 1154 vars
c 3369000 confls 5084324 constrs 1154 vars
c 3370000 confls 5085324 constrs 1154 vars
c 3371000 confls 5086324 constrs 1154 vars
c 3372000 confls 5087324 constrs 1154 vars
c 3373000 confls 5088324 constrs 1154 vars
c 3374000 confls 5089324 constrs 1154 vars
c 3375000 confls 5090324 constrs 1154 vars
c 3376000 confls 5091324 constrs 1154 vars
c INPROCESSING 6.5145 proptime 592057 prop/sec 17.6247 prop/ca
c 3377000 confls 5083726 constrs 1154 vars
c 3378000 confls 5084726 constrs 1154 vars
c 3379000 confls 5085726 constrs 1154 vars
c 3380000 confls 5086726 constrs 1154 vars
c 3381000 confls 5087726 constrs 1154 vars
c 3382000 confls 5088726 constrs 1154 vars
c 3383000 confls 5089726 constrs 1154 vars
c 3384000 confls 5090726 constrs 1154 vars
c 3385000 confls 5091726 constrs 1154 vars
c INPROCESSING 6.36691 proptime 619213 prop/sec 16.2827 prop/ca
c 3386000 confls 5081830 constrs 1154 vars
c 3387000 confls 5082830 constrs 1154 vars
c 3388000 confls 5083830 constrs 1154 vars
c 3389000 confls 5084830 constrs 1154 vars
c 3390000 confls 5085831 constrs 1154 vars
c 3391000 confls 5086831 constrs 1154 vars
c 3392000 confls 5087831 constrs 1154 vars
c 3393000 confls 5088831 constrs 1154 vars
c 3394000 confls 5089831 constrs 1154 vars
c 3395000 confls 5090831 constrs 1154 vars
c INPROCESSING 5.80297 proptime 688692 prop/sec 15.7361 prop/ca
c 3396000 confls 5082058 constrs 1154 vars
c 3397000 confls 5083058 constrs 1154 vars
c 3398000 confls 5084058 constrs 1154 vars
c 3399000 confls 5085058 constrs 1154 vars
c 3400000 confls 5086058 constrs 1154 vars
c 3401000 confls 5087058 constrs 1154 vars
c 3402000 confls 5088058 constrs 1154 vars
c 3403000 confls 5089058 constrs 1154 vars
c 3404000 confls 5090058 constrs 1154 vars
c 3405000 confls 5091058 constrs 1154 vars
c INPROCESSING 6.01893 proptime 699697 prop/sec 14.3648 prop/ca
c 3406000 confls 5082008 constrs 1154 vars
c 3407000 confls 5083008 constrs 1154 vars
c 3408000 confls 5084008 constrs 1154 vars
c 3409000 confls 5085008 constrs 1154 vars
c 3410000 confls 5086008 constrs 1154 vars
c 3411000 confls 5087008 constrs 1154 vars
c 3412000 confls 5088008 constrs 1154 vars
c 3413000 confls 5089008 constrs 1154 vars
c 3414000 confls 5090008 constrs 1154 vars
c 3415000 confls 5091008 constrs 1154 vars
c INPROCESSING 6.10432 proptime 536047 prop/sec 17.3591 prop/ca
c 3416000 confls 5082278 constrs 1154 vars
c 3417000 confls 5083278 constrs 1154 vars
c 3418000 confls 5084278 constrs 1154 vars
c 3419000 confls 5085278 constrs 1154 vars
c 3420000 confls 5086278 constrs 1154 vars
c 3421000 confls 5087278 constrs 1154 vars
c 3422000 confls 5088278 constrs 1154 vars
c 3423000 confls 5089278 constrs 1154 vars
c 3424000 confls 5090278 constrs 1154 vars
c 3425000 confls 5091278 constrs 1154 vars
c INPROCESSING 6.05794 proptime 652069 prop/sec 16.2512 prop/ca
c 3426000 confls 5082458 constrs 1154 vars
c 3427000 confls 5083458 constrs 1154 vars
c 3428000 confls 5084458 constrs 1154 vars
c 3429000 confls 5085458 constrs 1154 vars
c 3430000 confls 5086458 constrs 1154 vars
c 3431000 confls 5087458 constrs 1154 vars
c 3432000 confls 5088458 constrs 1154 vars
c 3433000 confls 5089458 constrs 1154 vars
c 3434000 confls 5090458 constrs 1154 vars
c 3435000 confls 5091458 constrs 1154 vars
c INPROCESSING 6.41515 proptime 569724 prop/sec 17.8593 prop/ca
c 3436000 confls 5082907 constrs 1154 vars
c 3437000 confls 5083907 constrs 1154 vars
c 3438000 confls 5084907 constrs 1154 vars
c 3439000 confls 5085907 constrs 1154 vars
c 3440000 confls 5086907 constrs 1154 vars
c 3441000 confls 5087907 constrs 1154 vars
c 3442000 confls 5088907 constrs 1154 vars
c 3443000 confls 5089907 constrs 1154 vars
c 3444000 confls 5090907 constrs 1154 vars
c 3445000 confls 5091907 constrs 1154 vars
c INPROCESSING 6.67641 proptime 574525 prop/sec 16.9491 prop/ca
c 3446000 confls 5082859 constrs 1154 vars
c 3447000 confls 5083859 constrs 1154 vars
c 3448000 confls 5084859 constrs 1154 vars
c 3449000 confls 5085859 constrs 1154 vars
c 3450000 confls 5086859 constrs 1154 vars
c 3451000 confls 5087859 constrs 1154 vars
c 3452000 confls 5088859 constrs 1154 vars
c 3453000 confls 5089859 constrs 1154 vars
c 3454000 confls 5090859 constrs 1154 vars
c INPROCESSING 6.22328 proptime 551404 prop/sec 16.53 prop/ca
c 3455000 confls 5082267 constrs 1154 vars
c 3456000 confls 5083267 constrs 1154 vars
c 3457000 confls 5084267 constrs 1154 vars
c 3458000 confls 5085267 constrs 1154 vars
c 3459000 confls 5086267 constrs 1154 vars
c 3460000 confls 5087267 constrs 1154 vars
c 3461000 confls 5088267 constrs 1154 vars
c 3462000 confls 5089267 constrs 1154 vars
c 3463000 confls 5090267 constrs 1154 vars
c 3464000 confls 5091267 constrs 1154 vars
c INPROCESSING 6.71035 proptime 580145 prop/sec 17.4725 prop/ca
c 3465000 confls 5082196 constrs 1154 vars
c 3466000 confls 5083196 constrs 1154 vars
c 3467000 confls 5084196 constrs 1154 vars
c 3468000 confls 5085196 constrs 1154 vars
c 3469000 confls 5086196 constrs 1154 vars
c 3470000 confls 5087196 constrs 1154 vars
c 3471000 confls 5088196 constrs 1154 vars
c 3472000 confls 5089196 constrs 1154 vars
c 3473000 confls 5090196 constrs 1154 vars
c 3474000 confls 5091196 constrs 1154 vars
c INPROCESSING 6.04613 proptime 712994 prop/sec 13.927 prop/ca
c 3475000 confls 5082496 constrs 1154 vars
c 3476000 confls 5083496 constrs 1154 vars
c 3477000 confls 5084496 constrs 1154 vars
c 3478000 confls 5085496 constrs 1154 vars
c 3479000 confls 5086496 constrs 1154 vars
c 3480000 confls 5087496 constrs 1154 vars
c 3481000 confls 5088496 constrs 1154 vars
c 3482000 confls 5089496 constrs 1154 vars
c 3483000 confls 5090496 constrs 1154 vars
c 3484000 confls 5091496 constrs 1154 vars
c INPROCESSING 5.66936 proptime 692929 prop/sec 13.9299 prop/ca
c 3485000 confls 5081541 constrs 1154 vars
c 3486000 confls 5082541 constrs 1154 vars
c 3487000 confls 5083541 constrs 1154 vars
c 3488000 confls 5084541 constrs 1154 vars
c 3489000 confls 5085541 constrs 1154 vars
c 3490000 confls 5086541 constrs 1154 vars
c 3491000 confls 5087541 constrs 1154 vars
c 3492000 confls 5088541 constrs 1154 vars
c 3493000 confls 5089541 constrs 1154 vars
c 3494000 confls 5090541 constrs 1154 vars
c INPROCESSING 6.37055 proptime 564460 prop/sec 16.9906 prop/ca
c 3495000 confls 5082264 constrs 1154 vars
c 3496000 confls 5083264 constrs 1154 vars
c 3497000 confls 5084264 constrs 1154 vars
c 3498000 confls 5085264 constrs 1154 vars
c 3499000 confls 5086264 constrs 1154 vars
c 3500000 confls 5087264 constrs 1154 vars
c 3501000 confls 5088264 constrs 1154 vars
c 3502000 confls 5089264 constrs 1154 vars
c 3503000 confls 5090264 constrs 1154 vars
c 3504000 confls 5091264 constrs 1154 vars
c INPROCESSING 6.39322 proptime 591639 prop/sec 16.9809 prop/ca
c 3505000 confls 5082967 constrs 1154 vars
c 3506000 confls 5083967 constrs 1154 vars
c 3507000 confls 5084967 constrs 1154 vars
c 3508000 confls 5085967 constrs 1154 vars
c 3509000 confls 5086967 constrs 1154 vars
c 3510000 confls 5087967 constrs 1154 vars
c 3511000 confls 5088967 constrs 1154 vars
c 3512000 confls 5089967 constrs 1154 vars
c 3513000 confls 5090967 constrs 1154 vars
c 3514000 confls 5091967 constrs 1154 vars
c INPROCESSING 6.10547 proptime 639215 prop/sec 15.3391 prop/ca
c 3515000 confls 5082484 constrs 1154 vars
c 3516000 confls 5083484 constrs 1154 vars
c 3517000 confls 5084484 constrs 1154 vars
c 3518000 confls 5085484 constrs 1154 vars
c 3519000 confls 5086484 constrs 1154 vars
c 3520000 confls 5087484 constrs 1154 vars
c 3521000 confls 5088484 constrs 1154 vars
c 3522000 confls 5089484 constrs 1154 vars
c 3523000 confls 5090484 constrs 1154 vars
c 3524000 confls 5091484 constrs 1154 vars
c INPROCESSING 6.49473 proptime 590768 prop/sec 16.3503 prop/ca
c 3525000 confls 5082845 constrs 1154 vars
c 3526000 confls 5083845 constrs 1154 vars
c 3527000 confls 5084845 constrs 1154 vars
c 3528000 confls 5085845 constrs 1154 vars
c 3529000 confls 5086845 constrs 1154 vars
c 3530000 confls 5087845 constrs 1154 vars
c 3531000 confls 5088845 constrs 1154 vars
c 3532000 confls 5089845 constrs 1154 vars
c 3533000 confls 5090845 constrs 1154 vars
c INPROCESSING 6.49555 proptime 629361 prop/sec 15.3814 prop/ca
c 3534000 confls 5081457 constrs 1154 vars
c 3535000 confls 5082457 constrs 1154 vars
c 3536000 confls 5083457 constrs 1154 vars
c 3537000 confls 5084457 constrs 1154 vars
c 3538000 confls 5085457 constrs 1154 vars
c 3539000 confls 5086457 constrs 1154 vars
c 3540000 confls 5087457 constrs 1154 vars
c 3541000 confls 5088457 constrs 1154 vars
c 3542000 confls 5089457 constrs 1154 vars
c 3543000 confls 5090457 constrs 1154 vars
c INPROCESSING 6.05242 proptime 714499 prop/sec 14.7157 prop/ca
c 3544000 confls 5081323 constrs 1154 vars
c 3545000 confls 5082323 constrs 1154 vars
c 3546000 confls 5083323 constrs 1154 vars
c 3547000 confls 5084323 constrs 1154 vars
c 3548000 confls 5085323 constrs 1154 vars
c 3549000 confls 5086323 constrs 1154 vars
c 3550000 confls 5087323 constrs 1154 vars
c 3551000 confls 5088323 constrs 1154 vars
c 3552000 confls 5089323 constrs 1154 vars
c 3553000 confls 5090323 constrs 1154 vars
c INPROCESSING 5.99749 proptime 665010 prop/sec 15.1105 prop/ca
c 3554000 confls 5081564 constrs 1154 vars
c 3555000 confls 5082564 constrs 1154 vars
c 3556000 confls 5083564 constrs 1154 vars
c 3557000 confls 5084564 constrs 1154 vars
c 3558000 confls 5085564 constrs 1154 vars
c 3559000 confls 5086564 constrs 1154 vars
c 3560000 confls 5087564 constrs 1154 vars
c 3561000 confls 5088564 constrs 1154 vars
c 3562000 confls 5089564 constrs 1154 vars
c 3563000 confls 5090564 constrs 1154 vars
c INPROCESSING 7.08872 proptime 638538 prop/sec 14.6766 prop/ca
c 3564000 confls 5081628 constrs 1154 vars
c 3565000 confls 5082628 constrs 1154 vars
c 3566000 confls 5083628 constrs 1154 vars
c 3567000 confls 5084628 constrs 1154 vars
c 3568000 confls 5085628 constrs 1154 vars
c 3569000 confls 5086628 constrs 1154 vars
c 3570000 confls 5087628 constrs 1154 vars
c 3571000 confls 5088628 constrs 1154 vars
c 3572000 confls 5089628 constrs 1154 vars
c 3573000 confls 5090628 constrs 1154 vars
c INPROCESSING 6.94005 proptime 654146 prop/sec 14.6258 prop/ca
c 3574000 confls 5081365 constrs 1154 vars
c 3575000 confls 5082365 constrs 1154 vars
c 3576000 confls 5083365 constrs 1154 vars
c 3577000 confls 5084365 constrs 1154 vars
c 3578000 confls 5085365 constrs 1154 vars
c 3579000 confls 5086365 constrs 1154 vars
c 3580000 confls 5087365 constrs 1154 vars
c 3581000 confls 5088365 constrs 1154 vars
c 3582000 confls 5089365 constrs 1154 vars
c 3583000 confls 5090365 constrs 1154 vars
c INPROCESSING 7.66644 proptime 545951 prop/sec 17.2484 prop/ca
c 3584000 confls 5081222 constrs 1154 vars
c 3585000 confls 5082222 constrs 1154 vars
c 3586000 confls 5083222 constrs 1154 vars
c 3587000 confls 5084222 constrs 1154 vars
c 3588000 confls 5085222 constrs 1154 vars
c 3589000 confls 5086222 constrs 1154 vars
c 3590000 confls 5087222 constrs 1154 vars
c 3591000 confls 5088222 constrs 1154 vars
c 3592000 confls 5089222 constrs 1154 vars
c 3593000 confls 5090222 constrs 1154 vars
c INPROCESSING 6.6051 proptime 599823 prop/sec 16.7039 prop/ca
c 3594000 confls 5082219 constrs 1154 vars
c 3595000 confls 5083219 constrs 1154 vars
c 3596000 confls 5084219 constrs 1154 vars
c 3597000 confls 5085219 constrs 1154 vars
c 3598000 confls 5086219 constrs 1154 vars
c 3599000 confls 5087219 constrs 1154 vars
c 3600000 confls 5088219 constrs 1154 vars
c 3601000 confls 5089219 constrs 1154 vars
c 3602000 confls 5090219 constrs 1154 vars
c 3603000 confls 5091219 constrs 1154 vars
c INPROCESSING 7.05461 proptime 635166 prop/sec 14.5376 prop/ca
c 3604000 confls 5082212 constrs 1154 vars
c 3605000 confls 5083212 constrs 1154 vars
c 3606000 confls 5084212 constrs 1154 vars
c 3607000 confls 5085212 constrs 1154 vars
c 3608000 confls 5086212 constrs 1154 vars
c 3609000 confls 5087212 constrs 1154 vars
c 3610000 confls 5088212 constrs 1154 vars
c 3611000 confls 5089212 constrs 1154 vars
c 3612000 confls 5090212 constrs 1154 vars
c 3613000 confls 5091212 constrs 1154 vars
c INPROCESSING 6.09225 proptime 715428 prop/sec 12.2894 prop/ca
c 3614000 confls 5081689 constrs 1154 vars
c 3615000 confls 5082689 constrs 1154 vars
c 3616000 confls 5083689 constrs 1154 vars
c 3617000 confls 5084689 constrs 1154 vars
c 3618000 confls 5085689 constrs 1154 vars
c 3619000 confls 5086689 constrs 1154 vars
c 3620000 confls 5087689 constrs 1154 vars
c 3621000 confls 5088689 constrs 1154 vars
c 3622000 confls 5089689 constrs 1154 vars
c 3623000 confls 5090689 constrs 1154 vars
c INPROCESSING 6.39778 proptime 664499 prop/sec 13.1214 prop/ca
c 3624000 confls 5081777 constrs 1154 vars
c 3625000 confls 5082777 constrs 1154 vars
c 3626000 confls 5083777 constrs 1154 vars
c 3627000 confls 5084777 constrs 1154 vars
c 3628000 confls 5085777 constrs 1154 vars
c 3629000 confls 5086777 constrs 1154 vars
c 3630000 confls 5087777 constrs 1154 vars
c 3631000 confls 5088777 constrs 1154 vars
c 3632000 confls 5089777 constrs 1154 vars
c INPROCESSING 6.47985 proptime 632178 prop/sec 14.3665 prop/ca
c 3633000 confls 5081154 constrs 1154 vars
c 3634000 confls 5082154 constrs 1154 vars
c 3635000 confls 5083154 constrs 1154 vars
c 3636000 confls 5084154 constrs 1154 vars
c 3637000 confls 5085154 constrs 1154 vars
c 3638000 confls 5086154 constrs 1154 vars
c 3639000 confls 5087154 constrs 1154 vars
c 3640000 confls 5088154 constrs 1154 vars
c 3641000 confls 5089154 constrs 1154 vars
c 3642000 confls 5090154 constrs 1154 vars
c INPROCESSING 6.56827 proptime 608145 prop/sec 14.9941 prop/ca
c 3643000 confls 5081218 constrs 1154 vars
c 3644000 confls 5082218 constrs 1154 vars
c 3645000 confls 5083218 constrs 1154 vars
c 3646000 confls 5084218 constrs 1154 vars
c 3647000 confls 5085218 constrs 1154 vars
c 3648000 confls 5086218 constrs 1154 vars
c 3649000 confls 5087218 constrs 1154 vars
c 3650000 confls 5088218 constrs 1154 vars
c 3651000 confls 5089218 constrs 1154 vars
c 3652000 confls 5090218 constrs 1154 vars
c INPROCESSING 6.53417 proptime 607441 prop/sec 17.0207 prop/ca
c 3653000 confls 5081835 constrs 1154 vars
c 3654000 confls 5082835 constrs 1154 vars
c 3655000 confls 5083835 constrs 1154 vars
c 3656000 confls 5084835 constrs 1154 vars
c 3657000 confls 5085835 constrs 1154 vars
c 3658000 confls 5086835 constrs 1154 vars
c 3659000 confls 5087835 constrs 1154 vars
c 3660000 confls 5088835 constrs 1154 vars
c 3661000 confls 5089835 constrs 1154 vars
c 3662000 confls 5090835 constrs 1154 vars
c INPROCESSING 6.83059 proptime 542160 prop/sec 18.3176 prop/ca
c 3663000 confls 5082330 constrs 1154 vars
c 3664000 confls 5083330 constrs 1154 vars
c 3665000 confls 5084330 constrs 1154 vars
c 3666000 confls 5085330 constrs 1154 vars
c 3667000 confls 5086330 constrs 1154 vars
c 3668000 confls 5087330 constrs 1154 vars
c 3669000 confls 5088330 constrs 1154 vars
c 3670000 confls 5089330 constrs 1154 vars
c 3671000 confls 5090330 constrs 1154 vars
c 3672000 confls 5091330 constrs 1154 vars
c INPROCESSING 6.76295 proptime 581539 prop/sec 16.7049 prop/ca
c 3673000 confls 5082135 constrs 1154 vars
c 3674000 confls 5083135 constrs 1154 vars
c 3675000 confls 5084135 constrs 1154 vars
c 3676000 confls 5085135 constrs 1154 vars
c 3677000 confls 5086135 constrs 1154 vars
c 3678000 confls 5087135 constrs 1154 vars
c 3679000 confls 5088135 constrs 1154 vars
c 3680000 confls 5089135 constrs 1154 vars
c 3681000 confls 5090135 constrs 1154 vars
c 3682000 confls 5091135 constrs 1154 vars
c INPROCESSING 6.4725 proptime 553140 prop/sec 18.1239 prop/ca
c 3683000 confls 5082831 constrs 1154 vars
c 3684000 confls 5083831 constrs 1154 vars
c 3685000 confls 5084831 constrs 1154 vars
c 3686000 confls 5085831 constrs 1154 vars
c 3687000 confls 5086831 constrs 1154 vars
c 3688000 confls 5087831 constrs 1154 vars
c 3689000 confls 5088831 constrs 1154 vars
c 3690000 confls 5089831 constrs 1154 vars
c 3691000 confls 5090831 constrs 1154 vars
c 3692000 confls 5091831 constrs 1154 vars
c INPROCESSING 6.66053 proptime 612882 prop/sec 16.0287 prop/ca
c 3693000 confls 5082537 constrs 1154 vars
c 3694000 confls 5083537 constrs 1154 vars
c 3695000 confls 5084537 constrs 1154 vars
c 3696000 confls 5085537 constrs 1154 vars
c 3697000 confls 5086537 constrs 1154 vars
c 3698000 confls 5087537 constrs 1154 vars
c 3699000 confls 5088537 constrs 1154 vars
c 3700000 confls 5089537 constrs 1154 vars
c 3701000 confls 5090537 constrs 1154 vars
c 3702000 confls 5091537 constrs 1154 vars
c INPROCESSING 6.68191 proptime 564160 prop/sec 18.0654 prop/ca
c 3703000 confls 5082490 constrs 1154 vars
c 3704000 confls 5083490 constrs 1154 vars
c 3705000 confls 5084490 constrs 1154 vars
c 3706000 confls 5085490 constrs 1154 vars
c 3707000 confls 5086490 constrs 1154 vars
c 3708000 confls 5087490 constrs 1154 vars
c 3709000 confls 5088490 constrs 1154 vars
c 3710000 confls 5089490 constrs 1154 vars
c 3711000 confls 5090490 constrs 1154 vars
c 3712000 confls 5091490 constrs 1154 vars
c INPROCESSING 6.37378 proptime 601437 prop/sec 17.4127 prop/ca
c 3713000 confls 5082499 constrs 1154 vars
c 3714000 confls 5083499 constrs 1154 vars
c 3715000 confls 5084499 constrs 1154 vars
c 3716000 confls 5085499 constrs 1154 vars
c 3717000 confls 5086499 constrs 1154 vars
c 3718000 confls 5087499 constrs 1154 vars
c 3719000 confls 5088499 constrs 1154 vars
c 3720000 confls 5089499 constrs 1154 vars
c 3721000 confls 5090499 constrs 1154 vars
c 3722000 confls 5091499 constrs 1154 vars
c INPROCESSING 6.88432 proptime 532662 prop/sec 18.4005 prop/ca
c 3723000 confls 5082840 constrs 1154 vars
c 3724000 confls 5083840 constrs 1154 vars
c 3725000 confls 5084840 constrs 1154 vars
c 3726000 confls 5085840 constrs 1154 vars
c 3727000 confls 5086840 constrs 1154 vars
c 3728000 confls 5087840 constrs 1154 vars
c 3729000 confls 5088840 constrs 1154 vars
c 3730000 confls 5089840 constrs 1154 vars
c 3731000 confls 5090840 constrs 1154 vars
c 3732000 confls 5091840 constrs 1154 vars
c INPROCESSING 6.48466 proptime 626256 prop/sec 15.9718 prop/ca
c 3733000 confls 5082796 constrs 1154 vars
c 3734000 confls 5083796 constrs 1154 vars
c 3735000 confls 5084796 constrs 1154 vars
c 3736000 confls 5085796 constrs 1154 vars
c 3737000 confls 5086796 constrs 1154 vars
c 3738000 confls 5087796 constrs 1154 vars
c 3739000 confls 5088796 constrs 1154 vars
c 3740000 confls 5089796 constrs 1154 vars
c 3741000 confls 5090796 constrs 1154 vars
c 3742000 confls 5091796 constrs 1154 vars
c INPROCESSING 6.90544 proptime 605278 prop/sec 15.179 prop/ca
c 3743000 confls 5082348 constrs 1154 vars
c 3744000 confls 5083348 constrs 1154 vars
c 3745000 confls 5084348 constrs 1154 vars
c 3746000 confls 5085348 constrs 1154 vars
c 3747000 confls 5086348 constrs 1154 vars
c 3748000 confls 5087348 constrs 1154 vars
c 3749000 confls 5088348 constrs 1154 vars
c 3750000 confls 5089348 constrs 1154 vars
c 3751000 confls 5090348 constrs 1154 vars
c 3752000 confls 5091348 constrs 1154 vars
c INPROCESSING 6.53422 proptime 586777 prop/sec 16.8611 prop/ca
c 3753000 confls 5082375 constrs 1154 vars
c 3754000 confls 5083375 constrs 1154 vars
c 3755000 confls 5084375 constrs 1154 vars
c 3756000 confls 5085375 constrs 1154 vars
c 3757000 confls 5086375 constrs 1154 vars
c 3758000 confls 5087375 constrs 1154 vars
c 3759000 confls 5088375 constrs 1154 vars
c 3760000 confls 5089375 constrs 1154 vars
c 3761000 confls 5090375 constrs 1154 vars
c INPROCESSING 6.98541 proptime 564048 prop/sec 17.8846 prop/ca
c 3762000 confls 5081815 constrs 1154 vars
c 3763000 confls 5082815 constrs 1154 vars
c 3764000 confls 5083815 constrs 1154 vars
c 3765000 confls 5084815 constrs 1154 vars
c 3766000 confls 5085815 constrs 1154 vars
c 3767000 confls 5086815 constrs 1154 vars
c 3768000 confls 5087815 constrs 1154 vars
c 3769000 confls 5088815 constrs 1154 vars
c 3770000 confls 5089815 constrs 1154 vars
c 3771000 confls 5090815 constrs 1154 vars
c INPROCESSING 6.64705 proptime 586193 prop/sec 16.9798 prop/ca
c 3772000 confls 5081506 constrs 1154 vars
c 3773000 confls 5082506 constrs 1154 vars
c 3774000 confls 5083506 constrs 1154 vars
c 3775000 confls 5084506 constrs 1154 vars
c 3776000 confls 5085506 constrs 1154 vars
c 3777000 confls 5086506 constrs 1154 vars
c 3778000 confls 5087506 constrs 1154 vars
c 3779000 confls 5088506 constrs 1154 vars
c 3780000 confls 5089506 constrs 1154 vars
c 3781000 confls 5090506 constrs 1154 vars
c INPROCESSING 6.63091 proptime 629533 prop/sec 16.7506 prop/ca
c 3782000 confls 5082252 constrs 1154 vars
c 3783000 confls 5083252 constrs 1154 vars
c 3784000 confls 5084252 constrs 1154 vars
c 3785000 confls 5085252 constrs 1154 vars
c 3786000 confls 5086252 constrs 1154 vars
c 3787000 confls 5087252 constrs 1154 vars
c 3788000 confls 5088252 constrs 1154 vars
c 3789000 confls 5089252 constrs 1154 vars
c 3790000 confls 5090252 constrs 1154 vars
c 3791000 confls 5091252 constrs 1154 vars
c INPROCESSING 6.66451 proptime 593256 prop/sec 16.6395 prop/ca
c 3792000 confls 5082312 constrs 1154 vars
c 3793000 confls 5083312 constrs 1154 vars
c 3794000 confls 5084312 constrs 1154 vars
c 3795000 confls 5085312 constrs 1154 vars
c 3796000 confls 5086312 constrs 1154 vars
c 3797000 confls 5087312 constrs 1154 vars
c 3798000 confls 5088312 constrs 1154 vars
c 3799000 confls 5089312 constrs 1154 vars
c 3800000 confls 5090312 constrs 1154 vars
c 3801000 confls 5091312 constrs 1154 vars
c INPROCESSING 6.96759 proptime 539722 prop/sec 18.883 prop/ca
c 3802000 confls 5082445 constrs 1154 vars
c 3803000 confls 5083445 constrs 1154 vars
c 3804000 confls 5084445 constrs 1154 vars
c 3805000 confls 5085445 constrs 1154 vars
c 3806000 confls 5086445 constrs 1154 vars
c 3807000 confls 5087445 constrs 1154 vars
c 3808000 confls 5088445 constrs 1154 vars
c 3809000 confls 5089445 constrs 1154 vars
c 3810000 confls 5090445 constrs 1154 vars
c 3811000 confls 5091445 constrs 1154 vars
c INPROCESSING 7.26356 proptime 545234 prop/sec 17.2835 prop/ca
c 3812000 confls 5082260 constrs 1154 vars
c 3813000 confls 5083260 constrs 1154 vars
c 3814000 confls 5084260 constrs 1154 vars
c 3815000 confls 5085260 constrs 1154 vars
c 3816000 confls 5086260 constrs 1154 vars
c 3817000 confls 5087260 constrs 1154 vars
c 3818000 confls 5088260 constrs 1154 vars
c 3819000 confls 5089260 constrs 1154 vars
c 3820000 confls 5090260 constrs 1154 vars
c 3821000 confls 5091260 constrs 1154 vars
c INPROCESSING 6.57115 proptime 585772 prop/sec 17.5047 prop/ca
c 3822000 confls 5082324 constrs 1154 vars
c 3823000 confls 5083324 constrs 1154 vars
c 3824000 confls 5084324 constrs 1154 vars
c 3825000 confls 5085324 constrs 1154 vars
c 3826000 confls 5086324 constrs 1154 vars
c 3827000 confls 5087324 constrs 1154 vars
c 3828000 confls 5088324 constrs 1154 vars
c 3829000 confls 5089324 constrs 1154 vars
c 3830000 confls 5090324 constrs 1154 vars
c 3831000 confls 5091324 constrs 1154 vars
c INPROCESSING 5.98584 proptime 679473 prop/sec 15.7651 prop/ca
c 3832000 confls 5082279 constrs 1154 vars
c 3833000 confls 5083279 constrs 1154 vars
c 3834000 confls 5084279 constrs 1154 vars
c 3835000 confls 5085279 constrs 1154 vars
c 3836000 confls 5086279 constrs 1154 vars
c 3837000 confls 5087279 constrs 1154 vars
c 3838000 confls 5088279 constrs 1154 vars
c 3839000 confls 5089279 constrs 1154 vars
c 3840000 confls 5090279 constrs 1154 vars
c 3841000 confls 5091279 constrs 1154 vars
c INPROCESSING 6.86176 proptime 627687 prop/sec 15.8536 prop/ca
c 3842000 confls 5082002 constrs 1154 vars
c 3843000 confls 5083002 constrs 1154 vars
c 3844000 confls 5084002 constrs 1154 vars
c 3845000 confls 5085002 constrs 1154 vars
c 3846000 confls 5086002 constrs 1154 vars
c 3847000 confls 5087002 constrs 1154 vars
c 3848000 confls 5088002 constrs 1154 vars
c 3849000 confls 5089002 constrs 1154 vars
c 3850000 confls 5090002 constrs 1154 vars
c 3851000 confls 5091002 constrs 1154 vars
c INPROCESSING 7.10396 proptime 638154 prop/sec 15.7516 prop/ca
c 3852000 confls 5082000 constrs 1154 vars
c 3853000 confls 5083000 constrs 1154 vars
c 3854000 confls 5084000 constrs 1154 vars
c 3855000 confls 5085000 constrs 1154 vars
c 3856000 confls 5086000 constrs 1154 vars
c 3857000 confls 5087000 constrs 1154 vars
c 3858000 confls 5088000 constrs 1154 vars
c 3859000 confls 5089000 constrs 1154 vars
c 3860000 confls 5090000 constrs 1154 vars
c 3861000 confls 5091000 constrs 1154 vars
c INPROCESSING 7.33921 proptime 609032 prop/sec 15.9988 prop/ca
c 3862000 confls 5081529 constrs 1154 vars
c 3863000 confls 5082529 constrs 1154 vars
c 3864000 confls 5083529 constrs 1154 vars
c 3865000 confls 5084529 constrs 1154 vars
c 3866000 confls 5085529 constrs 1154 vars
c 3867000 confls 5086529 constrs 1154 vars
c 3868000 confls 5087529 constrs 1154 vars
c 3869000 confls 5088529 constrs 1154 vars
c 3870000 confls 5089529 constrs 1154 vars
c 3871000 confls 5090529 constrs 1154 vars
c INPROCESSING 6.22876 proptime 654811 prop/sec 15.2787 prop/ca
c 3872000 confls 5081931 constrs 1154 vars
c 3873000 confls 5082931 constrs 1154 vars
c 3874000 confls 5083931 constrs 1154 vars
c 3875000 confls 5084931 constrs 1154 vars
c 3876000 confls 5085931 constrs 1154 vars
c 3877000 confls 5086931 constrs 1154 vars
c 3878000 confls 5087931 constrs 1154 vars
c 3879000 confls 5088931 constrs 1154 vars
c 3880000 confls 5089931 constrs 1154 vars
c 3881000 confls 5090931 constrs 1154 vars
c INPROCESSING 6.69779 proptime 554666 prop/sec 17.8702 prop/ca
c 3882000 confls 5082386 constrs 1154 vars
c 3883000 confls 5083386 constrs 1154 vars
c 3884000 confls 5084386 constrs 1154 vars
c 3885000 confls 5085386 constrs 1154 vars
c 3886000 confls 5086386 constrs 1154 vars
c 3887000 confls 5087386 constrs 1154 vars
c 3888000 confls 5088386 constrs 1154 vars
c 3889000 confls 5089386 constrs 1154 vars
c 3890000 confls 5090386 constrs 1154 vars
c 3891000 confls 5091386 constrs 1154 vars
c INPROCESSING 6.76795 proptime 553227 prop/sec 17.6593 prop/ca
c 3892000 confls 5082786 constrs 1154 vars
c 3893000 confls 5083786 constrs 1154 vars
c 3894000 confls 5084786 constrs 1154 vars
c 3895000 confls 5085786 constrs 1154 vars
c 3896000 confls 5086786 constrs 1154 vars
c 3897000 confls 5087786 constrs 1154 vars
c 3898000 confls 5088786 constrs 1154 vars
c 3899000 confls 5089786 constrs 1154 vars
c 3900000 confls 5090786 constrs 1154 vars
c 3901000 confls 5091786 constrs 1154 vars
c INPROCESSING 6.44113 proptime 627799 prop/sec 16.4588 prop/ca
c 3902000 confls 5082639 constrs 1154 vars
c 3903000 confls 5083639 constrs 1154 vars
c 3904000 confls 5084639 constrs 1154 vars
c 3905000 confls 5085639 constrs 1154 vars
c 3906000 confls 5086639 constrs 1154 vars
c 3907000 confls 5087639 constrs 1154 vars
c 3908000 confls 5088639 constrs 1154 vars
c 3909000 confls 5089640 constrs 1154 vars
c 3910000 confls 5090640 constrs 1154 vars
c 3911000 confls 5091640 constrs 1154 vars
c INPROCESSING 6.64895 proptime 552244 prop/sec 18.5153 prop/ca
c 3912000 confls 5083349 constrs 1154 vars
c 3913000 confls 5084349 constrs 1154 vars
c 3914000 confls 5085349 constrs 1154 vars
c 3915000 confls 5086349 constrs 1154 vars
c 3916000 confls 5087349 constrs 1154 vars
c 3917000 confls 5088349 constrs 1154 vars
c 3918000 confls 5089349 constrs 1154 vars
c 3919000 confls 5090349 constrs 1154 vars
c 3920000 confls 5091349 constrs 1154 vars
c 3921000 confls 5092349 constrs 1154 vars
c INPROCESSING 7.85224 proptime 538444 prop/sec 17.1157 prop/ca
c 3922000 confls 5082461 constrs 1154 vars
c 3923000 confls 5083461 constrs 1154 vars
c 3924000 confls 5084461 constrs 1154 vars
c 3925000 confls 5085461 constrs 1154 vars
c 3926000 confls 5086461 constrs 1154 vars
c 3927000 confls 5087461 constrs 1154 vars
c 3928000 confls 5088461 constrs 1154 vars
c 3929000 confls 5089461 constrs 1154 vars
c 3930000 confls 5090461 constrs 1154 vars
c 3931000 confls 5091461 constrs 1154 vars
c INPROCESSING 6.82796 proptime 546880 prop/sec 16.8939 prop/ca
c 3932000 confls 5082624 constrs 1154 vars
c 3933000 confls 5083624 constrs 1154 vars
c 3934000 confls 5084624 constrs 1154 vars
c 3935000 confls 5085624 constrs 1154 vars
c 3936000 confls 5086624 constrs 1154 vars
c 3937000 confls 5087624 constrs 1154 vars
c 3938000 confls 5088624 constrs 1154 vars
c 3939000 confls 5089624 constrs 1154 vars
c 3940000 confls 5090624 constrs 1154 vars
c 3941000 confls 5091624 constrs 1154 vars
c INPROCESSING 7.09269 proptime 520340 prop/sec 16.9825 prop/ca
c 3942000 confls 5082885 constrs 1154 vars
c 3943000 confls 5083885 constrs 1154 vars
c 3944000 confls 5084885 constrs 1154 vars
c 3945000 confls 5085885 constrs 1154 vars
c 3946000 confls 5086885 constrs 1154 vars
c 3947000 confls 5087885 constrs 1154 vars
c 3948000 confls 5088885 constrs 1154 vars
c 3949000 confls 5089885 constrs 1154 vars
c 3950000 confls 5090885 constrs 1154 vars
c 3951000 confls 5091885 constrs 1154 vars
c INPROCESSING 6.58195 proptime 605710 prop/sec 16.9438 prop/ca
c 3952000 confls 5082674 constrs 1154 vars
c 3953000 confls 5083675 constrs 1154 vars
c 3954000 confls 5084675 constrs 1154 vars
c 3955000 confls 5085675 constrs 1154 vars
c 3956000 confls 5086675 constrs 1154 vars
c 3957000 confls 5087675 constrs 1154 vars
c 3958000 confls 5088675 constrs 1154 vars
c 3959000 confls 5089675 constrs 1154 vars
c 3960000 confls 5090675 constrs 1154 vars
c INPROCESSING 6.36491 proptime 647686 prop/sec 16.4589 prop/ca
c 3961000 confls 5081524 constrs 1154 vars
c 3962000 confls 5082524 constrs 1154 vars
c 3963000 confls 5083524 constrs 1154 vars
c 3964000 confls 5084524 constrs 1154 vars
c 3965000 confls 5085524 constrs 1154 vars
c 3966000 confls 5086524 constrs 1154 vars
c 3967000 confls 5087524 constrs 1154 vars
c 3968000 confls 5088524 constrs 1154 vars
c 3969000 confls 5089524 constrs 1154 vars
c 3970000 confls 5090524 constrs 1154 vars
c INPROCESSING 6.48984 proptime 550058 prop/sec 18.1965 prop/ca
c 3971000 confls 5081892 constrs 1154 vars
c 3972000 confls 5082892 constrs 1154 vars
c 3973000 confls 5083892 constrs 1154 vars
c 3974000 confls 5084892 constrs 1154 vars
c 3975000 confls 5085892 constrs 1154 vars
c 3976000 confls 5086892 constrs 1154 vars
c 3977000 confls 5087892 constrs 1154 vars
c 3978000 confls 5088892 constrs 1154 vars
c 3979000 confls 5089892 constrs 1154 vars
c 3980000 confls 5090892 constrs 1154 vars
c INPROCESSING 6.65148 proptime 663025 prop/sec 15.3099 prop/ca
c 3981000 confls 5082322 constrs 1154 vars
c 3982000 confls 5083322 constrs 1154 vars
c 3983000 confls 5084322 constrs 1154 vars
c 3984000 confls 5085322 constrs 1154 vars
c 3985000 confls 5086322 constrs 1154 vars
c 3986000 confls 5087322 constrs 1154 vars
c 3987000 confls 5088322 constrs 1154 vars
c 3988000 confls 5089322 constrs 1154 vars
c 3989000 confls 5090322 constrs 1154 vars
c 3990000 confls 5091322 constrs 1154 vars
c INPROCESSING 6.628 proptime 542094 prop/sec 17.1717 prop/ca
c 3991000 confls 5081953 constrs 1154 vars
c 3992000 confls 5082953 constrs 1154 vars
c 3993000 confls 5083953 constrs 1154 vars
c 3994000 confls 5084953 constrs 1154 vars
c 3995000 confls 5085953 constrs 1154 vars
c 3996000 confls 5086953 constrs 1154 vars
c 3997000 confls 5087953 constrs 1154 vars
c 3998000 confls 5088953 constrs 1154 vars
c 3999000 confls 5089953 constrs 1154 vars
c 4000000 confls 5090953 constrs 1154 vars
c INPROCESSING 6.68406 proptime 594101 prop/sec 17.2424 prop/ca
c 4001000 confls 5082333 constrs 1154 vars
c 4002000 confls 5083333 constrs 1154 vars
c 4003000 confls 5084333 constrs 1154 vars
c 4004000 confls 5085333 constrs 1154 vars
c 4005000 confls 5086333 constrs 1154 vars
c 4006000 confls 5087333 constrs 1154 vars
c 4007000 confls 5088333 constrs 1154 vars
c 4008000 confls 5089333 constrs 1154 vars
c 4009000 confls 5090333 constrs 1154 vars
c 4010000 confls 5091333 constrs 1154 vars
c INPROCESSING 6.74943 proptime 571447 prop/sec 17.9707 prop/ca
c 4011000 confls 5081842 constrs 1154 vars
c 4012000 confls 5082842 constrs 1154 vars
c 4013000 confls 5083842 constrs 1154 vars
c 4014000 confls 5084842 constrs 1154 vars
c 4015000 confls 5085842 constrs 1154 vars
c 4016000 confls 5086842 constrs 1154 vars
c 4017000 confls 5087842 constrs 1154 vars
c 4018000 confls 5088842 constrs 1154 vars
c 4019000 confls 5089842 constrs 1154 vars
c 4020000 confls 5090842 constrs 1154 vars
c INPROCESSING 6.5636 proptime 638521 prop/sec 16.5316 prop/ca
c 4021000 confls 5081840 constrs 1154 vars
c 4022000 confls 5082840 constrs 1154 vars
c 4023000 confls 5083840 constrs 1154 vars
c 4024000 confls 5084840 constrs 1154 vars
c 4025000 confls 5085840 constrs 1154 vars
c 4026000 confls 5086840 constrs 1154 vars
c 4027000 confls 5087840 constrs 1154 vars
c 4028000 confls 5088840 constrs 1154 vars
c 4029000 confls 5089840 constrs 1154 vars
c 4030000 confls 5090840 constrs 1154 vars
c INPROCESSING 6.67081 proptime 605012 prop/sec 16.4025 prop/ca
c 4031000 confls 5082150 constrs 1154 vars
c 4032000 confls 5083150 constrs 1154 vars
c 4033000 confls 5084150 constrs 1154 vars
c 4034000 confls 5085150 constrs 1154 vars
c 4035000 confls 5086150 constrs 1154 vars
c 4036000 confls 5087150 constrs 1154 vars
c 4037000 confls 5088150 constrs 1154 vars
c 4038000 confls 5089150 constrs 1154 vars
c 4039000 confls 5090150 constrs 1154 vars
c 4040000 confls 5091150 constrs 1154 vars
c INPROCESSING 6.54269 proptime 552537 prop/sec 18.5477 prop/ca
c 4041000 confls 5082232 constrs 1154 vars
c 4042000 confls 5083232 constrs 1154 vars
c 4043000 confls 5084232 constrs 1154 vars
c 4044000 confls 5085232 constrs 1154 vars
c 4045000 confls 5086232 constrs 1154 vars
c 4046000 confls 5087232 constrs 1154 vars
c 4047000 confls 5088232 constrs 1154 vars
c 4048000 confls 5089232 constrs 1154 vars
c 4049000 confls 5090232 constrs 1154 vars
c 4050000 confls 5091232 constrs 1154 vars
c INPROCESSING 7.10797 proptime 554986 prop/sec 17.8218 prop/ca
c 4051000 confls 5083042 constrs 1154 vars
c 4052000 confls 5084042 constrs 1154 vars
c 4053000 confls 5085042 constrs 1154 vars
c 4054000 confls 5086042 constrs 1154 vars
c 4055000 confls 5087042 constrs 1154 vars
c 4056000 confls 5088042 constrs 1154 vars
c 4057000 confls 5089042 constrs 1154 vars
c 4058000 confls 5090042 constrs 1154 vars
c 4059000 confls 5091042 constrs 1154 vars
c 4060000 confls 5092042 constrs 1154 vars
c INPROCESSING 7.20766 proptime 524020 prop/sec 18.2121 prop/ca
c 4061000 confls 5081994 constrs 1154 vars
c 4062000 confls 5082994 constrs 1154 vars
c 4063000 confls 5083994 constrs 1154 vars
c 4064000 confls 5084994 constrs 1154 vars
c 4065000 confls 5085994 constrs 1154 vars
c 4066000 confls 5086994 constrs 1154 vars
c 4067000 confls 5087994 constrs 1154 vars
c 4068000 confls 5088994 constrs 1154 vars
c 4069000 confls 5089994 constrs 1154 vars
c 4070000 confls 5090994 constrs 1154 vars
c INPROCESSING 6.69567 proptime 612952 prop/sec 16.7109 prop/ca
c 4071000 confls 5082066 constrs 1154 vars
c 4072000 confls 5083066 constrs 1154 vars
c 4073000 confls 5084066 constrs 1154 vars
c 4074000 confls 5085066 constrs 1154 vars
c 4075000 confls 5086066 constrs 1154 vars
c 4076000 confls 5087066 constrs 1154 vars
c 4077000 confls 5088066 constrs 1154 vars
c 4078000 confls 5089066 constrs 1154 vars
c 4079000 confls 5090066 constrs 1154 vars
c 4080000 confls 5091066 constrs 1154 vars
c INPROCESSING 6.34246 proptime 694118 prop/sec 14.9178 prop/ca
c 4081000 confls 5082329 constrs 1154 vars
c 4082000 confls 5083329 constrs 1154 vars
c 4083000 confls 5084329 constrs 1154 vars
c 4084000 confls 5085329 constrs 1154 vars
c 4085000 confls 5086329 constrs 1154 vars
c 4086000 confls 5087329 constrs 1154 vars
c 4087000 confls 5088329 constrs 1154 vars
c 4088000 confls 5089329 constrs 1154 vars
c 4089000 confls 5090329 constrs 1154 vars
c 4090000 confls 5091329 constrs 1154 vars
c INPROCESSING 6.59998 proptime 616283 prop/sec 16.0278 prop/ca
c 4091000 confls 5081668 constrs 1154 vars
c 4092000 confls 5082668 constrs 1154 vars
c 4093000 confls 5083668 constrs 1154 vars
c 4094000 confls 5084668 constrs 1154 vars
c 4095000 confls 5085668 constrs 1154 vars
c 4096000 confls 5086668 constrs 1154 vars
c 4097000 confls 5087668 constrs 1154 vars
c 4098000 confls 5088668 constrs 1154 vars
c 4099000 confls 5089668 constrs 1154 vars
c 4100000 confls 5090668 constrs 1154 vars
c INPROCESSING 6.48934 proptime 616284 prop/sec 14.7351 prop/ca
c 4101000 confls 5081271 constrs 1154 vars
c 4102000 confls 5082271 constrs 1154 vars
c 4103000 confls 5083271 constrs 1154 vars
c 4104000 confls 5084271 constrs 1154 vars
c 4105000 confls 5085271 constrs 1154 vars
c 4106000 confls 5086271 constrs 1154 vars
c 4107000 confls 5087271 constrs 1154 vars
c 4108000 confls 5088271 constrs 1154 vars
c 4109000 confls 5089271 constrs 1154 vars
c 4110000 confls 5090271 constrs 1154 vars
c INPROCESSING 6.89671 proptime 615653 prop/sec 15.7682 prop/ca
c 4111000 confls 5081933 constrs 1154 vars
c 4112000 confls 5082933 constrs 1154 vars
c 4113000 confls 5083933 constrs 1154 vars
c 4114000 confls 5084933 constrs 1154 vars
c 4115000 confls 5085933 constrs 1154 vars
c 4116000 confls 5086933 constrs 1154 vars
c 4117000 confls 5087933 constrs 1154 vars
c 4118000 confls 5088933 constrs 1154 vars
c 4119000 confls 5089933 constrs 1154 vars
c 4120000 confls 5090933 constrs 1154 vars
c INPROCESSING 6.67372 proptime 587321 prop/sec 16.9038 prop/ca
c 4121000 confls 5081976 constrs 1154 vars
c 4122000 confls 5082976 constrs 1154 vars
c 4123000 confls 5083976 constrs 1154 vars
c 4124000 confls 5084976 constrs 1154 vars
c 4125000 confls 5085976 constrs 1154 vars
c 4126000 confls 5086976 constrs 1154 vars
c 4127000 confls 5087976 constrs 1154 vars
c 4128000 confls 5088976 constrs 1154 vars
c 4129000 confls 5089976 constrs 1154 vars
c 4130000 confls 5090976 constrs 1154 vars
c INPROCESSING 7.31035 proptime 583090 prop/sec 15.8116 prop/ca
c 4131000 confls 5081939 constrs 1154 vars
c 4132000 confls 5082939 constrs 1154 vars
c 4133000 confls 5083939 constrs 1154 vars
c 4134000 confls 5084939 constrs 1154 vars
c 4135000 confls 5085939 constrs 1154 vars
c 4136000 confls 5086939 constrs 1154 vars
c 4137000 confls 5087939 constrs 1154 vars
c 4138000 confls 5088939 constrs 1154 vars
c 4139000 confls 5089939 constrs 1154 vars
c 4140000 confls 5090939 constrs 1154 vars
c INPROCESSING 6.60461 proptime 662793 prop/sec 14.8628 prop/ca
c 4141000 confls 5081386 constrs 1154 vars
c 4142000 confls 5082386 constrs 1154 vars
c 4143000 confls 5083386 constrs 1154 vars
c 4144000 confls 5084386 constrs 1154 vars
c 4145000 confls 5085386 constrs 1154 vars
c 4146000 confls 5086386 constrs 1154 vars
c 4147000 confls 5087386 constrs 1154 vars
c 4148000 confls 5088386 constrs 1154 vars
c 4149000 confls 5089386 constrs 1154 vars
c 4150000 confls 5090386 constrs 1154 vars
c INPROCESSING 6.34363 proptime 638270 prop/sec 14.9508 prop/ca
c 4151000 confls 5082089 constrs 1154 vars
c 4152000 confls 5083089 constrs 1154 vars
c 4153000 confls 5084089 constrs 1154 vars
c 4154000 confls 5085089 constrs 1154 vars
c 4155000 confls 5086089 constrs 1154 vars
c 4156000 confls 5087089 constrs 1154 vars
c 4157000 confls 5088089 constrs 1154 vars
c 4158000 confls 5089089 constrs 1154 vars
c 4159000 confls 5090089 constrs 1154 vars
c 4160000 confls 5091089 constrs 1154 vars
c INPROCESSING 6.55687 proptime 630357 prop/sec 15.5354 prop/ca
c 4161000 confls 5082401 constrs 1154 vars
c 4162000 confls 5083401 constrs 1154 vars
c 4163000 confls 5084401 constrs 1154 vars
c 4164000 confls 5085401 constrs 1154 vars
c 4165000 confls 5086401 constrs 1154 vars
c 4166000 confls 5087401 constrs 1154 vars
c 4167000 confls 5088401 constrs 1154 vars
c 4168000 confls 5089401 constrs 1154 vars
c 4169000 confls 5090401 constrs 1154 vars
c 4170000 confls 5091401 constrs 1154 vars
c INPROCESSING 6.63891 proptime 628878 prop/sec 16.7029 prop/ca
c 4171000 confls 5081607 constrs 1154 vars
c 4172000 confls 5082607 constrs 1154 vars
c 4173000 confls 5083607 constrs 1154 vars
c 4174000 confls 5084607 constrs 1154 vars
c 4175000 confls 5085607 constrs 1154 vars
c 4176000 confls 5086607 constrs 1154 vars
c 4177000 confls 5087607 constrs 1154 vars
c 4178000 confls 5088607 constrs 1154 vars
c 4179000 confls 5089607 constrs 1154 vars
c 4180000 confls 5090607 constrs 1154 vars
c INPROCESSING 6.62675 proptime 565695 prop/sec 17.7294 prop/ca
c 4181000 confls 5081862 constrs 1154 vars
c 4182000 confls 5082862 constrs 1154 vars
c 4183000 confls 5083862 constrs 1154 vars
c 4184000 confls 5084862 constrs 1154 vars
c 4185000 confls 5085862 constrs 1154 vars
c 4186000 confls 5086862 constrs 1154 vars
c 4187000 confls 5087862 constrs 1154 vars
c 4188000 confls 5088862 constrs 1154 vars
c 4189000 confls 5089862 constrs 1154 vars
c 4190000 confls 5090862 constrs 1154 vars
c INPROCESSING 7.04803 proptime 561705 prop/sec 18.4989 prop/ca
c 4191000 confls 5082720 constrs 1154 vars
c 4192000 confls 5083720 constrs 1154 vars
c 4193000 confls 5084720 constrs 1154 vars
c 4194000 confls 5085720 constrs 1154 vars
c 4195000 confls 5086720 constrs 1154 vars
c 4196000 confls 5087720 constrs 1154 vars
c 4197000 confls 5088720 constrs 1154 vars
c 4198000 confls 5089720 constrs 1154 vars
c 4199000 confls 5090720 constrs 1154 vars
c 4200000 confls 5091720 constrs 1154 vars
c INPROCESSING 6.34705 proptime 599738 prop/sec 17.2505 prop/ca
c 4201000 confls 5082314 constrs 1154 vars
c 4202000 confls 5083314 constrs 1154 vars
c 4203000 confls 5084314 constrs 1154 vars
c 4204000 confls 5085314 constrs 1154 vars
c 4205000 confls 5086314 constrs 1154 vars
c 4206000 confls 5087314 constrs 1154 vars
c 4207000 confls 5088314 constrs 1154 vars
c 4208000 confls 5089314 constrs 1154 vars
c 4209000 confls 5090314 constrs 1154 vars
c 4210000 confls 5091314 constrs 1154 vars
c INPROCESSING 6.63816 proptime 615890 prop/sec 16.2754 prop/ca
c 4211000 confls 5081851 constrs 1154 vars
c 4212000 confls 5082851 constrs 1154 vars
c 4213000 confls 5083851 constrs 1154 vars
c 4214000 confls 5084851 constrs 1154 vars
c 4215000 confls 5085851 constrs 1154 vars
c 4216000 confls 5086851 constrs 1154 vars
c 4217000 confls 5087851 constrs 1154 vars
c 4218000 confls 5088851 constrs 1154 vars
c 4219000 confls 5089851 constrs 1154 vars
c 4220000 confls 5090851 constrs 1154 vars
c INPROCESSING 6.49549 proptime 595100 prop/sec 17.6642 prop/ca
c 4221000 confls 5082287 constrs 1154 vars
c 4222000 confls 5083287 constrs 1154 vars
c 4223000 confls 5084287 constrs 1154 vars
c 4224000 confls 5085287 constrs 1154 vars
c 4225000 confls 5086287 constrs 1154 vars
c 4226000 confls 5087287 constrs 1154 vars
c 4227000 confls 5088287 constrs 1154 vars
c 4228000 confls 5089287 constrs 1154 vars
c 4229000 confls 5090287 constrs 1154 vars
c 4230000 confls 5091287 constrs 1154 vars
c INPROCESSING 6.88361 proptime 576691 prop/sec 18.3877 prop/ca
c 4231000 confls 5082314 constrs 1154 vars
c 4232000 confls 5083314 constrs 1154 vars
c 4233000 confls 5084314 constrs 1154 vars
c 4234000 confls 5085314 constrs 1154 vars
c 4235000 confls 5086314 constrs 1154 vars
c 4236000 confls 5087314 constrs 1154 vars
c 4237000 confls 5088314 constrs 1154 vars
c 4238000 confls 5089314 constrs 1154 vars
c 4239000 confls 5090314 constrs 1154 vars
c 4240000 confls 5091314 constrs 1154 vars
c INPROCESSING 7.55624 proptime 509591 prop/sec 18.8636 prop/ca
c 4241000 confls 5082188 constrs 1154 vars
c 4242000 confls 5083188 constrs 1154 vars
c 4243000 confls 5084188 constrs 1154 vars
c 4244000 confls 5085188 constrs 1154 vars
c 4245000 confls 5086188 constrs 1154 vars
c 4246000 confls 5087188 constrs 1154 vars
c 4247000 confls 5088188 constrs 1153 vars
c 4248000 confls 5089188 constrs 1153 vars
c 4249000 confls 5090188 constrs 1153 vars
c 4250000 confls 5091188 constrs 1153 vars
c INPROCESSING 6.55443 proptime 611538 prop/sec 16.1345 prop/ca
c 4251000 confls 5009657 constrs 1153 vars
c 4252000 confls 5010657 constrs 1153 vars
c 4253000 confls 5011657 constrs 1153 vars
c 4254000 confls 5012657 constrs 1153 vars
c 4255000 confls 5013657 constrs 1153 vars
c 4256000 confls 5014657 constrs 1153 vars
c 4257000 confls 5015657 constrs 1153 vars
c 4258000 confls 5016657 constrs 1153 vars
c 4259000 confls 5017657 constrs 1153 vars
c 4260000 confls 5018657 constrs 1153 vars
c INPROCESSING 6.30604 proptime 648398 prop/sec 16.1401 prop/ca
c 4261000 confls 5009686 constrs 1153 vars
c 4262000 confls 5010686 constrs 1153 vars
c 4263000 confls 5011686 constrs 1153 vars
c 4264000 confls 5012686 constrs 1153 vars
c 4265000 confls 5013686 constrs 1153 vars
c 4266000 confls 5014686 constrs 1153 vars
c 4267000 confls 5015686 constrs 1153 vars
c 4268000 confls 5016686 constrs 1153 vars
c 4269000 confls 5017686 constrs 1153 vars
c 4270000 confls 5018686 constrs 1153 vars
c INPROCESSING 6.31211 proptime 633799 prop/sec 16.0635 prop/ca
c 4271000 confls 5009196 constrs 1153 vars
c 4272000 confls 5010196 constrs 1153 vars
c 4273000 confls 5011196 constrs 1153 vars
c 4274000 confls 5012196 constrs 1153 vars
c 4275000 confls 5013196 constrs 1153 vars
c 4276000 confls 5014196 constrs 1153 vars
c 4277000 confls 5015196 constrs 1153 vars
c 4278000 confls 5016196 constrs 1153 vars
c 4279000 confls 5017196 constrs 1153 vars
c 4280000 confls 5018196 constrs 1153 vars
c INPROCESSING 6.57934 proptime 595601 prop/sec 17.5327 prop/ca
c 4281000 confls 5009751 constrs 1153 vars
c 4282000 confls 5010751 constrs 1153 vars
c 4283000 confls 5011751 constrs 1153 vars
c 4284000 confls 5012751 constrs 1153 vars
c 4285000 confls 5013751 constrs 1153 vars
c 4286000 confls 5014751 constrs 1153 vars
c 4287000 confls 5015751 constrs 1153 vars
c 4288000 confls 5016751 constrs 1153 vars
c 4289000 confls 5017751 constrs 1153 vars
c 4290000 confls 5018751 constrs 1153 vars
c INPROCESSING 6.51695 proptime 599962 prop/sec 16.5453 prop/ca
c 4291000 confls 5010259 constrs 1153 vars
c 4292000 confls 5011259 constrs 1153 vars
c 4293000 confls 5012259 constrs 1153 vars
c 4294000 confls 5013259 constrs 1153 vars
c 4295000 confls 5014259 constrs 1153 vars
c 4296000 confls 5015259 constrs 1153 vars
c 4297000 confls 5016259 constrs 1153 vars
c 4298000 confls 5017259 constrs 1153 vars
c 4299000 confls 5018259 constrs 1153 vars
c 4300000 confls 5019259 constrs 1153 vars
c 4301000 confls 5020259 constrs 1153 vars
c INPROCESSING 6.90171 proptime 591006 prop/sec 17.0988 prop/ca
c 4302000 confls 5010702 constrs 1153 vars
c 4303000 confls 5011702 constrs 1153 vars
c 4304000 confls 5012702 constrs 1153 vars
c 4305000 confls 5013702 constrs 1153 vars
c 4306000 confls 5014702 constrs 1153 vars
c 4307000 confls 5015702 constrs 1153 vars
c 4308000 confls 5016702 constrs 1153 vars
c 4309000 confls 5017702 constrs 1153 vars
c 4310000 confls 5018702 constrs 1153 vars
c 4311000 confls 5019702 constrs 1153 vars
c INPROCESSING 6.36152 proptime 646982 prop/sec 15.8586 prop/ca
c 4312000 confls 5010597 constrs 1153 vars
c 4313000 confls 5011597 constrs 1153 vars
c 4314000 confls 5012597 constrs 1153 vars
c 4315000 confls 5013597 constrs 1153 vars
c 4316000 confls 5014597 constrs 1153 vars
c 4317000 confls 5015597 constrs 1153 vars
c 4318000 confls 5016597 constrs 1153 vars
c 4319000 confls 5017597 constrs 1153 vars
c 4320000 confls 5018597 constrs 1153 vars
c 4321000 confls 5019597 constrs 1153 vars
c INPROCESSING 6.77877 proptime 530046 prop/sec 17.878 prop/ca
c 4322000 confls 5010641 constrs 1153 vars
c 4323000 confls 5011641 constrs 1153 vars
c 4324000 confls 5012641 constrs 1153 vars
c 4325000 confls 5013641 constrs 1153 vars
c 4326000 confls 5014641 constrs 1153 vars
c 4327000 confls 5015641 constrs 1153 vars
c 4328000 confls 5016641 constrs 1153 vars
c 4329000 confls 5017641 constrs 1153 vars
c 4330000 confls 5018641 constrs 1153 vars
c 4331000 confls 5019641 constrs 1153 vars
c INPROCESSING 6.76485 proptime 595579 prop/sec 16.8357 prop/ca
c 4332000 confls 5010648 constrs 1153 vars
c 4333000 confls 5011648 constrs 1153 vars
c 4334000 confls 5012648 constrs 1153 vars
c 4335000 confls 5013648 constrs 1153 vars
c 4336000 confls 5014648 constrs 1153 vars
c 4337000 confls 5015648 constrs 1153 vars
c 4338000 confls 5016648 constrs 1153 vars
c 4339000 confls 5017648 constrs 1153 vars
c 4340000 confls 5018648 constrs 1153 vars
c 4341000 confls 5019648 constrs 1153 vars
c INPROCESSING 6.87622 proptime 540590 prop/sec 18.5339 prop/ca
c 4342000 confls 5010726 constrs 1153 vars
c 4343000 confls 5011726 constrs 1153 vars
c 4344000 confls 5012726 constrs 1153 vars
c 4345000 confls 5013726 constrs 1153 vars
c 4346000 confls 5014726 constrs 1153 vars
c 4347000 confls 5015726 constrs 1153 vars
c 4348000 confls 5016726 constrs 1153 vars
c 4349000 confls 5017726 constrs 1153 vars
c 4350000 confls 5018726 constrs 1153 vars
c 4351000 confls 5019726 constrs 1153 vars
c INPROCESSING 7.62472 proptime 585825 prop/sec 16.0701 prop/ca
c 4352000 confls 5010712 constrs 1153 vars
c 4353000 confls 5011712 constrs 1153 vars
c 4354000 confls 5012712 constrs 1153 vars
c 4355000 confls 5013712 constrs 1153 vars
c 4356000 confls 5014712 constrs 1153 vars
c 4357000 confls 5015712 constrs 1153 vars
c 4358000 confls 5016712 constrs 1153 vars
c 4359000 confls 5017712 constrs 1153 vars
c 4360000 confls 5018712 constrs 1153 vars
c 4361000 confls 5019712 constrs 1153 vars
c INPROCESSING 6.67531 proptime 603878 prop/sec 16.5408 prop/ca
c 4362000 confls 5009977 constrs 1153 vars
c 4363000 confls 5010977 constrs 1153 vars
c 4364000 confls 5011977 constrs 1153 vars
c 4365000 confls 5012977 constrs 1153 vars
c 4366000 confls 5013977 constrs 1153 vars
c 4367000 confls 5014977 constrs 1153 vars
c 4368000 confls 5015977 constrs 1153 vars
c 4369000 confls 5016977 constrs 1153 vars
c 4370000 confls 5017977 constrs 1153 vars
c 4371000 confls 5018977 constrs 1153 vars
c INPROCESSING 6.73849 proptime 612441 prop/sec 15.5889 prop/ca
c 4372000 confls 5010635 constrs 1153 vars
c 4373000 confls 5011635 constrs 1153 vars
c 4374000 confls 5012635 constrs 1153 vars
c 4375000 confls 5013635 constrs 1153 vars
c 4376000 confls 5014635 constrs 1153 vars
c 4377000 confls 5015635 constrs 1153 vars
c 4378000 confls 5016635 constrs 1153 vars
c 4379000 confls 5017635 constrs 1153 vars
c 4380000 confls 5018635 constrs 1153 vars
c 4381000 confls 5019635 constrs 1153 vars
c INPROCESSING 7.43636 proptime 567066 prop/sec 17.2758 prop/ca
c 4382000 confls 5010144 constrs 1153 vars
c 4383000 confls 5011144 constrs 1153 vars
c 4384000 confls 5012144 constrs 1153 vars
c 4385000 confls 5013144 constrs 1153 vars
c 4386000 confls 5014144 constrs 1153 vars
c 4387000 confls 5015144 constrs 1153 vars
c 4388000 confls 5016144 constrs 1153 vars
c 4389000 confls 5017144 constrs 1153 vars
c 4390000 confls 5018144 constrs 1153 vars
c 4391000 confls 5019144 constrs 1153 vars
c INPROCESSING 7.31379 proptime 587237 prop/sec 16.5799 prop/ca
c 4392000 confls 5009656 constrs 1153 vars
c 4393000 confls 5010656 constrs 1153 vars
c 4394000 confls 5011656 constrs 1153 vars
c 4395000 confls 5012656 constrs 1153 vars
c 4396000 confls 5013656 constrs 1153 vars
c 4397000 confls 5014656 constrs 1153 vars
c 4398000 confls 5015656 constrs 1153 vars
c 4399000 confls 5016656 constrs 1153 vars
c 4400000 confls 5017656 constrs 1153 vars
c 4401000 confls 5018656 constrs 1153 vars
c INPROCESSING 6.79614 proptime 542908 prop/sec 18.2699 prop/ca
c 4402000 confls 5010300 constrs 1153 vars
c 4403000 confls 5011300 constrs 1153 vars
c 4404000 confls 5012300 constrs 1153 vars
c 4405000 confls 5013300 constrs 1153 vars
c 4406000 confls 5014300 constrs 1153 vars
c 4407000 confls 5015300 constrs 1153 vars
c 4408000 confls 5016300 constrs 1153 vars
c 4409000 confls 5017300 constrs 1153 vars
c 4410000 confls 5018300 constrs 1153 vars
c 4411000 confls 5019300 constrs 1153 vars
c INPROCESSING 7.28318 proptime 513229 prop/sec 19.5129 prop/ca
c 4412000 confls 5010750 constrs 1153 vars
c 4413000 confls 5011750 constrs 1153 vars
c 4414000 confls 5012750 constrs 1153 vars
c 4415000 confls 5013750 constrs 1153 vars
c 4416000 confls 5014750 constrs 1153 vars
c 4417000 confls 5015750 constrs 1153 vars
c 4418000 confls 5016750 constrs 1153 vars
c 4419000 confls 5017750 constrs 1153 vars
c 4420000 confls 5018750 constrs 1153 vars
c 4421000 confls 5019750 constrs 1153 vars
c INPROCESSING 6.82873 proptime 551032 prop/sec 18.9019 prop/ca
c 4422000 confls 5010234 constrs 1153 vars
c 4423000 confls 5011234 constrs 1153 vars
c 4424000 confls 5012234 constrs 1153 vars
c 4425000 confls 5013234 constrs 1153 vars
c 4426000 confls 5014234 constrs 1153 vars
c 4427000 confls 5015234 constrs 1153 vars
c 4428000 confls 5016234 constrs 1153 vars
c 4429000 confls 5017234 constrs 1153 vars
c 4430000 confls 5018234 constrs 1153 vars
c 4431000 confls 5019234 constrs 1153 vars
c INPROCESSING 7.39876 proptime 553753 prop/sec 17.6547 prop/ca
c 4432000 confls 5010155 constrs 1153 vars
c 4433000 confls 5011155 constrs 1153 vars
c 4434000 confls 5012155 constrs 1153 vars
c 4435000 confls 5013155 constrs 1153 vars
c 4436000 confls 5014155 constrs 1153 vars
c 4437000 confls 5015155 constrs 1153 vars
c 4438000 confls 5016155 constrs 1153 vars
c 4439000 confls 5017155 constrs 1153 vars
c 4440000 confls 5018155 constrs 1153 vars
c 4441000 confls 5019155 constrs 1153 vars
c INPROCESSING 6.89572 proptime 522383 prop/sec 17.3041 prop/ca
c 4442000 confls 5010140 constrs 1153 vars
c 4443000 confls 5011140 constrs 1153 vars
c 4444000 confls 5012140 constrs 1153 vars
c 4445000 confls 5013140 constrs 1153 vars
c 4446000 confls 5014140 constrs 1153 vars
c 4447000 confls 5015140 constrs 1153 vars
c 4448000 confls 5016140 constrs 1153 vars
c 4449000 confls 5017140 constrs 1153 vars
c 4450000 confls 5018140 constrs 1153 vars
c 4451000 confls 5019140 constrs 1153 vars
c INPROCESSING 7.11797 proptime 531851 prop/sec 18.6699 prop/ca
c 4452000 confls 5010374 constrs 1153 vars
c 4453000 confls 5011374 constrs 1153 vars
c 4454000 confls 5012374 constrs 1153 vars
c 4455000 confls 5013374 constrs 1153 vars
c 4456000 confls 5014374 constrs 1153 vars
c 4457000 confls 5015374 constrs 1153 vars
c 4458000 confls 5016374 constrs 1153 vars
c 4459000 confls 5017374 constrs 1153 vars
c 4460000 confls 5018374 constrs 1153 vars
c 4461000 confls 5019374 constrs 1153 vars
c INPROCESSING 6.67775 proptime 545736 prop/sec 18.0046 prop/ca
c 4462000 confls 5010238 constrs 1153 vars
c 4463000 confls 5011238 constrs 1153 vars
c 4464000 confls 5012238 constrs 1153 vars
c 4465000 confls 5013238 constrs 1153 vars
c 4466000 confls 5014238 constrs 1153 vars
c 4467000 confls 5015238 constrs 1153 vars
c 4468000 confls 5016238 constrs 1153 vars
c 4469000 confls 5017238 constrs 1153 vars
c 4470000 confls 5018238 constrs 1153 vars
c 4471000 confls 5019238 constrs 1153 vars
c INPROCESSING 6.74844 proptime 529328 prop/sec 19.1025 prop/ca
c 4472000 confls 5010191 constrs 1153 vars
c 4473000 confls 5011191 constrs 1153 vars
c 4474000 confls 5012191 constrs 1153 vars
c 4475000 confls 5013191 constrs 1153 vars
c 4476000 confls 5014191 constrs 1153 vars
c 4477000 confls 5015191 constrs 1153 vars
c 4478000 confls 5016191 constrs 1153 vars
c 4479000 confls 5017191 constrs 1153 vars
c 4480000 confls 5018191 constrs 1153 vars
c 4481000 confls 5019191 constrs 1153 vars
c INPROCESSING 7.4331 proptime 517537 prop/sec 18.5747 prop/ca
c 4482000 confls 5010319 constrs 1153 vars
c 4483000 confls 5011319 constrs 1153 vars
c 4484000 confls 5012319 constrs 1153 vars
c 4485000 confls 5013319 constrs 1153 vars
c 4486000 confls 5014319 constrs 1153 vars
c 4487000 confls 5015319 constrs 1153 vars
c 4488000 confls 5016319 constrs 1153 vars
c 4489000 confls 5017319 constrs 1153 vars
c 4490000 confls 5018319 constrs 1153 vars
c 4491000 confls 5019319 constrs 1153 vars
c INPROCESSING 6.56153 proptime 587890 prop/sec 17.3935 prop/ca
c 4492000 confls 5010168 constrs 1153 vars
c 4493000 confls 5011168 constrs 1153 vars
c 4494000 confls 5012168 constrs 1153 vars
c 4495000 confls 5013168 constrs 1153 vars
c 4496000 confls 5014168 constrs 1153 vars
c 4497000 confls 5015168 constrs 1153 vars
c 4498000 confls 5016168 constrs 1153 vars
c 4499000 confls 5017168 constrs 1153 vars
c 4500000 confls 5018168 constrs 1153 vars
c 4501000 confls 5019168 constrs 1153 vars
c INPROCESSING 7.0815 proptime 569011 prop/sec 16.8347 prop/ca
c 4502000 confls 5009290 constrs 1153 vars
c 4503000 confls 5010290 constrs 1153 vars
c 4504000 confls 5011290 constrs 1153 vars
c 4505000 confls 5012290 constrs 1153 vars
c 4506000 confls 5013290 constrs 1153 vars
c 4507000 confls 5014290 constrs 1153 vars
c 4508000 confls 5015290 constrs 1153 vars
c 4509000 confls 5016290 constrs 1153 vars
c 4510000 confls 5017290 constrs 1153 vars
c 4511000 confls 5018290 constrs 1153 vars
c 4512000 confls 5019290 constrs 1153 vars
c INPROCESSING 6.76572 proptime 557124 prop/sec 18.5005 prop/ca
c 4513000 confls 5010964 constrs 1153 vars
c 4514000 confls 5011964 constrs 1153 vars
c 4515000 confls 5012964 constrs 1153 vars
c 4516000 confls 5013964 constrs 1153 vars
c 4517000 confls 5014964 constrs 1153 vars
c 4518000 confls 5015964 constrs 1153 vars
c 4519000 confls 5016964 constrs 1153 vars
c 4520000 confls 5017964 constrs 1153 vars
c 4521000 confls 5018964 constrs 1153 vars
c 4522000 confls 5019964 constrs 1153 vars
c INPROCESSING 7.0949 proptime 504919 prop/sec 18.7837 prop/ca
c 4523000 confls 5010620 constrs 1153 vars
c 4524000 confls 5011620 constrs 1153 vars
c 4525000 confls 5012620 constrs 1153 vars
c 4526000 confls 5013620 constrs 1153 vars
c 4527000 confls 5014620 constrs 1153 vars
c 4528000 confls 5015620 constrs 1153 vars
c 4529000 confls 5016620 constrs 1153 vars
c 4530000 confls 5017620 constrs 1153 vars
c 4531000 confls 5018620 constrs 1153 vars
c 4532000 confls 5019620 constrs 1153 vars
c INPROCESSING 6.93834 proptime 563544 prop/sec 18.7961 prop/ca
c 4533000 confls 5010876 constrs 1153 vars
c 4534000 confls 5011876 constrs 1153 vars
c 4535000 confls 5012876 constrs 1153 vars
c 4536000 confls 5013876 constrs 1153 vars
c 4537000 confls 5014876 constrs 1153 vars
c 4538000 confls 5015876 constrs 1153 vars
c 4539000 confls 5016876 constrs 1153 vars
c 4540000 confls 5017876 constrs 1153 vars
c 4541000 confls 5018876 constrs 1153 vars
c 4542000 confls 5019876 constrs 1153 vars
c INPROCESSING 8.16537 proptime 492760 prop/sec 18.9761 prop/ca
c 4543000 confls 5010899 constrs 1153 vars
c 4544000 confls 5011899 constrs 1153 vars
c 4545000 confls 5012899 constrs 1153 vars
c 4546000 confls 5013899 constrs 1153 vars
c 4547000 confls 5014899 constrs 1153 vars
c 4548000 confls 5015899 constrs 1153 vars
c 4549000 confls 5016899 constrs 1153 vars
c 4550000 confls 5017899 constrs 1153 vars
c 4551000 confls 5018899 constrs 1153 vars
c 4552000 confls 5019899 constrs 1153 vars
c INPROCESSING 7.32573 proptime 548322 prop/sec 17.4719 prop/ca
c 4553000 confls 5010394 constrs 1153 vars
c 4554000 confls 5011394 constrs 1153 vars
c 4555000 confls 5012394 constrs 1153 vars
c 4556000 confls 5013394 constrs 1153 vars
c 4557000 confls 5014394 constrs 1153 vars
c 4558000 confls 5015394 constrs 1153 vars
c 4559000 confls 5016394 constrs 1153 vars
c 4560000 confls 5017394 constrs 1153 vars
c 4561000 confls 5018394 constrs 1153 vars
c 4562000 confls 5019394 constrs 1153 vars
c INPROCESSING 8.36716 proptime 475678 prop/sec 18.7388 prop/ca
c 4563000 confls 5010253 constrs 1153 vars
c 4564000 confls 5011253 constrs 1153 vars
c 4565000 confls 5012253 constrs 1153 vars
c 4566000 confls 5013253 constrs 1153 vars
c 4567000 confls 5014253 constrs 1153 vars
c 4568000 confls 5015253 constrs 1153 vars
c 4569000 confls 5016253 constrs 1153 vars
c 4570000 confls 5017253 constrs 1153 vars
c 4571000 confls 5018253 constrs 1153 vars
c 4572000 confls 5019253 constrs 1153 vars
c INPROCESSING 8.72113 proptime 433930 prop/sec 19.9876 prop/ca
c 4573000 confls 5010187 constrs 1153 vars
c 4574000 confls 5011187 constrs 1153 vars
c 4575000 confls 5012187 constrs 1153 vars
c 4576000 confls 5013187 constrs 1153 vars
c 4577000 confls 5014187 constrs 1153 vars
c 4578000 confls 5015187 constrs 1153 vars
c 4579000 confls 5016187 constrs 1153 vars
c 4580000 confls 5017187 constrs 1153 vars
c 4581000 confls 5018187 constrs 1153 vars
c 4582000 confls 5019187 constrs 1153 vars
c INPROCESSING 7.85887 proptime 502937 prop/sec 19.0031 prop/ca
c 4583000 confls 5010257 constrs 1153 vars
c 4584000 confls 5011257 constrs 1153 vars
c 4585000 confls 5012257 constrs 1153 vars
c 4586000 confls 5013257 constrs 1153 vars
c 4587000 confls 5014257 constrs 1153 vars
c 4588000 confls 5015257 constrs 1153 vars
c 4589000 confls 5016257 constrs 1153 vars
c 4590000 confls 5017257 constrs 1153 vars
c 4591000 confls 5018257 constrs 1153 vars
c 4592000 confls 5019257 constrs 1153 vars
c INPROCESSING 8.11767 proptime 501679 prop/sec 17.6623 prop/ca
c 4593000 confls 5010247 constrs 1153 vars
c 4594000 confls 5011247 constrs 1153 vars
c 4595000 confls 5012247 constrs 1153 vars
c 4596000 confls 5013247 constrs 1153 vars
c 4597000 confls 5014247 constrs 1153 vars
c 4598000 confls 5015247 constrs 1153 vars
c 4599000 confls 5016247 constrs 1153 vars
c 4600000 confls 5017247 constrs 1153 vars
c 4601000 confls 5018247 constrs 1153 vars
c 4602000 confls 5019247 constrs 1153 vars
c INPROCESSING 7.48912 proptime 579459 prop/sec 15.6883 prop/ca
c 4603000 confls 5009888 constrs 1153 vars
c 4604000 confls 5010888 constrs 1153 vars
c 4605000 confls 5011888 constrs 1153 vars
c 4606000 confls 5012888 constrs 1153 vars
c 4607000 confls 5013888 constrs 1153 vars
c 4608000 confls 5014888 constrs 1153 vars
c 4609000 confls 5015888 constrs 1153 vars
c 4610000 confls 5016888 constrs 1153 vars
c 4611000 confls 5017888 constrs 1153 vars
c 4612000 confls 5018888 constrs 1153 vars
c INPROCESSING 8.37765 proptime 517751 prop/sec 16.1703 prop/ca
c 4613000 confls 5009627 constrs 1153 vars
c 4614000 confls 5010627 constrs 1153 vars
c 4615000 confls 5011627 constrs 1153 vars
c 4616000 confls 5012627 constrs 1153 vars
c 4617000 confls 5013627 constrs 1153 vars
c 4618000 confls 5014627 constrs 1153 vars
c 4619000 confls 5015627 constrs 1153 vars
c 4620000 confls 5016627 constrs 1153 vars
c 4621000 confls 5017627 constrs 1153 vars
c 4622000 confls 5018627 constrs 1153 vars
c INPROCESSING 7.91748 proptime 548042 prop/sec 16.569 prop/ca
c 4623000 confls 5009382 constrs 1153 vars
c 4624000 confls 5010382 constrs 1153 vars
c 4625000 confls 5011382 constrs 1153 vars
c 4626000 confls 5012382 constrs 1153 vars
c 4627000 confls 5013382 constrs 1153 vars
c 4628000 confls 5014382 constrs 1153 vars
c 4629000 confls 5015382 constrs 1153 vars
c 4630000 confls 5016382 constrs 1153 vars
c 4631000 confls 5017382 constrs 1153 vars
c 4632000 confls 5018382 constrs 1153 vars
c INPROCESSING 8.31984 proptime 532423 prop/sec 15.7594 prop/ca
c 4633000 confls 5009104 constrs 1153 vars
c 4634000 confls 5010104 constrs 1153 vars
c 4635000 confls 5011104 constrs 1153 vars
c 4636000 confls 5012104 constrs 1153 vars
c 4637000 confls 5013104 constrs 1153 vars
c 4638000 confls 5014104 constrs 1153 vars
c 4639000 confls 5015104 constrs 1153 vars
c 4640000 confls 5016104 constrs 1153 vars
c 4641000 confls 5017104 constrs 1153 vars
c 4642000 confls 5018104 constrs 1153 vars
c INPROCESSING 7.68095 proptime 547037 prop/sec 16.6303 prop/ca
c 4643000 confls 5009571 constrs 1153 vars
c 4644000 confls 5010571 constrs 1153 vars
c 4645000 confls 5011571 constrs 1153 vars
c 4646000 confls 5012571 constrs 1153 vars
c 4647000 confls 5013571 constrs 1153 vars
c 4648000 confls 5014571 constrs 1153 vars
c 4649000 confls 5015571 constrs 1153 vars
c 4650000 confls 5016571 constrs 1153 vars
c 4651000 confls 5017571 constrs 1153 vars
c 4652000 confls 5018571 constrs 1153 vars
c 4653000 confls 5019571 constrs 1153 vars
c INPROCESSING 8.71622 proptime 500982 prop/sec 16.8973 prop/ca
c 4654000 confls 5010060 constrs 1153 vars
c 4655000 confls 5011060 constrs 1153 vars
c 4656000 confls 5012060 constrs 1153 vars
c 4657000 confls 5013060 constrs 1153 vars
c 4658000 confls 5014060 constrs 1153 vars
c 4659000 confls 5015060 constrs 1153 vars
c 4660000 confls 5016060 constrs 1153 vars
c 4661000 confls 5017060 constrs 1153 vars
c 4662000 confls 5018060 constrs 1153 vars
c 4663000 confls 5019060 constrs 1153 vars
c INPROCESSING 8.13877 proptime 453902 prop/sec 17.8292 prop/ca
c 4664000 confls 5010391 constrs 1153 vars
c 4665000 confls 5011391 constrs 1153 vars
c 4666000 confls 5012391 constrs 1153 vars
c 4667000 confls 5013391 constrs 1153 vars
c 4668000 confls 5014391 constrs 1153 vars
c 4669000 confls 5015391 constrs 1153 vars
c 4670000 confls 5016391 constrs 1153 vars
c 4671000 confls 5017391 constrs 1153 vars
c 4672000 confls 5018391 constrs 1153 vars
c 4673000 confls 5019391 constrs 1153 vars
c INPROCESSING 7.71433 proptime 504549 prop/sec 16.2438 prop/ca
c 4674000 confls 5010327 constrs 1153 vars
c 4675000 confls 5011327 constrs 1153 vars
c 4676000 confls 5012327 constrs 1153 vars
c 4677000 confls 5013327 constrs 1153 vars
c 4678000 confls 5014327 constrs 1153 vars
c 4679000 confls 5015327 constrs 1153 vars
c 4680000 confls 5016327 constrs 1153 vars
c 4681000 confls 5017327 constrs 1153 vars
c 4682000 confls 5018327 constrs 1153 vars
c 4683000 confls 5019327 constrs 1153 vars
c INPROCESSING 7.96432 proptime 558673 prop/sec 15.9748 prop/ca
c 4684000 confls 5010032 constrs 1153 vars
c 4685000 confls 5011032 constrs 1153 vars
c 4686000 confls 5012032 constrs 1153 vars
c 4687000 confls 5013032 constrs 1153 vars
c 4688000 confls 5014032 constrs 1153 vars
c 4689000 confls 5015032 constrs 1153 vars
c 4690000 confls 5016032 constrs 1153 vars
c 4691000 confls 5017032 constrs 1153 vars
c 4692000 confls 5018032 constrs 1153 vars
c 4693000 confls 5019032 constrs 1153 vars
c INPROCESSING 7.29863 proptime 558209 prop/sec 15.4592 prop/ca
c 4694000 confls 5010049 constrs 1153 vars
c 4695000 confls 5011049 constrs 1153 vars
c 4696000 confls 5012049 constrs 1153 vars
c 4697000 confls 5013049 constrs 1153 vars
c 4698000 confls 5014049 constrs 1153 vars
c 4699000 confls 5015049 constrs 1153 vars
c 4700000 confls 5016049 constrs 1153 vars
c 4701000 confls 5017049 constrs 1153 vars
c 4702000 confls 5018049 constrs 1153 vars
c 4703000 confls 5019049 constrs 1153 vars
c INPROCESSING 11.0984 proptime 482365 prop/sec 16.4809 prop/ca
c 4704000 confls 5009072 constrs 1153 vars
c 4705000 confls 5010072 constrs 1153 vars
c 4706000 confls 5011072 constrs 1153 vars
c 4707000 confls 5012072 constrs 1153 vars
c 4708000 confls 5013072 constrs 1153 vars
c 4709000 confls 5014072 constrs 1153 vars
c 4710000 confls 5015072 constrs 1153 vars
c 4711000 confls 5016072 constrs 1153 vars
c 4712000 confls 5017072 constrs 1153 vars
c 4713000 confls 5018072 constrs 1153 vars
c INPROCESSING 8.09194 proptime 490734 prop/sec 16.8309 prop/ca
c 4714000 confls 5009528 constrs 1153 vars
c 4715000 confls 5010528 constrs 1153 vars
c 4716000 confls 5011528 constrs 1153 vars
c 4717000 confls 5012528 constrs 1153 vars
c 4718000 confls 5013528 constrs 1153 vars
c 4719000 confls 5014528 constrs 1153 vars
c 4720000 confls 5015528 constrs 1153 vars
c 4721000 confls 5016528 constrs 1153 vars
c 4722000 confls 5017528 constrs 1153 vars
c 4723000 confls 5018528 constrs 1153 vars
c INPROCESSING 7.55955 proptime 573153 prop/sec 14.7387 prop/ca
c 4724000 confls 5009553 constrs 1153 vars
c 4725000 confls 5010553 constrs 1153 vars
c 4726000 confls 5011553 constrs 1153 vars
c 4727000 confls 5012553 constrs 1153 vars
c 4728000 confls 5013553 constrs 1153 vars
c 4729000 confls 5014553 constrs 1153 vars
c 4730000 confls 5015553 constrs 1153 vars
c 4731000 confls 5016553 constrs 1153 vars
c 4732000 confls 5017553 constrs 1153 vars
c 4733000 confls 5018553 constrs 1153 vars
c INPROCESSING 8.21253 proptime 524961 prop/sec 15.6117 prop/ca
c 4734000 confls 5009144 constrs 1153 vars
c 4735000 confls 5010144 constrs 1153 vars
c 4736000 confls 5011144 constrs 1153 vars
c 4737000 confls 5012144 constrs 1153 vars
c 4738000 confls 5013144 constrs 1153 vars
c 4739000 confls 5014144 constrs 1153 vars
c 4740000 confls 5015144 constrs 1153 vars
c 4741000 confls 5016144 constrs 1153 vars
c 4742000 confls 5017144 constrs 1153 vars
c 4743000 confls 5018144 constrs 1153 vars
c INPROCESSING 8.77835 proptime 487356 prop/sec 16.4451 prop/ca
c 4744000 confls 5009196 constrs 1153 vars
c 4745000 confls 5010196 constrs 1153 vars
c 4746000 confls 5011196 constrs 1153 vars
c 4747000 confls 5012196 constrs 1153 vars
c 4748000 confls 5013196 constrs 1153 vars
c 4749000 confls 5014196 constrs 1153 vars
c 4750000 confls 5015196 constrs 1153 vars
c 4751000 confls 5016196 constrs 1153 vars
c 4752000 confls 5017196 constrs 1153 vars
c 4753000 confls 5018196 constrs 1153 vars
c 4754000 confls 5019196 constrs 1153 vars
c INPROCESSING 9.61186 proptime 478155 prop/sec 16.9289 prop/ca
c 4755000 confls 5009867 constrs 1153 vars
c 4756000 confls 5010867 constrs 1153 vars
c 4757000 confls 5011867 constrs 1153 vars
c 4758000 confls 5012867 constrs 1153 vars
c 4759000 confls 5013867 constrs 1153 vars
c 4760000 confls 5014867 constrs 1153 vars
c 4761000 confls 5015867 constrs 1153 vars
c 4762000 confls 5016867 constrs 1153 vars
c 4763000 confls 5017867 constrs 1153 vars
c 4764000 confls 5018867 constrs 1153 vars
c INPROCESSING 7.20919 proptime 539620 prop/sec 17.212 prop/ca
c 4765000 confls 5009999 constrs 1153 vars
c 4766000 confls 5010999 constrs 1153 vars
c 4767000 confls 5011999 constrs 1153 vars
c 4768000 confls 5012999 constrs 1153 vars
c 4769000 confls 5013999 constrs 1153 vars
c 4770000 confls 5014999 constrs 1153 vars
c 4771000 confls 5015999 constrs 1153 vars
c 4772000 confls 5016999 constrs 1153 vars
c 4773000 confls 5017999 constrs 1153 vars
c 4774000 confls 5018999 constrs 1153 vars
c INPROCESSING 10.6452 proptime 443248 prop/sec 18.1423 prop/ca
c 4775000 confls 5010272 constrs 1153 vars
c 4776000 confls 5011272 constrs 1153 vars
c 4777000 confls 5012272 constrs 1153 vars
c 4778000 confls 5013272 constrs 1153 vars
c 4779000 confls 5014272 constrs 1153 vars
c 4780000 confls 5015272 constrs 1153 vars
c 4781000 confls 5016272 constrs 1153 vars
c 4782000 confls 5017272 constrs 1153 vars
c 4783000 confls 5018272 constrs 1153 vars
c 4784000 confls 5019272 constrs 1153 vars
c INPROCESSING 8.39151 proptime 513641 prop/sec 15.5722 prop/ca
c 4785000 confls 5009736 constrs 1153 vars
c 4786000 confls 5010736 constrs 1153 vars
c 4787000 confls 5011736 constrs 1153 vars
c 4788000 confls 5012736 constrs 1153 vars
c 4789000 confls 5013736 constrs 1153 vars
c 4790000 confls 5014736 constrs 1153 vars
c 4791000 confls 5015736 constrs 1153 vars
c 4792000 confls 5016736 constrs 1153 vars
c 4793000 confls 5017736 constrs 1153 vars
c 4794000 confls 5018736 constrs 1153 vars
c INPROCESSING 7.40862 proptime 540333 prop/sec 15.6824 prop/ca
c 4795000 confls 5010114 constrs 1153 vars
c 4796000 confls 5011114 constrs 1153 vars
c 4797000 confls 5012114 constrs 1153 vars
c 4798000 confls 5013114 constrs 1153 vars
c 4799000 confls 5014114 constrs 1153 vars
c 4800000 confls 5015114 constrs 1153 vars
c 4801000 confls 5016114 constrs 1153 vars
c 4802000 confls 5017114 constrs 1153 vars
c 4803000 confls 5018114 constrs 1153 vars
c 4804000 confls 5019114 constrs 1153 vars
c INPROCESSING 10.1147 proptime 448819 prop/sec 17.8101 prop/ca
c 4805000 confls 5009283 constrs 1153 vars
c 4806000 confls 5010283 constrs 1153 vars
c 4807000 confls 5011283 constrs 1153 vars
c 4808000 confls 5012283 constrs 1153 vars
c 4809000 confls 5013283 constrs 1153 vars
c 4810000 confls 5014283 constrs 1153 vars
c 4811000 confls 5015283 constrs 1153 vars
c 4812000 confls 5016283 constrs 1153 vars
c 4813000 confls 5017283 constrs 1153 vars
c 4814000 confls 5018283 constrs 1153 vars
c INPROCESSING 8.88259 proptime 508758 prop/sec 16.3063 prop/ca
c 4815000 confls 5009027 constrs 1153 vars
c 4816000 confls 5010027 constrs 1153 vars
c 4817000 confls 5011027 constrs 1153 vars
c 4818000 confls 5012027 constrs 1153 vars
c 4819000 confls 5013027 constrs 1153 vars
c 4820000 confls 5014027 constrs 1153 vars
c 4821000 confls 5015027 constrs 1153 vars
c 4822000 confls 5016027 constrs 1153 vars
c 4823000 confls 5017027 constrs 1153 vars
c 4824000 confls 5018027 constrs 1153 vars
c INPROCESSING 8.52261 proptime 567869 prop/sec 15.4226 prop/ca
c 4825000 confls 5008729 constrs 1153 vars
c 4826000 confls 5009729 constrs 1153 vars
c 4827000 confls 5010729 constrs 1153 vars
c 4828000 confls 5011729 constrs 1153 vars
c 4829000 confls 5012729 constrs 1153 vars
c 4830000 confls 5013729 constrs 1153 vars
c 4831000 confls 5014729 constrs 1153 vars
c 4832000 confls 5015729 constrs 1153 vars
c 4833000 confls 5016729 constrs 1153 vars
c 4834000 confls 5017729 constrs 1153 vars
c INPROCESSING 7.95991 proptime 543038 prop/sec 17.0451 prop/ca
c 4835000 confls 5009056 constrs 1153 vars
c 4836000 confls 5010056 constrs 1153 vars
c 4837000 confls 5011056 constrs 1153 vars
c 4838000 confls 5012056 constrs 1153 vars
c 4839000 confls 5013056 constrs 1153 vars
c 4840000 confls 5014056 constrs 1153 vars
c 4841000 confls 5015056 constrs 1153 vars
c 4842000 confls 5016056 constrs 1153 vars
c 4843000 confls 5017056 constrs 1153 vars
c 4844000 confls 5018056 constrs 1153 vars
c 4845000 confls 5019056 constrs 1153 vars
c INPROCESSING 8.43277 proptime 525515 prop/sec 15.9591 prop/ca
c 4846000 confls 5010170 constrs 1153 vars
c 4847000 confls 5011170 constrs 1153 vars
c 4848000 confls 5012170 constrs 1153 vars
c 4849000 confls 5013170 constrs 1153 vars
c 4850000 confls 5014170 constrs 1153 vars
c 4851000 confls 5015170 constrs 1153 vars
c 4852000 confls 5016170 constrs 1153 vars
c 4853000 confls 5017170 constrs 1153 vars
c 4854000 confls 5018170 constrs 1153 vars
c 4855000 confls 5019170 constrs 1153 vars
c INPROCESSING 9.46699 proptime 463258 prop/sec 17.7371 prop/ca
c 4856000 confls 5009917 constrs 1153 vars
c 4857000 confls 5010917 constrs 1153 vars
c 4858000 confls 5011917 constrs 1153 vars
c 4859000 confls 5012917 constrs 1153 vars
c 4860000 confls 5013917 constrs 1153 vars
c 4861000 confls 5014917 constrs 1153 vars
c 4862000 confls 5015917 constrs 1153 vars
c 4863000 confls 5016917 constrs 1153 vars
c 4864000 confls 5017917 constrs 1153 vars
c 4865000 confls 5018917 constrs 1153 vars
c INPROCESSING 9.39164 proptime 446256 prop/sec 17.138 prop/ca
c 4866000 confls 5009821 constrs 1153 vars
c 4867000 confls 5010821 constrs 1153 vars
c 4868000 confls 5011821 constrs 1153 vars
c 4869000 confls 5012821 constrs 1153 vars
c 4870000 confls 5013821 constrs 1153 vars
c 4871000 confls 5014821 constrs 1153 vars
c 4872000 confls 5015821 constrs 1153 vars
c 4873000 confls 5016821 constrs 1153 vars
c 4874000 confls 5017821 constrs 1153 vars
c 4875000 confls 5018821 constrs 1153 vars
c INPROCESSING 7.06322 proptime 607343 prop/sec 12.5366 prop/ca
c 4876000 confls 5009628 constrs 1153 vars
c 4877000 confls 5010628 constrs 1153 vars
c 4878000 confls 5011628 constrs 1153 vars
c 4879000 confls 5012628 constrs 1153 vars
c 4880000 confls 5013628 constrs 1153 vars
c 4881000 confls 5014628 constrs 1153 vars
c 4882000 confls 5015628 constrs 1153 vars
c 4883000 confls 5016628 constrs 1153 vars
c 4884000 confls 5017628 constrs 1153 vars
c 4885000 confls 5018628 constrs 1153 vars
c INPROCESSING 7.55752 proptime 575799 prop/sec 13.2096 prop/ca
c 4886000 confls 5009536 constrs 1153 vars
c 4887000 confls 5010536 constrs 1153 vars
c 4888000 confls 5011536 constrs 1153 vars
c 4889000 confls 5012536 constrs 1153 vars
c 4890000 confls 5013536 constrs 1153 vars
c 4891000 confls 5014536 constrs 1153 vars
c 4892000 confls 5015536 constrs 1153 vars
c 4893000 confls 5016536 constrs 1153 vars
c 4894000 confls 5017536 constrs 1153 vars
c 4895000 confls 5018536 constrs 1153 vars
c INPROCESSING 8.67974 proptime 476432 prop/sec 18.343 prop/ca
c 4896000 confls 5009999 constrs 1153 vars
c 4897000 confls 5010999 constrs 1153 vars
c 4898000 confls 5011999 constrs 1153 vars
c 4899000 confls 5012999 constrs 1153 vars
c 4900000 confls 5013999 constrs 1153 vars
c 4901000 confls 5014999 constrs 1153 vars
c 4902000 confls 5015999 constrs 1153 vars
c 4903000 confls 5016999 constrs 1153 vars
c 4904000 confls 5017999 constrs 1153 vars
c 4905000 confls 5018999 constrs 1153 vars
c INPROCESSING 10.0853 proptime 472769 prop/sec 17.3798 prop/ca
c 4906000 confls 5009564 constrs 1153 vars
c 4907000 confls 5010564 constrs 1153 vars
c 4908000 confls 5011564 constrs 1153 vars
c 4909000 confls 5012564 constrs 1153 vars
c 4910000 confls 5013564 constrs 1153 vars
c 4911000 confls 5014564 constrs 1153 vars
c 4912000 confls 5015564 constrs 1153 vars
c 4913000 confls 5016564 constrs 1153 vars
c 4914000 confls 5017564 constrs 1153 vars
c 4915000 confls 5018564 constrs 1153 vars
c INPROCESSING 7.82969 proptime 542027 prop/sec 14.632 prop/ca
c 4916000 confls 5009309 constrs 1153 vars
c 4917000 confls 5010309 constrs 1153 vars
c 4918000 confls 5011309 constrs 1153 vars
c 4919000 confls 5012309 constrs 1153 vars
c 4920000 confls 5013309 constrs 1153 vars
c 4921000 confls 5014309 constrs 1153 vars
c 4922000 confls 5015309 constrs 1153 vars
c 4923000 confls 5016309 constrs 1153 vars
c 4924000 confls 5017309 constrs 1153 vars
c 4925000 confls 5018309 constrs 1153 vars
c 4926000 confls 5019309 constrs 1153 vars
c INPROCESSING 7.89157 proptime 547350 prop/sec 14.3916 prop/ca
c 4927000 confls 5009735 constrs 1153 vars
c 4928000 confls 5010735 constrs 1153 vars
c 4929000 confls 5011735 constrs 1153 vars
c 4930000 confls 5012735 constrs 1153 vars
c 4931000 confls 5013735 constrs 1153 vars
c 4932000 confls 5014735 constrs 1153 vars
c 4933000 confls 5015735 constrs 1153 vars
c 4934000 confls 5016735 constrs 1153 vars
c 4935000 confls 5017735 constrs 1153 vars
c 4936000 confls 5018735 constrs 1153 vars
c INPROCESSING 7.49887 proptime 543565 prop/sec 13.6126 prop/ca
c 4937000 confls 5010538 constrs 1153 vars
c 4938000 confls 5011538 constrs 1153 vars
c 4939000 confls 5012538 constrs 1153 vars
c 4940000 confls 5013538 constrs 1153 vars
c 4941000 confls 5014538 constrs 1153 vars
c 4942000 confls 5015538 constrs 1153 vars
c 4943000 confls 5016538 constrs 1153 vars
c 4944000 confls 5017538 constrs 1153 vars
c 4945000 confls 5018538 constrs 1153 vars
c 4946000 confls 5019538 constrs 1153 vars
c INPROCESSING 8.07952 proptime 492672 prop/sec 18.3787 prop/ca
c 4947000 confls 5010460 constrs 1153 vars
c 4948000 confls 5011460 constrs 1153 vars
c 4949000 confls 5012460 constrs 1153 vars
c 4950000 confls 5013460 constrs 1153 vars
c 4951000 confls 5014460 constrs 1153 vars
c 4952000 confls 5015460 constrs 1153 vars
c 4953000 confls 5016460 constrs 1153 vars
c 4954000 confls 5017460 constrs 1153 vars
c 4955000 confls 5018460 constrs 1153 vars
c 4956000 confls 5019460 constrs 1153 vars
c INPROCESSING 10.3823 proptime 429879 prop/sec 17.6174 prop/ca
c 4957000 confls 5010195 constrs 1153 vars
c 4958000 confls 5011195 constrs 1153 vars
c 4959000 confls 5012195 constrs 1153 vars
c 4960000 confls 5013195 constrs 1153 vars
c 4961000 confls 5014195 constrs 1153 vars
c 4962000 confls 5015195 constrs 1153 vars
c 4963000 confls 5016195 constrs 1153 vars
c 4964000 confls 5017195 constrs 1153 vars
c 4965000 confls 5018195 constrs 1153 vars
c 4966000 confls 5019195 constrs 1153 vars
c INPROCESSING 8.87123 proptime 484826 prop/sec 16.7753 prop/ca
c 4967000 confls 5009441 constrs 1153 vars
c 4968000 confls 5010441 constrs 1153 vars
c 4969000 confls 5011441 constrs 1153 vars
c 4970000 confls 5012441 constrs 1153 vars
c 4971000 confls 5013441 constrs 1153 vars
c 4972000 confls 5014441 constrs 1153 vars
c 4973000 confls 5015441 constrs 1153 vars
c 4974000 confls 5016441 constrs 1153 vars
c 4975000 confls 5017441 constrs 1153 vars
c 4976000 confls 5018441 constrs 1153 vars
c INPROCESSING 9.85824 proptime 485912 prop/sec 16.347 prop/ca
c 4977000 confls 5008979 constrs 1153 vars
c 4978000 confls 5009979 constrs 1153 vars
c 4979000 confls 5010979 constrs 1153 vars
c 4980000 confls 5011979 constrs 1153 vars
c 4981000 confls 5012979 constrs 1153 vars
c 4982000 confls 5013979 constrs 1153 vars
c 4983000 confls 5014979 constrs 1153 vars
c 4984000 confls 5015979 constrs 1153 vars
c 4985000 confls 5016979 constrs 1153 vars
c 4986000 confls 5017979 constrs 1153 vars
c INPROCESSING 9.66444 proptime 433545 prop/sec 16.2799 prop/ca
c 4987000 confls 5009002 constrs 1153 vars
c 4988000 confls 5010002 constrs 1153 vars
c 4989000 confls 5011002 constrs 1153 vars
c 4990000 confls 5012002 constrs 1153 vars
c 4991000 confls 5013002 constrs 1153 vars
c 4992000 confls 5014002 constrs 1153 vars
c 4993000 confls 5015002 constrs 1153 vars
c 4994000 confls 5016002 constrs 1153 vars
c 4995000 confls 5017002 constrs 1153 vars
c 4996000 confls 5018002 constrs 1153 vars
c INPROCESSING 8.11843 proptime 473968 prop/sec 17.7899 prop/ca
c 4997000 confls 5009804 constrs 1153 vars
c 4998000 confls 5010804 constrs 1153 vars
c 4999000 confls 5011804 constrs 1153 vars
c 5000000 confls 5012804 constrs 1153 vars
c 5001000 confls 5013804 constrs 1153 vars
c 5002000 confls 5014804 constrs 1153 vars
c 5003000 confls 5015804 constrs 1153 vars
c 5004000 confls 5016804 constrs 1153 vars
c 5005000 confls 5017804 constrs 1153 vars
c 5006000 confls 5018804 constrs 1153 vars
c 5007000 confls 5019804 constrs 1153 vars
c INPROCESSING 9.3324 proptime 468046 prop/sec 17.3052 prop/ca
c 5008000 confls 5010210 constrs 1153 vars
c 5009000 confls 5011210 constrs 1153 vars
c 5010000 confls 5012210 constrs 1153 vars
c 5011000 confls 5013210 constrs 1153 vars
c 5012000 confls 5014210 constrs 1153 vars
c 5013000 confls 5015210 constrs 1153 vars
c 5014000 confls 5016210 constrs 1153 vars
c 5015000 confls 5017210 constrs 1153 vars
c 5016000 confls 5018210 constrs 1153 vars
c 5017000 confls 5019210 constrs 1153 vars
c INPROCESSING 8.00941 proptime 524562 prop/sec 16.8766 prop/ca
c 5018000 confls 5010069 constrs 1153 vars
c 5019000 confls 5011069 constrs 1153 vars
c 5020000 confls 5012069 constrs 1153 vars
c 5021000 confls 5013069 constrs 1153 vars
c 5022000 confls 5014069 constrs 1153 vars
c 5023000 confls 5015069 constrs 1153 vars
c 5024000 confls 5016069 constrs 1153 vars
c 5025000 confls 5017069 constrs 1153 vars
c 5026000 confls 5018069 constrs 1153 vars
c 5027000 confls 5019069 constrs 1153 vars
c INPROCESSING 8.39916 proptime 453483 prop/sec 16.1986 prop/ca
c 5028000 confls 5010842 constrs 1153 vars
c 5029000 confls 5011842 constrs 1153 vars
c 5030000 confls 5012842 constrs 1153 vars
c 5031000 confls 5013842 constrs 1153 vars
c 5032000 confls 5014842 constrs 1153 vars
c 5033000 confls 5015842 constrs 1153 vars
c 5034000 confls 5016842 constrs 1153 vars
c 5035000 confls 5017842 constrs 1153 vars
c 5036000 confls 5018842 constrs 1153 vars
c 5037000 confls 5019842 constrs 1153 vars
c INPROCESSING 8.61625 proptime 483895 prop/sec 17.4266 prop/ca
c 5038000 confls 5010141 constrs 1153 vars
c 5039000 confls 5011141 constrs 1153 vars
c 5040000 confls 5012141 constrs 1153 vars
c 5041000 confls 5013141 constrs 1153 vars
c 5042000 confls 5014141 constrs 1153 vars
c 5043000 confls 5015141 constrs 1153 vars
c 5044000 confls 5016141 constrs 1153 vars
c 5045000 confls 5017141 constrs 1153 vars
c 5046000 confls 5018141 constrs 1153 vars
c 5047000 confls 5019141 constrs 1153 vars
c INPROCESSING 8.04387 proptime 514518 prop/sec 15.7913 prop/ca
c 5048000 confls 5009963 constrs 1153 vars
c 5049000 confls 5010963 constrs 1153 vars
c 5050000 confls 5011963 constrs 1153 vars
c 5051000 confls 5012963 constrs 1153 vars
c 5052000 confls 5013963 constrs 1153 vars
c 5053000 confls 5014963 constrs 1153 vars
c 5054000 confls 5015963 constrs 1153 vars
c 5055000 confls 5016963 constrs 1153 vars
c 5056000 confls 5017963 constrs 1153 vars
c 5057000 confls 5018963 constrs 1153 vars
c INPROCESSING 9.22081 proptime 469458 prop/sec 16.623 prop/ca
c 5058000 confls 5009750 constrs 1153 vars
c 5059000 confls 5010750 constrs 1153 vars
c 5060000 confls 5011750 constrs 1153 vars
c 5061000 confls 5012750 constrs 1153 vars
c 5062000 confls 5013750 constrs 1153 vars
c 5063000 confls 5014750 constrs 1153 vars
c 5064000 confls 5015750 constrs 1153 vars
c 5065000 confls 5016750 constrs 1153 vars
c 5066000 confls 5017750 constrs 1153 vars
c 5067000 confls 5018750 constrs 1153 vars
c INPROCESSING 7.75673 proptime 526426 prop/sec 16.6261 prop/ca
c 5068000 confls 5009588 constrs 1153 vars
c 5069000 confls 5010588 constrs 1153 vars
c 5070000 confls 5011588 constrs 1153 vars
c 5071000 confls 5012588 constrs 1153 vars
c 5072000 confls 5013588 constrs 1153 vars
c 5073000 confls 5014588 constrs 1153 vars
c 5074000 confls 5015588 constrs 1153 vars
c 5075000 confls 5016588 constrs 1153 vars
c 5076000 confls 5017588 constrs 1153 vars
c 5077000 confls 5018588 constrs 1153 vars
c 5078000 confls 5019588 constrs 1153 vars
c INPROCESSING 7.45494 proptime 554846 prop/sec 16.4125 prop/ca
c 5079000 confls 5010363 constrs 1153 vars
c 5080000 confls 5011363 constrs 1153 vars
c 5081000 confls 5012363 constrs 1153 vars
c 5082000 confls 5013363 constrs 1153 vars
c 5083000 confls 5014363 constrs 1153 vars
c 5084000 confls 5015363 constrs 1153 vars
c 5085000 confls 5016363 constrs 1153 vars
c 5086000 confls 5017363 constrs 1153 vars
c 5087000 confls 5018363 constrs 1153 vars
c 5088000 confls 5019363 constrs 1153 vars
c INPROCESSING 9.38756 proptime 418094 prop/sec 19.3461 prop/ca
c 5089000 confls 5011220 constrs 1153 vars
c 5090000 confls 5012220 constrs 1153 vars
c 5091000 confls 5013220 constrs 1153 vars
c 5092000 confls 5014220 constrs 1153 vars
c 5093000 confls 5015220 constrs 1153 vars
c 5094000 confls 5016220 constrs 1153 vars
c 5095000 confls 5017220 constrs 1153 vars
c 5096000 confls 5018220 constrs 1153 vars
c 5097000 confls 5019220 constrs 1153 vars
c 5098000 confls 5020220 constrs 1153 vars
c INPROCESSING 9.1081 proptime 487049 prop/sec 17.2432 prop/ca
c 5099000 confls 5010210 constrs 1153 vars
c 5100000 confls 5011210 constrs 1153 vars
c 5101000 confls 5012210 constrs 1153 vars
c 5102000 confls 5013210 constrs 1153 vars
c 5103000 confls 5014210 constrs 1153 vars
c 5104000 confls 5015210 constrs 1153 vars
c 5105000 confls 5016210 constrs 1153 vars
c 5106000 confls 5017210 constrs 1153 vars
c 5107000 confls 5018210 constrs 1153 vars
c 5108000 confls 5019210 constrs 1153 vars
c INPROCESSING 9.43461 proptime 422504 prop/sec 17.6822 prop/ca
c 5109000 confls 5010254 constrs 1153 vars
c 5110000 confls 5011254 constrs 1153 vars
c 5111000 confls 5012254 constrs 1153 vars
c 5112000 confls 5013254 constrs 1153 vars
c 5113000 confls 5014254 constrs 1153 vars
c 5114000 confls 5015254 constrs 1153 vars
c 5115000 confls 5016254 constrs 1153 vars
c 5116000 confls 5017254 constrs 1153 vars
c 5117000 confls 5018254 constrs 1153 vars
c 5118000 confls 5019254 constrs 1153 vars
c INPROCESSING 8.76204 proptime 483132 prop/sec 14.8603 prop/ca
c 5119000 confls 5009927 constrs 1153 vars
c 5120000 confls 5010927 constrs 1153 vars
c 5121000 confls 5011927 constrs 1153 vars
c 5122000 confls 5012927 constrs 1153 vars
c 5123000 confls 5013927 constrs 1153 vars
c 5124000 confls 5014927 constrs 1153 vars
c 5125000 confls 5015927 constrs 1153 vars
c 5126000 confls 5016927 constrs 1153 vars
c 5127000 confls 5017927 constrs 1153 vars
c 5128000 confls 5018927 constrs 1153 vars
c INPROCESSING 7.54451 proptime 548875 prop/sec 16.1037 prop/ca
c 5129000 confls 5009532 constrs 1153 vars
c 5130000 confls 5010532 constrs 1153 vars
c 5131000 confls 5011532 constrs 1153 vars
c 5132000 confls 5012532 constrs 1153 vars
c 5133000 confls 5013532 constrs 1153 vars
c 5134000 confls 5014532 constrs 1153 vars
c 5135000 confls 5015532 constrs 1153 vars
c 5136000 confls 5016532 constrs 1153 vars
c 5137000 confls 5017532 constrs 1153 vars
c 5138000 confls 5018532 constrs 1153 vars
c 5139000 confls 5019532 constrs 1153 vars
c INPROCESSING 8.43314 proptime 490135 prop/sec 16.2164 prop/ca
c 5140000 confls 5010635 constrs 1153 vars
c 5141000 confls 5011635 constrs 1153 vars
c 5142000 confls 5012635 constrs 1153 vars
c 5143000 confls 5013635 constrs 1153 vars
c 5144000 confls 5014635 constrs 1153 vars
c 5145000 confls 5015635 constrs 1153 vars
c 5146000 confls 5016635 constrs 1153 vars
c 5147000 confls 5017635 constrs 1153 vars
c 5148000 confls 5018635 constrs 1153 vars
c 5149000 confls 5019635 constrs 1153 vars
c INPROCESSING 7.61198 proptime 557791 prop/sec 14.459 prop/ca
c 5150000 confls 5010292 constrs 1153 vars
c 5151000 confls 5011292 constrs 1153 vars
c 5152000 confls 5012292 constrs 1153 vars
c 5153000 confls 5013292 constrs 1153 vars
c 5154000 confls 5014292 constrs 1153 vars
c 5155000 confls 5015292 constrs 1153 vars
c 5156000 confls 5016292 constrs 1153 vars
c 5157000 confls 5017292 constrs 1153 vars
c 5158000 confls 5018292 constrs 1153 vars
c 5159000 confls 5019292 constrs 1153 vars
c INPROCESSING 9.29504 proptime 437191 prop/sec 19.1521 prop/ca
c 5160000 confls 5010535 constrs 1153 vars
c 5161000 confls 5011535 constrs 1153 vars
c 5162000 confls 5012535 constrs 1153 vars
c 5163000 confls 5013535 constrs 1153 vars
c 5164000 confls 5014535 constrs 1153 vars
c 5165000 confls 5015535 constrs 1153 vars
c 5166000 confls 5016535 constrs 1153 vars
c 5167000 confls 5017535 constrs 1153 vars
c 5168000 confls 5018535 constrs 1153 vars
c 5169000 confls 5019535 constrs 1153 vars
c INPROCESSING 9.40235 proptime 428938 prop/sec 18.6232 prop/ca
c 5170000 confls 5010731 constrs 1153 vars
c 5171000 confls 5011731 constrs 1153 vars
c 5172000 confls 5012731 constrs 1153 vars
c 5173000 confls 5013731 constrs 1153 vars
c 5174000 confls 5014731 constrs 1153 vars
c 5175000 confls 5015731 constrs 1153 vars
c 5176000 confls 5016731 constrs 1153 vars
c 5177000 confls 5017731 constrs 1153 vars
c 5178000 confls 5018731 constrs 1153 vars
c 5179000 confls 5019731 constrs 1153 vars
c INPROCESSING 8.3676 proptime 480097 prop/sec 16.0645 prop/ca
c 5180000 confls 5010212 constrs 1153 vars
c 5181000 confls 5011212 constrs 1153 vars
c 5182000 confls 5012212 constrs 1153 vars
c 5183000 confls 5013212 constrs 1153 vars
c 5184000 confls 5014212 constrs 1153 vars
c 5185000 confls 5015212 constrs 1153 vars
c 5186000 confls 5016212 constrs 1153 vars
c 5187000 confls 5017212 constrs 1153 vars
c 5188000 confls 5018212 constrs 1153 vars
c 5189000 confls 5019212 constrs 1153 vars
c INPROCESSING 8.14337 proptime 528086 prop/sec 15.5287 prop/ca
c 5190000 confls 5009630 constrs 1153 vars
c 5191000 confls 5010630 constrs 1153 vars
c 5192000 confls 5011630 constrs 1153 vars
c 5193000 confls 5012630 constrs 1153 vars
c 5194000 confls 5013630 constrs 1153 vars
c 5195000 confls 5014630 constrs 1153 vars
c 5196000 confls 5015630 constrs 1153 vars
c 5197000 confls 5016630 constrs 1153 vars
c 5198000 confls 5017630 constrs 1153 vars
c 5199000 confls 5018630 constrs 1153 vars
c 5200000 confls 5019630 constrs 1153 vars
c INPROCESSING 8.22115 proptime 518732 prop/sec 16.5283 prop/ca
c 5201000 confls 5010364 constrs 1153 vars
c 5202000 confls 5011364 constrs 1153 vars
c 5203000 confls 5012364 constrs 1153 vars
c 5204000 confls 5013364 constrs 1153 vars
c 5205000 confls 5014364 constrs 1153 vars
c 5206000 confls 5015364 constrs 1153 vars
c 5207000 confls 5016364 constrs 1153 vars
c 5208000 confls 5017364 constrs 1153 vars
c 5209000 confls 5018364 constrs 1153 vars
c 5210000 confls 5019364 constrs 1153 vars
c INPROCESSING 8.04659 proptime 547079 prop/sec 17.6204 prop/ca
c 5211000 confls 5009934 constrs 1153 vars
c 5212000 confls 5010934 constrs 1153 vars
c 5213000 confls 5011934 constrs 1153 vars
c 5214000 confls 5012934 constrs 1153 vars
c 5215000 confls 5013934 constrs 1153 vars
c 5216000 confls 5014934 constrs 1153 vars
c 5217000 confls 5015934 constrs 1153 vars
c 5218000 confls 5016934 constrs 1153 vars
c 5219000 confls 5017934 constrs 1153 vars
c 5220000 confls 5018934 constrs 1153 vars
c INPROCESSING 10.2213 proptime 434202 prop/sec 17.43 prop/ca
c 5221000 confls 5009740 constrs 1153 vars
c 5222000 confls 5010740 constrs 1153 vars
c 5223000 confls 5011740 constrs 1153 vars
c 5224000 confls 5012740 constrs 1153 vars
c 5225000 confls 5013740 constrs 1153 vars
c 5226000 confls 5014740 constrs 1153 vars
c 5227000 confls 5015740 constrs 1153 vars
c 5228000 confls 5016740 constrs 1153 vars
c 5229000 confls 5017740 constrs 1153 vars
c 5230000 confls 5018740 constrs 1153 vars
c INPROCESSING 10.8191 proptime 455988 prop/sec 16.8348 prop/ca
c 5231000 confls 5009157 constrs 1153 vars
c 5232000 confls 5010157 constrs 1153 vars
c 5233000 confls 5011157 constrs 1153 vars
c 5234000 confls 5012157 constrs 1153 vars
c 5235000 confls 5013157 constrs 1153 vars
c 5236000 confls 5014157 constrs 1153 vars
c 5237000 confls 5015157 constrs 1153 vars
c 5238000 confls 5016157 constrs 1153 vars
c 5239000 confls 5017157 constrs 1153 vars
c 5240000 confls 5018157 constrs 1153 vars
c INPROCESSING 7.82592 proptime 558954 prop/sec 15.277 prop/ca
c 5241000 confls 5009589 constrs 1153 vars
c 5242000 confls 5010589 constrs 1153 vars
c 5243000 confls 5011589 constrs 1153 vars
c 5244000 confls 5012589 constrs 1153 vars
c 5245000 confls 5013589 constrs 1153 vars
c 5246000 confls 5014589 constrs 1153 vars
c 5247000 confls 5015589 constrs 1153 vars
c 5248000 confls 5016589 constrs 1153 vars
c 5249000 confls 5017589 constrs 1153 vars
c 5250000 confls 5018589 constrs 1153 vars
c INPROCESSING 8.11703 proptime 501397 prop/sec 16.0825 prop/ca
c 5251000 confls 5009653 constrs 1153 vars
c 5252000 confls 5010653 constrs 1153 vars
c 5253000 confls 5011653 constrs 1153 vars
c 5254000 confls 5012653 constrs 1153 vars
c 5255000 confls 5013653 constrs 1153 vars
c 5256000 confls 5014653 constrs 1153 vars
c 5257000 confls 5015653 constrs 1153 vars
c 5258000 confls 5016653 constrs 1153 vars
c 5259000 confls 5017653 constrs 1153 vars
c 5260000 confls 5018653 constrs 1153 vars
c 5261000 confls 5019653 constrs 1153 vars
c INPROCESSING 9.03954 proptime 417131 prop/sec 17.153 prop/ca
c 5262000 confls 5010867 constrs 1153 vars
c 5263000 confls 5011867 constrs 1153 vars
c 5264000 confls 5012867 constrs 1153 vars
c 5265000 confls 5013867 constrs 1153 vars
c 5266000 confls 5014867 constrs 1153 vars
c 5267000 confls 5015867 constrs 1153 vars
c 5268000 confls 5016867 constrs 1153 vars
c 5269000 confls 5017867 constrs 1153 vars
c 5270000 confls 5018867 constrs 1153 vars
c 5271000 confls 5019867 constrs 1153 vars
c INPROCESSING 9.04837 proptime 488305 prop/sec 17.4636 prop/ca
c 5272000 confls 5010107 constrs 1153 vars
c 5273000 confls 5011107 constrs 1153 vars
c 5274000 confls 5012107 constrs 1153 vars
c 5275000 confls 5013107 constrs 1153 vars
c 5276000 confls 5014107 constrs 1153 vars
c 5277000 confls 5015107 constrs 1153 vars
c 5278000 confls 5016107 constrs 1153 vars
c 5279000 confls 5017107 constrs 1153 vars
c 5280000 confls 5018107 constrs 1153 vars
c 5281000 confls 5019107 constrs 1153 vars
c INPROCESSING 8.61162 proptime 523671 prop/sec 16.2695 prop/ca
c 5282000 confls 5009668 constrs 1153 vars
c 5283000 confls 5010668 constrs 1153 vars
c 5284000 confls 5011668 constrs 1153 vars
c 5285000 confls 5012668 constrs 1153 vars
c 5286000 confls 5013668 constrs 1153 vars
c 5287000 confls 5014668 constrs 1153 vars
c 5288000 confls 5015668 constrs 1153 vars
c 5289000 confls 5016668 constrs 1153 vars
c 5290000 confls 5017668 constrs 1153 vars
c 5291000 confls 5018668 constrs 1153 vars
c INPROCESSING 7.80976 proptime 528198 prop/sec 14.9169 prop/ca
c 5292000 confls 5009897 constrs 1153 vars
c 5293000 confls 5010897 constrs 1153 vars
c 5294000 confls 5011897 constrs 1153 vars
c 5295000 confls 5012897 constrs 1153 vars
c 5296000 confls 5013897 constrs 1153 vars
c 5297000 confls 5014897 constrs 1153 vars
c 5298000 confls 5015897 constrs 1153 vars
c 5299000 confls 5016897 constrs 1153 vars
c 5300000 confls 5017897 constrs 1153 vars
c 5301000 confls 5018897 constrs 1153 vars
c INPROCESSING 8.38554 proptime 492647 prop/sec 16.3644 prop/ca
c 5302000 confls 5009816 constrs 1153 vars
c 5303000 confls 5010816 constrs 1153 vars
c 5304000 confls 5011816 constrs 1153 vars
c 5305000 confls 5012816 constrs 1153 vars
c 5306000 confls 5013816 constrs 1153 vars
c 5307000 confls 5014816 constrs 1153 vars
c 5308000 confls 5015816 constrs 1153 vars
c 5309000 confls 5016816 constrs 1153 vars
c 5310000 confls 5017816 constrs 1153 vars
c 5311000 confls 5018816 constrs 1153 vars
c INPROCESSING 8.86673 proptime 483081 prop/sec 16.0461 prop/ca
c 5312000 confls 5009419 constrs 1153 vars
c 5313000 confls 5010419 constrs 1153 vars
c 5314000 confls 5011419 constrs 1153 vars
c 5315000 confls 5012419 constrs 1153 vars
c 5316000 confls 5013419 constrs 1153 vars
c 5317000 confls 5014419 constrs 1153 vars
c 5318000 confls 5015419 constrs 1153 vars
c 5319000 confls 5016419 constrs 1153 vars
c 5320000 confls 5017419 constrs 1153 vars
c 5321000 confls 5018419 constrs 1153 vars
c 5322000 confls 5019419 constrs 1153 vars
c INPROCESSING 8.35801 proptime 534367 prop/sec 16.5816 prop/ca
c 5323000 confls 5010095 constrs 1153 vars
c 5324000 confls 5011095 constrs 1153 vars
c 5325000 confls 5012095 constrs 1153 vars
c 5326000 confls 5013095 constrs 1153 vars
c 5327000 confls 5014095 constrs 1153 vars
c 5328000 confls 5015095 constrs 1153 vars
c 5329000 confls 5016095 constrs 1153 vars
c 5330000 confls 5017095 constrs 1153 vars
c 5331000 confls 5018095 constrs 1153 vars
c 5332000 confls 5019095 constrs 1153 vars
c INPROCESSING 8.18449 proptime 514098 prop/sec 15.7245 prop/ca
c 5333000 confls 5010449 constrs 1153 vars
c 5334000 confls 5011449 constrs 1153 vars
c 5335000 confls 5012449 constrs 1153 vars
c 5336000 confls 5013449 constrs 1153 vars
c 5337000 confls 5014449 constrs 1153 vars
c 5338000 confls 5015449 constrs 1153 vars
c 5339000 confls 5016449 constrs 1153 vars
c 5340000 confls 5017449 constrs 1153 vars
c 5341000 confls 5018449 constrs 1153 vars
c 5342000 confls 5019449 constrs 1153 vars
c INPROCESSING 9.57936 proptime 501023 prop/sec 15.9176 prop/ca
c 5343000 confls 5009638 constrs 1153 vars
c 5344000 confls 5010638 constrs 1153 vars
c 5345000 confls 5011638 constrs 1153 vars
c 5346000 confls 5012638 constrs 1153 vars
c 5347000 confls 5013638 constrs 1153 vars
c 5348000 confls 5014638 constrs 1153 vars
c 5349000 confls 5015638 constrs 1153 vars
c 5350000 confls 5016638 constrs 1153 vars
c 5351000 confls 5017638 constrs 1153 vars
c 5352000 confls 5018638 constrs 1153 vars
c INPROCESSING 7.77146 proptime 527210 prop/sec 15.7377 prop/ca
c 5353000 confls 5009758 constrs 1153 vars
c 5354000 confls 5010758 constrs 1153 vars
c 5355000 confls 5011758 constrs 1153 vars
c 5356000 confls 5012758 constrs 1153 vars
c 5357000 confls 5013758 constrs 1153 vars
c 5358000 confls 5014758 constrs 1153 vars
c 5359000 confls 5015758 constrs 1153 vars
c 5360000 confls 5016758 constrs 1153 vars
c 5361000 confls 5017758 constrs 1153 vars
c 5362000 confls 5018758 constrs 1153 vars
c INPROCESSING 9.24337 proptime 461263 prop/sec 17.0978 prop/ca
c 5363000 confls 5009445 constrs 1153 vars
c 5364000 confls 5010445 constrs 1153 vars
c 5365000 confls 5011445 constrs 1153 vars
c 5366000 confls 5012445 constrs 1153 vars
c 5367000 confls 5013445 constrs 1153 vars
c 5368000 confls 5014445 constrs 1153 vars
c 5369000 confls 5015445 constrs 1153 vars
c 5370000 confls 5016445 constrs 1153 vars
c 5371000 confls 5017445 constrs 1153 vars
c 5372000 confls 5018445 constrs 1153 vars
c 5373000 confls 5019445 constrs 1153 vars
c INPROCESSING 9.82445 proptime 497664 prop/sec 16.4083 prop/ca
c 5374000 confls 5009872 constrs 1153 vars
c 5375000 confls 5010872 constrs 1153 vars
c 5376000 confls 5011872 constrs 1153 vars
c 5377000 confls 5012872 constrs 1153 vars
c 5378000 confls 5013872 constrs 1153 vars
c 5379000 confls 5014872 constrs 1153 vars
c 5380000 confls 5015872 constrs 1153 vars
c 5381000 confls 5016872 constrs 1153 vars
c 5382000 confls 5017872 constrs 1153 vars
c 5383000 confls 5018872 constrs 1153 vars
c INPROCESSING 8.09581 proptime 504590 prop/sec 15.758 prop/ca
c 5384000 confls 5009922 constrs 1153 vars
c 5385000 confls 5010922 constrs 1153 vars
c 5386000 confls 5011922 constrs 1153 vars
c 5387000 confls 5012922 constrs 1153 vars
c 5388000 confls 5013922 constrs 1153 vars
c 5389000 confls 5014922 constrs 1153 vars
c 5390000 confls 5015922 constrs 1153 vars
c 5391000 confls 5016922 constrs 1153 vars
c 5392000 confls 5017922 constrs 1153 vars
c 5393000 confls 5018922 constrs 1153 vars
c INPROCESSING 8.36282 proptime 472582 prop/sec 17.7385 prop/ca
c 5394000 confls 5010459 constrs 1153 vars
c 5395000 confls 5011459 constrs 1153 vars
c 5396000 confls 5012459 constrs 1153 vars
c 5397000 confls 5013459 constrs 1153 vars
c 5398000 confls 5014459 constrs 1153 vars
c 5399000 confls 5015459 constrs 1153 vars
c 5400000 confls 5016459 constrs 1153 vars
c 5401000 confls 5017459 constrs 1153 vars
c 5402000 confls 5018459 constrs 1153 vars
c 5403000 confls 5019459 constrs 1153 vars
c INPROCESSING 8.39369 proptime 447214 prop/sec 18.807 prop/ca
c 5404000 confls 5010040 constrs 1153 vars
c 5405000 confls 5011040 constrs 1153 vars
c 5406000 confls 5012040 constrs 1153 vars
c 5407000 confls 5013040 constrs 1153 vars
c 5408000 confls 5014040 constrs 1153 vars
c 5409000 confls 5015040 constrs 1153 vars
c 5410000 confls 5016040 constrs 1153 vars
c 5411000 confls 5017040 constrs 1153 vars
c 5412000 confls 5018040 constrs 1153 vars
c 5413000 confls 5019040 constrs 1153 vars
c INPROCESSING 8.15738 proptime 457538 prop/sec 18.4499 prop/ca
c 5414000 confls 5010495 constrs 1153 vars
c 5415000 confls 5011495 constrs 1153 vars
c 5416000 confls 5012495 constrs 1153 vars
c 5417000 confls 5013495 constrs 1153 vars
c 5418000 confls 5014495 constrs 1153 vars
c 5419000 confls 5015495 constrs 1153 vars
c 5420000 confls 5016495 constrs 1153 vars
c 5421000 confls 5017495 constrs 1153 vars
c 5422000 confls 5018495 constrs 1153 vars
c 5423000 confls 5019495 constrs 1153 vars
c 5424000 confls 5020495 constrs 1153 vars
c INPROCESSING 8.25519 proptime 486951 prop/sec 19.2468 prop/ca
c 5425000 confls 5010902 constrs 1153 vars
c 5426000 confls 5011902 constrs 1153 vars
c 5427000 confls 5012902 constrs 1153 vars
c 5428000 confls 5013902 constrs 1153 vars
c 5429000 confls 5014902 constrs 1153 vars
c 5430000 confls 5015902 constrs 1153 vars
c 5431000 confls 5016902 constrs 1153 vars
c 5432000 confls 5017902 constrs 1153 vars
c 5433000 confls 5018902 constrs 1153 vars
c 5434000 confls 5019902 constrs 1153 vars
c INPROCESSING 9.34052 proptime 417834 prop/sec 18.5314 prop/ca
c 5435000 confls 5010788 constrs 1153 vars
c 5436000 confls 5011788 constrs 1153 vars
c 5437000 confls 5012788 constrs 1153 vars
c 5438000 confls 5013788 constrs 1153 vars
c 5439000 confls 5014788 constrs 1153 vars
c 5440000 confls 5015788 constrs 1153 vars
c 5441000 confls 5016788 constrs 1153 vars
c 5442000 confls 5017788 constrs 1153 vars
c 5443000 confls 5018788 constrs 1153 vars
c 5444000 confls 5019788 constrs 1153 vars
c INPROCESSING 8.3196 proptime 447949 prop/sec 18.0683 prop/ca
c 5445000 confls 5010628 constrs 1153 vars
c 5446000 confls 5011628 constrs 1153 vars
c 5447000 confls 5012628 constrs 1153 vars
c 5448000 confls 5013628 constrs 1153 vars
c 5449000 confls 5014628 constrs 1153 vars
c 5450000 confls 5015628 constrs 1153 vars
c 5451000 confls 5016628 constrs 1153 vars
c 5452000 confls 5017628 constrs 1153 vars
c 5453000 confls 5018628 constrs 1153 vars
c 5454000 confls 5019628 constrs 1153 vars
c INPROCESSING 8.56615 proptime 457142 prop/sec 17.4297 prop/ca
c 5455000 confls 5010350 constrs 1153 vars
c 5456000 confls 5011350 constrs 1153 vars
c 5457000 confls 5012350 constrs 1153 vars
c 5458000 confls 5013350 constrs 1153 vars
c 5459000 confls 5014350 constrs 1153 vars
c 5460000 confls 5015350 constrs 1153 vars
c 5461000 confls 5016350 constrs 1153 vars
c 5462000 confls 5017350 constrs 1153 vars
c 5463000 confls 5018350 constrs 1153 vars
c 5464000 confls 5019350 constrs 1153 vars
c INPROCESSING 9.00872 proptime 440182 prop/sec 17.6377 prop/ca
c 5465000 confls 5009859 constrs 1153 vars
c 5466000 confls 5010859 constrs 1153 vars
c 5467000 confls 5011859 constrs 1153 vars
c 5468000 confls 5012859 constrs 1153 vars
c 5469000 confls 5013859 constrs 1153 vars
c 5470000 confls 5014859 constrs 1153 vars
c 5471000 confls 5015859 constrs 1153 vars
c 5472000 confls 5016859 constrs 1153 vars
c 5473000 confls 5017859 constrs 1153 vars
c 5474000 confls 5018859 constrs 1153 vars
c 5475000 confls 5019859 constrs 1153 vars
c INPROCESSING 8.69168 proptime 423809 prop/sec 18.7001 prop/ca
c 5476000 confls 5011140 constrs 1153 vars
c 5477000 confls 5012140 constrs 1153 vars
c 5478000 confls 5013140 constrs 1153 vars
c 5479000 confls 5014140 constrs 1153 vars
c 5480000 confls 5015140 constrs 1153 vars
c 5481000 confls 5016140 constrs 1153 vars
c 5482000 confls 5017140 constrs 1153 vars
c 5483000 confls 5018140 constrs 1153 vars
c 5484000 confls 5019140 constrs 1153 vars
c 5485000 confls 5020140 constrs 1153 vars
c INPROCESSING 8.77159 proptime 436761 prop/sec 19.047 prop/ca
c 5486000 confls 5011021 constrs 1153 vars
c 5487000 confls 5012021 constrs 1153 vars
c 5488000 confls 5013021 constrs 1153 vars
c 5489000 confls 5014021 constrs 1153 vars
c 5490000 confls 5015021 constrs 1153 vars
c 5491000 confls 5016021 constrs 1153 vars
c 5492000 confls 5017021 constrs 1153 vars
c 5493000 confls 5018021 constrs 1153 vars
c 5494000 confls 5019021 constrs 1153 vars
c 5495000 confls 5020021 constrs 1153 vars
c INPROCESSING 9.06278 proptime 470240 prop/sec 18.9379 prop/ca
c 5496000 confls 5010355 constrs 1153 vars
c 5497000 confls 5011355 constrs 1153 vars
c 5498000 confls 5012355 constrs 1153 vars
c 5499000 confls 5013355 constrs 1153 vars
c 5500000 confls 5014355 constrs 1153 vars
c 5501000 confls 5015355 constrs 1153 vars
c 5502000 confls 5016355 constrs 1153 vars
c 5503000 confls 5017355 constrs 1153 vars
c 5504000 confls 5018355 constrs 1153 vars
c 5505000 confls 5019355 constrs 1153 vars
c INPROCESSING 8.93939 proptime 491068 prop/sec 17.19 prop/ca
c 5506000 confls 5009604 constrs 1153 vars
c 5507000 confls 5010604 constrs 1153 vars
c 5508000 confls 5011604 constrs 1153 vars
c 5509000 confls 5012604 constrs 1153 vars
c 5510000 confls 5013604 constrs 1153 vars
c 5511000 confls 5014604 constrs 1153 vars
c 5512000 confls 5015604 constrs 1153 vars
c 5513000 confls 5016604 constrs 1153 vars
c 5514000 confls 5017604 constrs 1153 vars
c 5515000 confls 5018604 constrs 1153 vars
c INPROCESSING 8.14484 proptime 459490 prop/sec 17.0356 prop/ca
c 5516000 confls 5009969 constrs 1153 vars
c 5517000 confls 5010969 constrs 1153 vars
c 5518000 confls 5011969 constrs 1153 vars
c 5519000 confls 5012969 constrs 1153 vars
c 5520000 confls 5013969 constrs 1153 vars
c 5521000 confls 5014969 constrs 1153 vars
c 5522000 confls 5015969 constrs 1153 vars
c 5523000 confls 5016969 constrs 1153 vars
c 5524000 confls 5017969 constrs 1153 vars
c 5525000 confls 5018969 constrs 1153 vars
c 5526000 confls 5019969 constrs 1153 vars
c INPROCESSING 8.72518 proptime 459401 prop/sec 18.2165 prop/ca
c 5527000 confls 5010720 constrs 1153 vars
c 5528000 confls 5011720 constrs 1153 vars
c 5529000 confls 5012720 constrs 1153 vars
c 5530000 confls 5013720 constrs 1153 vars
c 5531000 confls 5014720 constrs 1153 vars
c 5532000 confls 5015720 constrs 1153 vars
c 5533000 confls 5016720 constrs 1153 vars
c 5534000 confls 5017720 constrs 1153 vars
c 5535000 confls 5018720 constrs 1153 vars
c 5536000 confls 5019720 constrs 1153 vars
c INPROCESSING 8.54794 proptime 449326 prop/sec 18.266 prop/ca
c 5537000 confls 5010559 constrs 1153 vars
c 5538000 confls 5011559 constrs 1153 vars
c 5539000 confls 5012559 constrs 1153 vars
c 5540000 confls 5013559 constrs 1153 vars
c 5541000 confls 5014559 constrs 1153 vars
c 5542000 confls 5015559 constrs 1153 vars
c 5543000 confls 5016559 constrs 1153 vars
c 5544000 confls 5017559 constrs 1153 vars
c 5545000 confls 5018559 constrs 1153 vars
c 5546000 confls 5019559 constrs 1153 vars
c INPROCESSING 8.6821 proptime 445836 prop/sec 17.6918 prop/ca
c 5547000 confls 5010487 constrs 1153 vars
c 5548000 confls 5011487 constrs 1153 vars
c 5549000 confls 5012487 constrs 1153 vars
c 5550000 confls 5013487 constrs 1153 vars
c 5551000 confls 5014487 constrs 1153 vars
c 5552000 confls 5015487 constrs 1153 vars
c 5553000 confls 5016487 constrs 1153 vars
c 5554000 confls 5017487 constrs 1153 vars
c 5555000 confls 5018487 constrs 1153 vars
c 5556000 confls 5019487 constrs 1153 vars
c INPROCESSING 8.99092 proptime 429870 prop/sec 19.3488 prop/ca
c 5557000 confls 5010492 constrs 1153 vars
c 5558000 confls 5011492 constrs 1153 vars
c 5559000 confls 5012492 constrs 1153 vars
c 5560000 confls 5013492 constrs 1153 vars
c 5561000 confls 5014492 constrs 1153 vars
c 5562000 confls 5015492 constrs 1153 vars
c 5563000 confls 5016492 constrs 1153 vars
c 5564000 confls 5017492 constrs 1153 vars
c 5565000 confls 5018492 constrs 1153 vars
c 5566000 confls 5019492 constrs 1153 vars
c INPROCESSING 7.67608 proptime 464487 prop/sec 18.5221 prop/ca
c 5567000 confls 5010199 constrs 1153 vars
c 5568000 confls 5011199 constrs 1153 vars
c 5569000 confls 5012199 constrs 1153 vars
c 5570000 confls 5013199 constrs 1153 vars
c 5571000 confls 5014199 constrs 1153 vars
c 5572000 confls 5015199 constrs 1153 vars
c 5573000 confls 5016199 constrs 1153 vars
c 5574000 confls 5017199 constrs 1153 vars
c 5575000 confls 5018199 constrs 1153 vars
c 5576000 confls 5019199 constrs 1153 vars
c 5577000 confls 5020199 constrs 1153 vars
c INPROCESSING 8.78304 proptime 433078 prop/sec 19.6112 prop/ca
c 5578000 confls 5011346 constrs 1153 vars
c 5579000 confls 5012346 constrs 1153 vars
c 5580000 confls 5013346 constrs 1153 vars
c 5581000 confls 5014346 constrs 1153 vars
c 5582000 confls 5015346 constrs 1153 vars
c 5583000 confls 5016346 constrs 1153 vars
c 5584000 confls 5017346 constrs 1153 vars
c 5585000 confls 5018346 constrs 1153 vars
c 5586000 confls 5019346 constrs 1153 vars
c 5587000 confls 5020346 constrs 1153 vars
c INPROCESSING 8.47598 proptime 474060 prop/sec 18.5809 prop/ca
c 5588000 confls 5010891 constrs 1153 vars
c 5589000 confls 5011891 constrs 1153 vars
c 5590000 confls 5012891 constrs 1153 vars
c 5591000 confls 5013891 constrs 1153 vars
c 5592000 confls 5014891 constrs 1153 vars
c 5593000 confls 5015891 constrs 1153 vars
c 5594000 confls 5016891 constrs 1153 vars
c 5595000 confls 5017891 constrs 1153 vars
c 5596000 confls 5018891 constrs 1153 vars
c 5597000 confls 5019891 constrs 1153 vars
c INPROCESSING 8.04707 proptime 492893 prop/sec 18.0745 prop/ca
c 5598000 confls 5010510 constrs 1153 vars
c 5599000 confls 5011510 constrs 1153 vars
c 5600000 confls 5012510 constrs 1153 vars
c 5601000 confls 5013510 constrs 1153 vars
c 5602000 confls 5014510 constrs 1153 vars
c 5603000 confls 5015510 constrs 1153 vars
c 5604000 confls 5016510 constrs 1153 vars
c 5605000 confls 5017510 constrs 1153 vars
c 5606000 confls 5018510 constrs 1153 vars
c 5607000 confls 5019510 constrs 1153 vars
c INPROCESSING 9.14484 proptime 415501 prop/sec 18.6124 prop/ca
c 5608000 confls 5010744 constrs 1153 vars
c 5609000 confls 5011744 constrs 1153 vars
c 5610000 confls 5012744 constrs 1153 vars
c 5611000 confls 5013744 constrs 1153 vars
c 5612000 confls 5014744 constrs 1153 vars
c 5613000 confls 5015744 constrs 1153 vars
c 5614000 confls 5016744 constrs 1153 vars
c 5615000 confls 5017744 constrs 1153 vars
c 5616000 confls 5018744 constrs 1153 vars
c 5617000 confls 5019744 constrs 1153 vars
c 5618000 confls 5020744 constrs 1153 vars
c INPROCESSING 11.1676 proptime 424816 prop/sec 17.9131 prop/ca
c 5619000 confls 5010307 constrs 1153 vars
c 5620000 confls 5011307 constrs 1153 vars
c 5621000 confls 5012307 constrs 1153 vars
c 5622000 confls 5013307 constrs 1153 vars
c 5623000 confls 5014307 constrs 1153 vars
c 5624000 confls 5015307 constrs 1153 vars
c 5625000 confls 5016307 constrs 1153 vars
c 5626000 confls 5017307 constrs 1153 vars
c 5627000 confls 5018307 constrs 1153 vars
c 5628000 confls 5019307 constrs 1153 vars
c INPROCESSING 10.7248 proptime 421634 prop/sec 18.3281 prop/ca
c 5629000 confls 5009742 constrs 1153 vars
c 5630000 confls 5010742 constrs 1153 vars
c 5631000 confls 5011742 constrs 1153 vars
c 5632000 confls 5012742 constrs 1153 vars
c 5633000 confls 5013742 constrs 1153 vars
c 5634000 confls 5014742 constrs 1153 vars
c 5635000 confls 5015742 constrs 1153 vars
c 5636000 confls 5016742 constrs 1153 vars
c 5637000 confls 5017742 constrs 1153 vars
c 5638000 confls 5018742 constrs 1153 vars
c INPROCESSING 9.16167 proptime 479097 prop/sec 18.0235 prop/ca
c 5639000 confls 5009612 constrs 1153 vars
c 5640000 confls 5010612 constrs 1153 vars
c 5641000 confls 5011612 constrs 1153 vars
c 5642000 confls 5012612 constrs 1153 vars
c 5643000 confls 5013612 constrs 1153 vars
c 5644000 confls 5014612 constrs 1153 vars
c 5645000 confls 5015612 constrs 1153 vars
c 5646000 confls 5016612 constrs 1153 vars
c 5647000 confls 5017612 constrs 1153 vars
c 5648000 confls 5018612 constrs 1153 vars
c INPROCESSING 8.78581 proptime 447579 prop/sec 19.0771 prop/ca
c 5649000 confls 5010163 constrs 1153 vars
c 5650000 confls 5011163 constrs 1153 vars
c 5651000 confls 5012163 constrs 1153 vars
c 5652000 confls 5013163 constrs 1153 vars
c 5653000 confls 5014163 constrs 1153 vars
c 5654000 confls 5015163 constrs 1153 vars
c 5655000 confls 5016163 constrs 1153 vars
c 5656000 confls 5017163 constrs 1153 vars
c 5657000 confls 5018163 constrs 1153 vars
c 5658000 confls 5019163 constrs 1153 vars
c INPROCESSING 9.29776 proptime 407925 prop/sec 19.0693 prop/ca
c 5659000 confls 5010044 constrs 1153 vars
c 5660000 confls 5011044 constrs 1153 vars
c 5661000 confls 5012044 constrs 1153 vars
c 5662000 confls 5013044 constrs 1153 vars
c 5663000 confls 5014044 constrs 1153 vars
c 5664000 confls 5015044 constrs 1153 vars
c 5665000 confls 5016044 constrs 1153 vars
c 5666000 confls 5017044 constrs 1153 vars
c 5667000 confls 5018044 constrs 1153 vars
c 5668000 confls 5019044 constrs 1153 vars
c 5669000 confls 5020044 constrs 1153 vars
c INPROCESSING 8.73993 proptime 460381 prop/sec 18.6241 prop/ca
c 5670000 confls 5011112 constrs 1153 vars
c 5671000 confls 5012112 constrs 1153 vars
c 5672000 confls 5013112 constrs 1153 vars
c 5673000 confls 5014112 constrs 1153 vars
c 5674000 confls 5015112 constrs 1153 vars
c 5675000 confls 5016112 constrs 1153 vars
c 5676000 confls 5017112 constrs 1153 vars
c 5677000 confls 5018112 constrs 1153 vars
c 5678000 confls 5019112 constrs 1153 vars
c 5679000 confls 5020112 constrs 1153 vars
c INPROCESSING 8.51683 proptime 512100 prop/sec 16.6933 prop/ca
c 5680000 confls 5010588 constrs 1153 vars
c 5681000 confls 5011588 constrs 1153 vars
c 5682000 confls 5012588 constrs 1153 vars
c 5683000 confls 5013588 constrs 1153 vars
c 5684000 confls 5014588 constrs 1153 vars
c 5685000 confls 5015588 constrs 1153 vars
c 5686000 confls 5016588 constrs 1153 vars
c 5687000 confls 5017588 constrs 1153 vars
c 5688000 confls 5018588 constrs 1153 vars
c 5689000 confls 5019588 constrs 1153 vars
c INPROCESSING 9.433 proptime 421653 prop/sec 17.6451 prop/ca
c 5690000 confls 5010108 constrs 1153 vars
c 5691000 confls 5011108 constrs 1153 vars
c 5692000 confls 5012108 constrs 1153 vars
c 5693000 confls 5013108 constrs 1153 vars
c 5694000 confls 5014108 constrs 1153 vars
c 5695000 confls 5015108 constrs 1153 vars
c 5696000 confls 5016108 constrs 1153 vars
c 5697000 confls 5017108 constrs 1153 vars
c 5698000 confls 5018108 constrs 1153 vars
c 5699000 confls 5019108 constrs 1153 vars
c INPROCESSING 8.32834 proptime 452641 prop/sec 17.7832 prop/ca
c 5700000 confls 5009998 constrs 1153 vars
c 5701000 confls 5010998 constrs 1153 vars
c 5702000 confls 5011998 constrs 1153 vars
c 5703000 confls 5012998 constrs 1153 vars
c 5704000 confls 5013998 constrs 1153 vars
c 5705000 confls 5014998 constrs 1153 vars
c 5706000 confls 5015998 constrs 1153 vars
c 5707000 confls 5016998 constrs 1153 vars
c 5708000 confls 5017998 constrs 1153 vars
c 5709000 confls 5018998 constrs 1153 vars
c 5710000 confls 5019998 constrs 1153 vars
c INPROCESSING 8.89158 proptime 389179 prop/sec 18.7393 prop/ca
c 5711000 confls 5011292 constrs 1153 vars
c 5712000 confls 5012292 constrs 1153 vars
c 5713000 confls 5013292 constrs 1153 vars
c 5714000 confls 5014292 constrs 1153 vars
c 5715000 confls 5015292 constrs 1153 vars
c 5716000 confls 5016292 constrs 1153 vars
c 5717000 confls 5017292 constrs 1153 vars
c 5718000 confls 5018292 constrs 1153 vars
c 5719000 confls 5019292 constrs 1153 vars
c 5720000 confls 5020292 constrs 1153 vars
c INPROCESSING 8.50102 proptime 437321 prop/sec 19.921 prop/ca
c 5721000 confls 5011365 constrs 1153 vars
c 5722000 confls 5012365 constrs 1153 vars
c 5723000 confls 5013365 constrs 1153 vars
c 5724000 confls 5014365 constrs 1153 vars
c 5725000 confls 5015365 constrs 1153 vars
c 5726000 confls 5016365 constrs 1153 vars
c 5727000 confls 5017365 constrs 1153 vars
c 5728000 confls 5018365 constrs 1153 vars
c 5729000 confls 5019365 constrs 1153 vars
c 5730000 confls 5020365 constrs 1153 vars
c INPROCESSING 8.6671 proptime 490765 prop/sec 17.0286 prop/ca
c 5731000 confls 5010253 constrs 1153 vars
c 5732000 confls 5011253 constrs 1153 vars
c 5733000 confls 5012253 constrs 1153 vars
c 5734000 confls 5013253 constrs 1153 vars
c 5735000 confls 5014253 constrs 1153 vars
c 5736000 confls 5015253 constrs 1153 vars
c 5737000 confls 5016253 constrs 1153 vars
c 5738000 confls 5017253 constrs 1153 vars
c 5739000 confls 5018253 constrs 1153 vars
c 5740000 confls 5019253 constrs 1153 vars
c INPROCESSING 9.09577 proptime 446793 prop/sec 17.4539 prop/ca
c 5741000 confls 5010092 constrs 1153 vars
c 5742000 confls 5011092 constrs 1153 vars
c 5743000 confls 5012092 constrs 1153 vars
c 5744000 confls 5013092 constrs 1153 vars
c 5745000 confls 5014092 constrs 1153 vars
c 5746000 confls 5015092 constrs 1153 vars
c 5747000 confls 5016092 constrs 1153 vars
c 5748000 confls 5017092 constrs 1153 vars
c 5749000 confls 5018092 constrs 1153 vars
c 5750000 confls 5019092 constrs 1153 vars
c 5751000 confls 5020092 constrs 1153 vars
c INPROCESSING 8.87823 proptime 425539 prop/sec 19.3123 prop/ca
c 5752000 confls 5011382 constrs 1153 vars
c 5753000 confls 5012382 constrs 1153 vars
c 5754000 confls 5013382 constrs 1153 vars
c 5755000 confls 5014382 constrs 1153 vars
c 5756000 confls 5015382 constrs 1153 vars
c 5757000 confls 5016382 constrs 1153 vars
c 5758000 confls 5017382 constrs 1153 vars
c 5759000 confls 5018382 constrs 1153 vars
c 5760000 confls 5019382 constrs 1153 vars
c 5761000 confls 5020382 constrs 1153 vars
c INPROCESSING 8.2144 proptime 474134 prop/sec 17.6865 prop/ca
c 5762000 confls 5010584 constrs 1153 vars
c 5763000 confls 5011584 constrs 1153 vars
c 5764000 confls 5012584 constrs 1153 vars
c 5765000 confls 5013584 constrs 1153 vars
c 5766000 confls 5014584 constrs 1153 vars
c 5767000 confls 5015584 constrs 1153 vars
c 5768000 confls 5016584 constrs 1153 vars
c 5769000 confls 5017584 constrs 1153 vars
c 5770000 confls 5018584 constrs 1153 vars
c 5771000 confls 5019584 constrs 1153 vars
c INPROCESSING 8.5688 proptime 445534 prop/sec 17.7408 prop/ca
c 5772000 confls 5010961 constrs 1153 vars
c 5773000 confls 5011961 constrs 1153 vars
c 5774000 confls 5012961 constrs 1153 vars
c 5775000 confls 5013961 constrs 1153 vars
c 5776000 confls 5014961 constrs 1153 vars
c 5777000 confls 5015961 constrs 1153 vars
c 5778000 confls 5016961 constrs 1153 vars
c 5779000 confls 5017961 constrs 1153 vars
c 5780000 confls 5018961 constrs 1153 vars
c 5781000 confls 5019961 constrs 1153 vars
c INPROCESSING 8.91503 proptime 424677 prop/sec 18.8701 prop/ca
c 5782000 confls 5010723 constrs 1153 vars
c 5783000 confls 5011723 constrs 1153 vars
c 5784000 confls 5012723 constrs 1153 vars
c 5785000 confls 5013723 constrs 1153 vars
c 5786000 confls 5014723 constrs 1153 vars
c 5787000 confls 5015723 constrs 1153 vars
c 5788000 confls 5016723 constrs 1153 vars
c 5789000 confls 5017723 constrs 1153 vars
c 5790000 confls 5018723 constrs 1153 vars
c 5791000 confls 5019723 constrs 1153 vars
c 5792000 confls 5020723 constrs 1153 vars
c INPROCESSING 8.88597 proptime 451184 prop/sec 19.4469 prop/ca
c 5793000 confls 5011355 constrs 1153 vars
c 5794000 confls 5012355 constrs 1153 vars
c 5795000 confls 5013355 constrs 1153 vars
c 5796000 confls 5014355 constrs 1153 vars
c 5797000 confls 5015355 constrs 1153 vars
c 5798000 confls 5016355 constrs 1153 vars
c 5799000 confls 5017355 constrs 1153 vars
c 5800000 confls 5018355 constrs 1153 vars
c 5801000 confls 5019355 constrs 1153 vars
c 5802000 confls 5020355 constrs 1153 vars
c INPROCESSING 9.14458 proptime 462292 prop/sec 19.0807 prop/ca
c 5803000 confls 5010940 constrs 1153 vars
c 5804000 confls 5011940 constrs 1153 vars
c 5805000 confls 5012940 constrs 1153 vars
c 5806000 confls 5013940 constrs 1153 vars
c 5807000 confls 5014940 constrs 1153 vars
c 5808000 confls 5015940 constrs 1153 vars
c 5809000 confls 5016940 constrs 1153 vars
c 5810000 confls 5017940 constrs 1153 vars
c 5811000 confls 5018940 constrs 1153 vars
c 5812000 confls 5019940 constrs 1153 vars
c INPROCESSING 7.8844 proptime 498957 prop/sec 18.8459 prop/ca
c 5813000 confls 5010130 constrs 1153 vars
c 5814000 confls 5011130 constrs 1153 vars
c 5815000 confls 5012130 constrs 1153 vars
c 5816000 confls 5013130 constrs 1153 vars
c 5817000 confls 5014130 constrs 1153 vars
c 5818000 confls 5015130 constrs 1153 vars
c 5819000 confls 5016130 constrs 1153 vars
c 5820000 confls 5017130 constrs 1153 vars
c 5821000 confls 5018130 constrs 1153 vars
c 5822000 confls 5019130 constrs 1153 vars
c INPROCESSING 9.63247 proptime 424221 prop/sec 19.7682 prop/ca
c 5823000 confls 5010398 constrs 1153 vars
c 5824000 confls 5011398 constrs 1153 vars
c 5825000 confls 5012398 constrs 1153 vars
c 5826000 confls 5013398 constrs 1153 vars
c 5827000 confls 5014398 constrs 1153 vars
c 5828000 confls 5015398 constrs 1153 vars
c 5829000 confls 5016398 constrs 1153 vars
c 5830000 confls 5017398 constrs 1153 vars
c 5831000 confls 5018398 constrs 1153 vars
c 5832000 confls 5019398 constrs 1153 vars
c 5833000 confls 5020398 constrs 1153 vars
c INPROCESSING 8.34288 proptime 503354 prop/sec 16.5636 prop/ca
c 5834000 confls 5010350 constrs 1153 vars
c 5835000 confls 5011350 constrs 1153 vars
c 5836000 confls 5012350 constrs 1153 vars
c 5837000 confls 5013350 constrs 1153 vars
c 5838000 confls 5014350 constrs 1153 vars
c 5839000 confls 5015350 constrs 1153 vars
c 5840000 confls 5016350 constrs 1153 vars
c 5841000 confls 5017350 constrs 1153 vars
c 5842000 confls 5018350 constrs 1153 vars
c 5843000 confls 5019350 constrs 1153 vars
c INPROCESSING 9.09207 proptime 454771 prop/sec 18.345 prop/ca
c 5844000 confls 5010886 constrs 1153 vars
c 5845000 confls 5011886 constrs 1153 vars
c 5846000 confls 5012886 constrs 1153 vars
c 5847000 confls 5013886 constrs 1153 vars
c 5848000 confls 5014886 constrs 1153 vars
c 5849000 confls 5015886 constrs 1153 vars
c 5850000 confls 5016886 constrs 1153 vars
c 5851000 confls 5017886 constrs 1153 vars
c 5852000 confls 5018886 constrs 1153 vars
c 5853000 confls 5019886 constrs 1153 vars
c INPROCESSING 8.51285 proptime 506798 prop/sec 15.9221 prop/ca
c 5854000 confls 5009878 constrs 1153 vars
c 5855000 confls 5010878 constrs 1153 vars
c 5856000 confls 5011878 constrs 1153 vars
c 5857000 confls 5012878 constrs 1153 vars
c 5858000 confls 5013878 constrs 1153 vars
c 5859000 confls 5014878 constrs 1153 vars
c 5860000 confls 5015878 constrs 1153 vars
c 5861000 confls 5016878 constrs 1153 vars
c 5862000 confls 5017878 constrs 1153 vars
c 5863000 confls 5018878 constrs 1153 vars
c INPROCESSING 9.65458 proptime 449316 prop/sec 17.0225 prop/ca
c 5864000 confls 5009516 constrs 1153 vars
c 5865000 confls 5010516 constrs 1153 vars
c 5866000 confls 5011516 constrs 1153 vars
c 5867000 confls 5012516 constrs 1153 vars
c 5868000 confls 5013516 constrs 1153 vars
c 5869000 confls 5014516 constrs 1153 vars
c 5870000 confls 5015516 constrs 1153 vars
c 5871000 confls 5016516 constrs 1153 vars
c 5872000 confls 5017516 constrs 1153 vars
c 5873000 confls 5018516 constrs 1153 vars
c 5874000 confls 5019516 constrs 1153 vars
c INPROCESSING 9.6159 proptime 435888 prop/sec 17.2893 prop/ca
c 5875000 confls 5010432 constrs 1153 vars
c 5876000 confls 5011432 constrs 1153 vars
c 5877000 confls 5012432 constrs 1153 vars
c 5878000 confls 5013432 constrs 1153 vars
c 5879000 confls 5014432 constrs 1153 vars
c 5880000 confls 5015432 constrs 1153 vars
c 5881000 confls 5016432 constrs 1153 vars
c 5882000 confls 5017432 constrs 1153 vars
c 5883000 confls 5018432 constrs 1153 vars
c 5884000 confls 5019432 constrs 1153 vars
c INPROCESSING 8.68806 proptime 488977 prop/sec 15.2212 prop/ca
c 5885000 confls 5010767 constrs 1153 vars
c 5886000 confls 5011767 constrs 1153 vars
c 5887000 confls 5012767 constrs 1153 vars
c 5888000 confls 5013767 constrs 1153 vars
c 5889000 confls 5014767 constrs 1153 vars
c 5890000 confls 5015767 constrs 1153 vars
c 5891000 confls 5016767 constrs 1153 vars
c 5892000 confls 5017767 constrs 1153 vars
c 5893000 confls 5018767 constrs 1153 vars
c 5894000 confls 5019767 constrs 1153 vars
c INPROCESSING 9.49553 proptime 378654 prop/sec 19.9197 prop/ca
c 5895000 confls 5010907 constrs 1153 vars
c 5896000 confls 5011907 constrs 1153 vars
c 5897000 confls 5012907 constrs 1153 vars
c 5898000 confls 5013907 constrs 1153 vars
c 5899000 confls 5014907 constrs 1153 vars
c 5900000 confls 5015907 constrs 1153 vars
c 5901000 confls 5016907 constrs 1153 vars
c 5902000 confls 5017907 constrs 1153 vars
c 5903000 confls 5018907 constrs 1153 vars
c 5904000 confls 5019907 constrs 1153 vars
c INPROCESSING 10.3221 proptime 422800 prop/sec 17.9876 prop/ca
c 5905000 confls 5010240 constrs 1153 vars
c 5906000 confls 5011240 constrs 1153 vars
c 5907000 confls 5012240 constrs 1153 vars
c 5908000 confls 5013240 constrs 1153 vars
c 5909000 confls 5014240 constrs 1153 vars
c 5910000 confls 5015240 constrs 1153 vars
c 5911000 confls 5016240 constrs 1153 vars
c 5912000 confls 5017240 constrs 1153 vars
c 5913000 confls 5018240 constrs 1153 vars
c 5914000 confls 5019240 constrs 1153 vars
c 5915000 confls 5020240 constrs 1153 vars
c INPROCESSING 10.1132 proptime 424090 prop/sec 18.1916 prop/ca
c 5916000 confls 5010566 constrs 1153 vars
c 5917000 confls 5011566 constrs 1153 vars
c 5918000 confls 5012566 constrs 1153 vars
c 5919000 confls 5013566 constrs 1153 vars
c 5920000 confls 5014566 constrs 1153 vars
c 5921000 confls 5015566 constrs 1153 vars
c 5922000 confls 5016566 constrs 1153 vars
c 5923000 confls 5017566 constrs 1153 vars
c 5924000 confls 5018566 constrs 1153 vars
c 5925000 confls 5019566 constrs 1153 vars
c INPROCESSING 8.57296 proptime 470796 prop/sec 18.0225 prop/ca
c 5926000 confls 5010660 constrs 1153 vars
c 5927000 confls 5011660 constrs 1153 vars
c 5928000 confls 5012660 constrs 1153 vars
c 5929000 confls 5013660 constrs 1153 vars
c 5930000 confls 5014660 constrs 1153 vars
c 5931000 confls 5015660 constrs 1153 vars
c 5932000 confls 5016660 constrs 1153 vars
c 5933000 confls 5017660 constrs 1153 vars
c 5934000 confls 5018660 constrs 1153 vars
c 5935000 confls 5019660 constrs 1153 vars
c INPROCESSING 10.3856 proptime 375189 prop/sec 18.7607 prop/ca
c 5936000 confls 5010946 constrs 1153 vars
c 5937000 confls 5011946 constrs 1153 vars
c 5938000 confls 5012946 constrs 1153 vars
c 5939000 confls 5013946 constrs 1153 vars
c 5940000 confls 5014946 constrs 1153 vars
c 5941000 confls 5015946 constrs 1153 vars
c 5942000 confls 5016946 constrs 1153 vars
c 5943000 confls 5017946 constrs 1153 vars
c 5944000 confls 5018946 constrs 1153 vars
c 5945000 confls 5019946 constrs 1153 vars
c INPROCESSING 9.2007 proptime 432972 prop/sec 18.6213 prop/ca
c 5946000 confls 5010047 constrs 1153 vars
c 5947000 confls 5011047 constrs 1153 vars
c 5948000 confls 5012047 constrs 1153 vars
c 5949000 confls 5013047 constrs 1153 vars
c 5950000 confls 5014047 constrs 1153 vars
c 5951000 confls 5015047 constrs 1153 vars
c 5952000 confls 5016047 constrs 1153 vars
c 5953000 confls 5017047 constrs 1153 vars
c 5954000 confls 5018047 constrs 1153 vars
c 5955000 confls 5019047 constrs 1153 vars
c 5956000 confls 5020047 constrs 1153 vars
c INPROCESSING 10.2691 proptime 361479 prop/sec 20.1085 prop/ca
c 5957000 confls 5010970 constrs 1153 vars
c 5958000 confls 5011970 constrs 1153 vars
c 5959000 confls 5012970 constrs 1153 vars
c 5960000 confls 5013970 constrs 1153 vars
c 5961000 confls 5014970 constrs 1153 vars
c 5962000 confls 5015970 constrs 1153 vars
c 5963000 confls 5016970 constrs 1153 vars
c 5964000 confls 5017970 constrs 1153 vars
c 5965000 confls 5018970 constrs 1153 vars
c 5966000 confls 5019970 constrs 1153 vars
c INPROCESSING 10.2709 proptime 395579 prop/sec 18.7089 prop/ca
c 5967000 confls 5011461 constrs 1153 vars
c 5968000 confls 5012461 constrs 1153 vars
c 5969000 confls 5013461 constrs 1153 vars
c 5970000 confls 5014461 constrs 1153 vars
c 5971000 confls 5015461 constrs 1153 vars
c 5972000 confls 5016461 constrs 1153 vars
c 5973000 confls 5017461 constrs 1153 vars
c 5974000 confls 5018461 constrs 1153 vars
c 5975000 confls 5019461 constrs 1153 vars
c 5976000 confls 5020461 constrs 1153 vars
c INPROCESSING 10.5741 proptime 391233 prop/sec 19.0896 prop/ca
c 5977000 confls 5010327 constrs 1153 vars
c 5978000 confls 5011327 constrs 1153 vars
c 5979000 confls 5012327 constrs 1153 vars
c 5980000 confls 5013327 constrs 1153 vars
c 5981000 confls 5014327 constrs 1153 vars
c 5982000 confls 5015327 constrs 1153 vars
c 5983000 confls 5016327 constrs 1153 vars
c 5984000 confls 5017327 constrs 1153 vars
c 5985000 confls 5018327 constrs 1153 vars
c 5986000 confls 5019327 constrs 1153 vars
c INPROCESSING 11.9891 proptime 315062 prop/sec 21.6273 prop/ca
c 5987000 confls 5010378 constrs 1153 vars
c 5988000 confls 5011378 constrs 1153 vars
c 5989000 confls 5012378 constrs 1153 vars
c 5990000 confls 5013378 constrs 1153 vars
c 5991000 confls 5014378 constrs 1153 vars
c 5992000 confls 5015378 constrs 1153 vars
c 5993000 confls 5016378 constrs 1153 vars
c 5994000 confls 5017378 constrs 1153 vars
c 5995000 confls 5018378 constrs 1153 vars
c 5996000 confls 5019378 constrs 1153 vars
c 5997000 confls 5020378 constrs 1153 vars
c INPROCESSING 9.65874 proptime 392507 prop/sec 21.3019 prop/ca
c 5998000 confls 5011186 constrs 1153 vars
c 5999000 confls 5012186 constrs 1153 vars
c 6000000 confls 5013186 constrs 1153 vars
c 6001000 confls 5014186 constrs 1153 vars
c 6002000 confls 5015186 constrs 1153 vars
c 6003000 confls 5016186 constrs 1153 vars
c 6004000 confls 5017186 constrs 1153 vars
c 6005000 confls 5018186 constrs 1153 vars
c 6006000 confls 5019186 constrs 1153 vars
c 6007000 confls 5020186 constrs 1153 vars
c INPROCESSING 10.0172 proptime 424797 prop/sec 17.3868 prop/ca
c 6008000 confls 5010091 constrs 1153 vars
c 6009000 confls 5011091 constrs 1153 vars
c 6010000 confls 5012091 constrs 1153 vars
c 6011000 confls 5013091 constrs 1153 vars
c 6012000 confls 5014091 constrs 1153 vars
c 6013000 confls 5015091 constrs 1153 vars
c 6014000 confls 5016091 constrs 1153 vars
c 6015000 confls 5017091 constrs 1153 vars
c 6016000 confls 5018091 constrs 1153 vars
c 6017000 confls 5019091 constrs 1153 vars
c INPROCESSING 8.2662 proptime 503013 prop/sec 16.5067 prop/ca
c 6018000 confls 5009563 constrs 1153 vars
c 6019000 confls 5010563 constrs 1153 vars
c 6020000 confls 5011563 constrs 1153 vars
c 6021000 confls 5012563 constrs 1153 vars
c 6022000 confls 5013563 constrs 1153 vars
c 6023000 confls 5014563 constrs 1153 vars
c 6024000 confls 5015563 constrs 1153 vars
c 6025000 confls 5016563 constrs 1153 vars
c 6026000 confls 5017563 constrs 1153 vars
c 6027000 confls 5018563 constrs 1153 vars
c 6028000 confls 5019563 constrs 1153 vars
c INPROCESSING 8.145 proptime 488542 prop/sec 18.3733 prop/ca
c 6029000 confls 5010987 constrs 1153 vars
c 6030000 confls 5011987 constrs 1153 vars
c 6031000 confls 5012987 constrs 1153 vars
c 6032000 confls 5013987 constrs 1153 vars
c 6033000 confls 5014987 constrs 1153 vars
c 6034000 confls 5015987 constrs 1153 vars
c 6035000 confls 5016987 constrs 1153 vars
c 6036000 confls 5017987 constrs 1153 vars
c 6037000 confls 5018987 constrs 1153 vars
c 6038000 confls 5019987 constrs 1153 vars
c INPROCESSING 9.13972 proptime 432244 prop/sec 19.9009 prop/ca
c 6039000 confls 5010735 constrs 1153 vars
c 6040000 confls 5011735 constrs 1153 vars
c 6041000 confls 5012735 constrs 1153 vars
c 6042000 confls 5013735 constrs 1153 vars
c 6043000 confls 5014735 constrs 1153 vars
c 6044000 confls 5015735 constrs 1153 vars
c 6045000 confls 5016735 constrs 1153 vars
c 6046000 confls 5017735 constrs 1153 vars
c 6047000 confls 5018735 constrs 1153 vars
c 6048000 confls 5019735 constrs 1153 vars
c INPROCESSING 9.51924 proptime 405710 prop/sec 19.7062 prop/ca
c 6049000 confls 5010839 constrs 1153 vars
c 6050000 confls 5011839 constrs 1153 vars
c 6051000 confls 5012839 constrs 1153 vars
c 6052000 confls 5013839 constrs 1153 vars
c 6053000 confls 5014839 constrs 1153 vars
c 6054000 confls 5015839 constrs 1153 vars
c 6055000 confls 5016839 constrs 1153 vars
c 6056000 confls 5017839 constrs 1153 vars
c 6057000 confls 5018839 constrs 1153 vars
c 6058000 confls 5019839 constrs 1153 vars
c INPROCESSING 8.64061 proptime 442032 prop/sec 20.7056 prop/ca
c 6059000 confls 5009961 constrs 1153 vars
c 6060000 confls 5010961 constrs 1153 vars
c 6061000 confls 5011961 constrs 1153 vars
c 6062000 confls 5012961 constrs 1153 vars
c 6063000 confls 5013961 constrs 1153 vars
c 6064000 confls 5014961 constrs 1153 vars
c 6065000 confls 5015961 constrs 1153 vars
c 6066000 confls 5016961 constrs 1153 vars
c 6067000 confls 5017961 constrs 1153 vars
c 6068000 confls 5018961 constrs 1153 vars
c 6069000 confls 5019961 constrs 1153 vars
c INPROCESSING 8.33299 proptime 436188 prop/sec 20.0156 prop/ca
c 6070000 confls 5011083 constrs 1153 vars
c 6071000 confls 5012083 constrs 1153 vars
c 6072000 confls 5013083 constrs 1153 vars
c 6073000 confls 5014083 constrs 1153 vars
c 6074000 confls 5015083 constrs 1153 vars
c 6075000 confls 5016083 constrs 1153 vars
c 6076000 confls 5017083 constrs 1153 vars
c 6077000 confls 5018083 constrs 1153 vars
c 6078000 confls 5019083 constrs 1153 vars
c 6079000 confls 5020083 constrs 1153 vars
c INPROCESSING 8.51333 proptime 469246 prop/sec 19.4178 prop/ca
c 6080000 confls 5010680 constrs 1153 vars
c 6081000 confls 5011680 constrs 1153 vars
c 6082000 confls 5012680 constrs 1153 vars
c 6083000 confls 5013680 constrs 1153 vars
c 6084000 confls 5014680 constrs 1153 vars
c 6085000 confls 5015680 constrs 1153 vars
c 6086000 confls 5016680 constrs 1153 vars
c 6087000 confls 5017680 constrs 1153 vars
c 6088000 confls 5018680 constrs 1153 vars
c 6089000 confls 5019680 constrs 1153 vars
c INPROCESSING 8.31876 proptime 467639 prop/sec 19.2402 prop/ca
c 6090000 confls 5010077 constrs 1153 vars
c 6091000 confls 5011077 constrs 1153 vars
c 6092000 confls 5012077 constrs 1153 vars
c 6093000 confls 5013077 constrs 1153 vars
c 6094000 confls 5014077 constrs 1153 vars
c 6095000 confls 5015077 constrs 1153 vars
c 6096000 confls 5016077 constrs 1153 vars
c 6097000 confls 5017077 constrs 1153 vars
c 6098000 confls 5018077 constrs 1153 vars
c 6099000 confls 5019077 constrs 1153 vars
c 6100000 confls 5020077 constrs 1153 vars
c INPROCESSING 7.75793 proptime 509266 prop/sec 19.7542 prop/ca
c 6101000 confls 5011026 constrs 1153 vars
c 6102000 confls 5012026 constrs 1153 vars
c 6103000 confls 5013026 constrs 1153 vars
c 6104000 confls 5014026 constrs 1153 vars
c 6105000 confls 5015026 constrs 1153 vars
c 6106000 confls 5016026 constrs 1153 vars
c 6107000 confls 5017026 constrs 1153 vars
c 6108000 confls 5018026 constrs 1153 vars
c 6109000 confls 5019026 constrs 1153 vars
c 6110000 confls 5020026 constrs 1153 vars
c INPROCESSING 9.24423 proptime 431664 prop/sec 19.7508 prop/ca
c 6111000 confls 5011178 constrs 1153 vars
c 6112000 confls 5012178 constrs 1153 vars
c 6113000 confls 5013178 constrs 1153 vars
c 6114000 confls 5014178 constrs 1153 vars
c 6115000 confls 5015178 constrs 1153 vars
c 6116000 confls 5016178 constrs 1153 vars
c 6117000 confls 5017178 constrs 1153 vars
c 6118000 confls 5018178 constrs 1153 vars
c 6119000 confls 5019178 constrs 1153 vars
c 6120000 confls 5020178 constrs 1153 vars
c INPROCESSING 7.39456 proptime 563600 prop/sec 15.5816 prop/ca
c 6121000 confls 5009547 constrs 1153 vars
c 6122000 confls 5010547 constrs 1153 vars
c 6123000 confls 5011547 constrs 1153 vars
c 6124000 confls 5012547 constrs 1153 vars
c 6125000 confls 5013547 constrs 1153 vars
c 6126000 confls 5014547 constrs 1153 vars
c 6127000 confls 5015547 constrs 1153 vars
c 6128000 confls 5016547 constrs 1153 vars
c 6129000 confls 5017547 constrs 1153 vars
c 6130000 confls 5018547 constrs 1153 vars
c INPROCESSING 8.05826 proptime 525966 prop/sec 16.0257 prop/ca
c 6131000 confls 5009561 constrs 1153 vars
c 6132000 confls 5010561 constrs 1153 vars
c 6133000 confls 5011561 constrs 1153 vars
c 6134000 confls 5012561 constrs 1153 vars
c 6135000 confls 5013561 constrs 1153 vars
c 6136000 confls 5014561 constrs 1153 vars
c 6137000 confls 5015561 constrs 1153 vars
c 6138000 confls 5016561 constrs 1153 vars
c 6139000 confls 5017561 constrs 1153 vars
c 6140000 confls 5018561 constrs 1153 vars
c 6141000 confls 5019561 constrs 1153 vars
c INPROCESSING 8.58538 proptime 489767 prop/sec 16.6371 prop/ca
c 6142000 confls 5010801 constrs 1153 vars
c 6143000 confls 5011801 constrs 1153 vars
c 6144000 confls 5012801 constrs 1153 vars
c 6145000 confls 5013801 constrs 1153 vars
c 6146000 confls 5014801 constrs 1153 vars
c 6147000 confls 5015801 constrs 1153 vars
c 6148000 confls 5016801 constrs 1153 vars
c 6149000 confls 5017801 constrs 1153 vars
c 6150000 confls 5018801 constrs 1153 vars
c 6151000 confls 5019801 constrs 1153 vars
c INPROCESSING 11.8322 proptime 425628 prop/sec 19.2465 prop/ca
c 6152000 confls 5009636 constrs 1153 vars
c 6153000 confls 5010636 constrs 1153 vars
c 6154000 confls 5011636 constrs 1153 vars
c 6155000 confls 5012636 constrs 1153 vars
c 6156000 confls 5013636 constrs 1153 vars
c 6157000 confls 5014636 constrs 1153 vars
c 6158000 confls 5015636 constrs 1153 vars
c 6159000 confls 5016636 constrs 1153 vars
c 6160000 confls 5017636 constrs 1153 vars
c 6161000 confls 5018636 constrs 1153 vars
c INPROCESSING 7.93225 proptime 462085 prop/sec 17.3624 prop/ca
c 6162000 confls 5010142 constrs 1153 vars
c 6163000 confls 5011142 constrs 1153 vars
c 6164000 confls 5012142 constrs 1153 vars
c 6165000 confls 5013142 constrs 1153 vars
c 6166000 confls 5014142 constrs 1153 vars
c 6167000 confls 5015142 constrs 1153 vars
c 6168000 confls 5016142 constrs 1153 vars
c 6169000 confls 5017142 constrs 1153 vars
c 6170000 confls 5018142 constrs 1153 vars
c 6171000 confls 5019142 constrs 1153 vars
c 6172000 confls 5020142 constrs 1153 vars
c INPROCESSING 9.16129 proptime 383133 prop/sec 18.0775 prop/ca
c 6173000 confls 5011460 constrs 1153 vars
c 6174000 confls 5012460 constrs 1153 vars
c 6175000 confls 5013460 constrs 1153 vars
c 6176000 confls 5014460 constrs 1153 vars
c 6177000 confls 5015460 constrs 1153 vars
c 6178000 confls 5016460 constrs 1153 vars
c 6179000 confls 5017460 constrs 1153 vars
c 6180000 confls 5018460 constrs 1153 vars
c 6181000 confls 5019460 constrs 1153 vars
c 6182000 confls 5020460 constrs 1153 vars
c INPROCESSING 9.69244 proptime 409941 prop/sec 19.8692 prop/ca
c 6183000 confls 5010571 constrs 1153 vars
c 6184000 confls 5011571 constrs 1153 vars
c 6185000 confls 5012571 constrs 1153 vars
c 6186000 confls 5013571 constrs 1153 vars
c 6187000 confls 5014571 constrs 1153 vars
c 6188000 confls 5015571 constrs 1153 vars
c 6189000 confls 5016571 constrs 1153 vars
c 6190000 confls 5017571 constrs 1153 vars
c 6191000 confls 5018571 constrs 1153 vars
c 6192000 confls 5019571 constrs 1153 vars
c INPROCESSING 9.84244 proptime 405040 prop/sec 19.7797 prop/ca
c 6193000 confls 5010214 constrs 1153 vars
c 6194000 confls 5011214 constrs 1153 vars
c 6195000 confls 5012214 constrs 1153 vars
c 6196000 confls 5013214 constrs 1153 vars
c 6197000 confls 5014214 constrs 1153 vars
c 6198000 confls 5015214 constrs 1153 vars
c 6199000 confls 5016214 constrs 1153 vars
c 6200000 confls 5017214 constrs 1153 vars
c 6201000 confls 5018214 constrs 1153 vars
c 6202000 confls 5019214 constrs 1153 vars
c INPROCESSING 8.65416 proptime 443074 prop/sec 18.1299 prop/ca
c 6203000 confls 5009855 constrs 1153 vars
c 6204000 confls 5010855 constrs 1153 vars
c 6205000 confls 5011855 constrs 1153 vars
c 6206000 confls 5012855 constrs 1153 vars
c 6207000 confls 5013855 constrs 1153 vars
c 6208000 confls 5014855 constrs 1153 vars
c 6209000 confls 5015855 constrs 1153 vars
c 6210000 confls 5016855 constrs 1153 vars
c 6211000 confls 5017855 constrs 1153 vars
c 6212000 confls 5018855 constrs 1153 vars
c 6213000 confls 5019855 constrs 1153 vars
c INPROCESSING 8.3952 proptime 478316 prop/sec 18.8311 prop/ca
c 6214000 confls 5011226 constrs 1153 vars
c 6215000 confls 5012226 constrs 1153 vars
c 6216000 confls 5013226 constrs 1153 vars
c 6217000 confls 5014226 constrs 1153 vars
c 6218000 confls 5015226 constrs 1153 vars
c 6219000 confls 5016226 constrs 1153 vars
c 6220000 confls 5017226 constrs 1153 vars
c 6221000 confls 5018226 constrs 1153 vars
c 6222000 confls 5019226 constrs 1153 vars
c 6223000 confls 5020226 constrs 1153 vars
c INPROCESSING 9.85621 proptime 386579 prop/sec 18.8491 prop/ca
c 6224000 confls 5010712 constrs 1153 vars
c 6225000 confls 5011712 constrs 1153 vars
c 6226000 confls 5012712 constrs 1153 vars
c 6227000 confls 5013712 constrs 1153 vars
c 6228000 confls 5014712 constrs 1153 vars
c 6229000 confls 5015712 constrs 1153 vars
c 6230000 confls 5016712 constrs 1153 vars
c 6231000 confls 5017712 constrs 1153 vars
c 6232000 confls 5018712 constrs 1153 vars
c 6233000 confls 5019712 constrs 1153 vars
c INPROCESSING 10.4647 proptime 382336 prop/sec 20.9756 prop/ca
c 6234000 confls 5010349 constrs 1153 vars
c 6235000 confls 5011349 constrs 1153 vars
c 6236000 confls 5012349 constrs 1153 vars
c 6237000 confls 5013349 constrs 1153 vars
c 6238000 confls 5014349 constrs 1153 vars
c 6239000 confls 5015349 constrs 1153 vars
c 6240000 confls 5016349 constrs 1153 vars
c 6241000 confls 5017349 constrs 1153 vars
c 6242000 confls 5018349 constrs 1153 vars
c 6243000 confls 5019349 constrs 1153 vars
c 6244000 confls 5020349 constrs 1153 vars
c INPROCESSING 8.43688 proptime 483274 prop/sec 17.8082 prop/ca
c 6245000 confls 5010932 constrs 1153 vars
c 6246000 confls 5011932 constrs 1153 vars
c 6247000 confls 5012932 constrs 1153 vars
c 6248000 confls 5013932 constrs 1153 vars
c 6249000 confls 5014932 constrs 1153 vars
c 6250000 confls 5015932 constrs 1153 vars
c 6251000 confls 5016932 constrs 1153 vars
c 6252000 confls 5017932 constrs 1153 vars
c 6253000 confls 5018932 constrs 1153 vars
c 6254000 confls 5019932 constrs 1153 vars
c INPROCESSING 11.7955 proptime 397195 prop/sec 19.9436 prop/ca
c 6255000 confls 5010189 constrs 1153 vars
c 6256000 confls 5011189 constrs 1153 vars
c 6257000 confls 5012189 constrs 1153 vars
c 6258000 confls 5013189 constrs 1153 vars
c 6259000 confls 5014189 constrs 1153 vars
c 6260000 confls 5015189 constrs 1153 vars
c 6261000 confls 5016189 constrs 1153 vars
c 6262000 confls 5017189 constrs 1153 vars
c 6263000 confls 5018189 constrs 1153 vars
c 6264000 confls 5019189 constrs 1153 vars
c INPROCESSING 9.43193 proptime 417292 prop/sec 19.4288 prop/ca
c 6265000 confls 5010043 constrs 1153 vars
c 6266000 confls 5011043 constrs 1153 vars
c 6267000 confls 5012043 constrs 1153 vars
c 6268000 confls 5013043 constrs 1153 vars
c 6269000 confls 5014043 constrs 1153 vars
c 6270000 confls 5015043 constrs 1153 vars
c 6271000 confls 5016043 constrs 1153 vars
c 6272000 confls 5017043 constrs 1153 vars
c 6273000 confls 5018043 constrs 1153 vars
c 6274000 confls 5019043 constrs 1153 vars
c INPROCESSING 9.70682 proptime 413749 prop/sec 20.19 prop/ca
c 6275000 confls 5010299 constrs 1153 vars
c 6276000 confls 5011299 constrs 1153 vars
c 6277000 confls 5012299 constrs 1153 vars
c 6278000 confls 5013299 constrs 1153 vars
c 6279000 confls 5014299 constrs 1153 vars
c 6280000 confls 5015299 constrs 1153 vars
c 6281000 confls 5016299 constrs 1153 vars
c 6282000 confls 5017299 constrs 1153 vars
c 6283000 confls 5018299 constrs 1153 vars
c 6284000 confls 5019299 constrs 1153 vars
c 6285000 confls 5020299 constrs 1153 vars
c INPROCESSING 9.46864 proptime 408467 prop/sec 20.4909 prop/ca
c 6286000 confls 5011036 constrs 1153 vars
c 6287000 confls 5012036 constrs 1153 vars
c 6288000 confls 5013036 constrs 1153 vars
c 6289000 confls 5014036 constrs 1153 vars
c 6290000 confls 5015036 constrs 1153 vars
c 6291000 confls 5016036 constrs 1153 vars
c 6292000 confls 5017036 constrs 1153 vars
c 6293000 confls 5018036 constrs 1153 vars
c 6294000 confls 5019036 constrs 1153 vars
c 6295000 confls 5020036 constrs 1153 vars
c INPROCESSING 9.18059 proptime 421699 prop/sec 19.4859 prop/ca
c 6296000 confls 5010428 constrs 1153 vars
c 6297000 confls 5011428 constrs 1153 vars
c 6298000 confls 5012428 constrs 1153 vars
c 6299000 confls 5013428 constrs 1153 vars
c 6300000 confls 5014428 constrs 1153 vars
c 6301000 confls 5015428 constrs 1153 vars
c 6302000 confls 5016428 constrs 1153 vars
c 6303000 confls 5017428 constrs 1153 vars
c 6304000 confls 5018428 constrs 1153 vars
c 6305000 confls 5019428 constrs 1153 vars
c INPROCESSING 9.56181 proptime 381320 prop/sec 22.3312 prop/ca
c 6306000 confls 5010599 constrs 1153 vars
c 6307000 confls 5011599 constrs 1153 vars
c 6308000 confls 5012599 constrs 1153 vars
c 6309000 confls 5013599 constrs 1153 vars
c 6310000 confls 5014599 constrs 1153 vars
c 6311000 confls 5015599 constrs 1153 vars
c 6312000 confls 5016599 constrs 1153 vars
c 6313000 confls 5017599 constrs 1153 vars
c 6314000 confls 5018599 constrs 1153 vars
c 6315000 confls 5019599 constrs 1153 vars
c 6316000 confls 5020599 constrs 1153 vars
c INPROCESSING 9.30912 proptime 405642 prop/sec 20.5479 prop/ca
c 6317000 confls 5011223 constrs 1153 vars
c 6318000 confls 5012223 constrs 1153 vars
c 6319000 confls 5013223 constrs 1153 vars
c 6320000 confls 5014223 constrs 1153 vars
c 6321000 confls 5015223 constrs 1153 vars
c 6322000 confls 5016223 constrs 1153 vars
c 6323000 confls 5017223 constrs 1153 vars
c 6324000 confls 5018223 constrs 1153 vars
c 6325000 confls 5019223 constrs 1153 vars
c 6326000 confls 5020223 constrs 1153 vars
c INPROCESSING 8.76951 proptime 471359 prop/sec 18.8037 prop/ca
c 6327000 confls 5010368 constrs 1153 vars
c 6328000 confls 5011368 constrs 1153 vars
c 6329000 confls 5012368 constrs 1153 vars
c 6330000 confls 5013368 constrs 1153 vars
c 6331000 confls 5014368 constrs 1153 vars
c 6332000 confls 5015368 constrs 1153 vars
c 6333000 confls 5016368 constrs 1153 vars
c 6334000 confls 5017368 constrs 1153 vars
c 6335000 confls 5018368 constrs 1153 vars
c 6336000 confls 5019368 constrs 1153 vars
c INPROCESSING 9.28134 proptime 401548 prop/sec 18.9484 prop/ca
c 6337000 confls 5010596 constrs 1153 vars
c 6338000 confls 5011596 constrs 1153 vars
c 6339000 confls 5012596 constrs 1153 vars
c 6340000 confls 5013596 constrs 1153 vars
c 6341000 confls 5014596 constrs 1153 vars
c 6342000 confls 5015596 constrs 1153 vars
c 6343000 confls 5016596 constrs 1153 vars
c 6344000 confls 5017596 constrs 1153 vars
c 6345000 confls 5018596 constrs 1153 vars
c 6346000 confls 5019596 constrs 1153 vars
c 6347000 confls 5020596 constrs 1153 vars
c INPROCESSING 8.5389 proptime 447013 prop/sec 19.8306 prop/ca
c 6348000 confls 5011147 constrs 1153 vars
c 6349000 confls 5012147 constrs 1153 vars
c 6350000 confls 5013147 constrs 1153 vars
c 6351000 confls 5014147 constrs 1153 vars
c 6352000 confls 5015147 constrs 1153 vars
c 6353000 confls 5016147 constrs 1153 vars
c 6354000 confls 5017147 constrs 1153 vars
c 6355000 confls 5018147 constrs 1153 vars
c 6356000 confls 5019147 constrs 1153 vars
c 6357000 confls 5020147 constrs 1153 vars
c INPROCESSING 9.55028 proptime 397982 prop/sec 20.1525 prop/ca
c 6358000 confls 5010566 constrs 1153 vars
c 6359000 confls 5011566 constrs 1153 vars
c 6360000 confls 5012566 constrs 1153 vars
c 6361000 confls 5013566 constrs 1153 vars
c 6362000 confls 5014566 constrs 1153 vars
c 6363000 confls 5015566 constrs 1153 vars
c 6364000 confls 5016566 constrs 1153 vars
c 6365000 confls 5017566 constrs 1153 vars
c 6366000 confls 5018566 constrs 1153 vars
c 6367000 confls 5019566 constrs 1153 vars
c INPROCESSING 9.20013 proptime 473087 prop/sec 18.4165 prop/ca
c 6368000 confls 5009825 constrs 1153 vars
c 6369000 confls 5010825 constrs 1153 vars
c 6370000 confls 5011825 constrs 1153 vars
c 6371000 confls 5012825 constrs 1153 vars
c 6372000 confls 5013825 constrs 1153 vars
c 6373000 confls 5014825 constrs 1153 vars
c 6374000 confls 5015825 constrs 1153 vars
c 6375000 confls 5016825 constrs 1153 vars
c 6376000 confls 5017825 constrs 1153 vars
c 6377000 confls 5018825 constrs 1153 vars
c 6378000 confls 5019825 constrs 1153 vars
c INPROCESSING 10.5131 proptime 446098 prop/sec 17.9173 prop/ca
c 6379000 confls 5010186 constrs 1153 vars
c 6380000 confls 5011186 constrs 1153 vars
c 6381000 confls 5012186 constrs 1153 vars
c 6382000 confls 5013186 constrs 1153 vars
c 6383000 confls 5014186 constrs 1153 vars
c 6384000 confls 5015186 constrs 1153 vars
c 6385000 confls 5016186 constrs 1153 vars
c 6386000 confls 5017186 constrs 1153 vars
c 6387000 confls 5018186 constrs 1153 vars
c 6388000 confls 5019186 constrs 1153 vars
c INPROCESSING 9.35595 proptime 475500 prop/sec 18.2033 prop/ca
c 6389000 confls 5009542 constrs 1153 vars
c 6390000 confls 5010542 constrs 1153 vars
c 6391000 confls 5011542 constrs 1153 vars
c 6392000 confls 5012542 constrs 1153 vars
c 6393000 confls 5013542 constrs 1153 vars
c 6394000 confls 5014542 constrs 1153 vars
c 6395000 confls 5015542 constrs 1153 vars
c 6396000 confls 5016542 constrs 1153 vars
c 6397000 confls 5017542 constrs 1153 vars
c 6398000 confls 5018542 constrs 1153 vars
c INPROCESSING 8.18546 proptime 507583 prop/sec 17.192 prop/ca
c 6399000 confls 5009661 constrs 1153 vars
c 6400000 confls 5010661 constrs 1153 vars
c 6401000 confls 5011661 constrs 1153 vars
c 6402000 confls 5012661 constrs 1153 vars
c 6403000 confls 5013661 constrs 1153 vars
c 6404000 confls 5014661 constrs 1153 vars
c 6405000 confls 5015661 constrs 1153 vars
c 6406000 confls 5016661 constrs 1153 vars
c 6407000 confls 5017661 constrs 1153 vars
c 6408000 confls 5018661 constrs 1153 vars
c 6409000 confls 5019661 constrs 1153 vars
c INPROCESSING 8.53843 proptime 483247 prop/sec 15.2465 prop/ca
c 6410000 confls 5010639 constrs 1153 vars
c 6411000 confls 5011639 constrs 1153 vars
c 6412000 confls 5012639 constrs 1153 vars
c 6413000 confls 5013639 constrs 1153 vars
c 6414000 confls 5014639 constrs 1153 vars
c 6415000 confls 5015639 constrs 1153 vars
c 6416000 confls 5016639 constrs 1153 vars
c 6417000 confls 5017639 constrs 1153 vars
c 6418000 confls 5018639 constrs 1153 vars
c 6419000 confls 5019639 constrs 1153 vars
c INPROCESSING 7.50283 proptime 587285 prop/sec 14.8765 prop/ca
c 6420000 confls 5010333 constrs 1153 vars
c 6421000 confls 5011333 constrs 1153 vars
c 6422000 confls 5012333 constrs 1153 vars
c 6423000 confls 5013333 constrs 1153 vars
c 6424000 confls 5014333 constrs 1153 vars
c 6425000 confls 5015333 constrs 1153 vars
c 6426000 confls 5016333 constrs 1153 vars
c 6427000 confls 5017333 constrs 1153 vars
c 6428000 confls 5018333 constrs 1153 vars
c 6429000 confls 5019333 constrs 1153 vars
c INPROCESSING 8.59423 proptime 493198 prop/sec 13.9652 prop/ca
c 6430000 confls 5010084 constrs 1153 vars
c 6431000 confls 5011084 constrs 1153 vars
c 6432000 confls 5012084 constrs 1153 vars
c 6433000 confls 5013084 constrs 1153 vars
c 6434000 confls 5014084 constrs 1153 vars
c 6435000 confls 5015084 constrs 1153 vars
c 6436000 confls 5016084 constrs 1153 vars
c 6437000 confls 5017084 constrs 1153 vars
c 6438000 confls 5018084 constrs 1153 vars
c 6439000 confls 5019084 constrs 1153 vars
c INPROCESSING 8.39055 proptime 527413 prop/sec 15.1671 prop/ca
c 6440000 confls 5009404 constrs 1153 vars
c 6441000 confls 5010404 constrs 1153 vars
c 6442000 confls 5011404 constrs 1153 vars
c 6443000 confls 5012404 constrs 1153 vars
c 6444000 confls 5013404 constrs 1153 vars
c 6445000 confls 5014404 constrs 1153 vars
c 6446000 confls 5015404 constrs 1153 vars
c 6447000 confls 5016404 constrs 1153 vars
c 6448000 confls 5017404 constrs 1153 vars
c 6449000 confls 5018404 constrs 1153 vars
c 6450000 confls 5019404 constrs 1153 vars
c INPROCESSING 8.73768 proptime 471219 prop/sec 17.6611 prop/ca
c 6451000 confls 5011048 constrs 1153 vars
c 6452000 confls 5012048 constrs 1153 vars
c 6453000 confls 5013048 constrs 1153 vars
c 6454000 confls 5014048 constrs 1153 vars
c 6455000 confls 5015048 constrs 1153 vars
c 6456000 confls 5016048 constrs 1153 vars
c 6457000 confls 5017048 constrs 1153 vars
c 6458000 confls 5018048 constrs 1153 vars
c 6459000 confls 5019048 constrs 1153 vars
c 6460000 confls 5020048 constrs 1153 vars
c INPROCESSING 9.21384 proptime 434721 prop/sec 17.4351 prop/ca
c 6461000 confls 5010703 constrs 1153 vars
c 6462000 confls 5011703 constrs 1153 vars
c 6463000 confls 5012703 constrs 1153 vars
c 6464000 confls 5013703 constrs 1153 vars
c 6465000 confls 5014703 constrs 1153 vars
c 6466000 confls 5015703 constrs 1153 vars
c 6467000 confls 5016703 constrs 1153 vars
c 6468000 confls 5017703 constrs 1153 vars
c 6469000 confls 5018703 constrs 1153 vars
c 6470000 confls 5019703 constrs 1153 vars
c INPROCESSING 9.38307 proptime 475117 prop/sec 17.1995 prop/ca
c 6471000 confls 5009384 constrs 1153 vars
c 6472000 confls 5010384 constrs 1153 vars
c 6473000 confls 5011384 constrs 1153 vars
c 6474000 confls 5012384 constrs 1153 vars
c 6475000 confls 5013384 constrs 1153 vars
c 6476000 confls 5014384 constrs 1153 vars
c 6477000 confls 5015384 constrs 1153 vars
c 6478000 confls 5016384 constrs 1153 vars
c 6479000 confls 5017384 constrs 1153 vars
c 6480000 confls 5018384 constrs 1153 vars
c 6481000 confls 5019384 constrs 1153 vars
c INPROCESSING 8.4699 proptime 478492 prop/sec 15.7081 prop/ca
c 6482000 confls 5010533 constrs 1153 vars
c 6483000 confls 5011533 constrs 1153 vars
c 6484000 confls 5012533 constrs 1153 vars
c 6485000 confls 5013533 constrs 1153 vars
c 6486000 confls 5014533 constrs 1153 vars
c 6487000 confls 5015533 constrs 1153 vars
c 6488000 confls 5016533 constrs 1153 vars
c 6489000 confls 5017533 constrs 1153 vars
c 6490000 confls 5018533 constrs 1153 vars
c 6491000 confls 5019533 constrs 1153 vars
c INPROCESSING 10.0462 proptime 418589 prop/sec 17.7473 prop/ca
c 6492000 confls 5010110 constrs 1153 vars
c 6493000 confls 5011110 constrs 1153 vars
c 6494000 confls 5012110 constrs 1153 vars
c 6495000 confls 5013110 constrs 1153 vars
c 6496000 confls 5014110 constrs 1153 vars
c 6497000 confls 5015110 constrs 1153 vars
c 6498000 confls 5016110 constrs 1153 vars
c 6499000 confls 5017110 constrs 1153 vars
c 6500000 confls 5018110 constrs 1153 vars
c 6501000 confls 5019110 constrs 1153 vars
c INPROCESSING 8.4599 proptime 510180 prop/sec 16.3358 prop/ca
c 6502000 confls 5009784 constrs 1153 vars
c 6503000 confls 5010784 constrs 1153 vars
c 6504000 confls 5011784 constrs 1153 vars
c 6505000 confls 5012784 constrs 1153 vars
c 6506000 confls 5013784 constrs 1153 vars
c 6507000 confls 5014784 constrs 1153 vars
c 6508000 confls 5015784 constrs 1153 vars
c 6509000 confls 5016784 constrs 1153 vars
c 6510000 confls 5017784 constrs 1153 vars
c 6511000 confls 5018784 constrs 1153 vars
c 6512000 confls 5019784 constrs 1153 vars
c INPROCESSING 9.6739 proptime 487145 prop/sec 14.429 prop/ca
c 6513000 confls 5010321 constrs 1153 vars
c 6514000 confls 5011321 constrs 1153 vars
c 6515000 confls 5012321 constrs 1153 vars
c 6516000 confls 5013321 constrs 1153 vars
c 6517000 confls 5014321 constrs 1153 vars
c 6518000 confls 5015321 constrs 1153 vars
c 6519000 confls 5016321 constrs 1153 vars
c 6520000 confls 5017321 constrs 1153 vars
c 6521000 confls 5018321 constrs 1153 vars
c 6522000 confls 5019321 constrs 1153 vars
c INPROCESSING 9.48483 proptime 454330 prop/sec 15.1428 prop/ca
c 6523000 confls 5010014 constrs 1153 vars
c 6524000 confls 5011014 constrs 1153 vars
c 6525000 confls 5012014 constrs 1153 vars
c 6526000 confls 5013014 constrs 1153 vars
c 6527000 confls 5014014 constrs 1153 vars
c 6528000 confls 5015014 constrs 1153 vars
c 6529000 confls 5016014 constrs 1153 vars
c 6530000 confls 5017014 constrs 1153 vars
c 6531000 confls 5018014 constrs 1153 vars
c 6532000 confls 5019014 constrs 1153 vars
c INPROCESSING 8.65732 proptime 472345 prop/sec 16.7166 prop/ca
c 6533000 confls 5009871 constrs 1153 vars
c 6534000 confls 5010871 constrs 1153 vars
c 6535000 confls 5011871 constrs 1153 vars
c 6536000 confls 5012871 constrs 1153 vars
c 6537000 confls 5013871 constrs 1153 vars
c 6538000 confls 5014871 constrs 1153 vars
c 6539000 confls 5015871 constrs 1153 vars
c 6540000 confls 5016871 constrs 1153 vars
c 6541000 confls 5017871 constrs 1153 vars
c 6542000 confls 5018871 constrs 1153 vars
c 6543000 confls 5019871 constrs 1153 vars
c INPROCESSING 8.52477 proptime 512342 prop/sec 14.6961 prop/ca
c 6544000 confls 5010255 constrs 1153 vars
c 6545000 confls 5011255 constrs 1153 vars
c 6546000 confls 5012255 constrs 1153 vars
c 6547000 confls 5013255 constrs 1153 vars
c 6548000 confls 5014255 constrs 1153 vars
c 6549000 confls 5015255 constrs 1153 vars
c 6550000 confls 5016255 constrs 1153 vars
c 6551000 confls 5017255 constrs 1153 vars
c 6552000 confls 5018255 constrs 1153 vars
c 6553000 confls 5019255 constrs 1153 vars
c INPROCESSING 9.11948 proptime 432817 prop/sec 18.7913 prop/ca
c 6554000 confls 5010560 constrs 1153 vars
c 6555000 confls 5011560 constrs 1153 vars
c 6556000 confls 5012560 constrs 1153 vars
c 6557000 confls 5013560 constrs 1153 vars
c 6558000 confls 5014560 constrs 1153 vars
c 6559000 confls 5015560 constrs 1153 vars
c 6560000 confls 5016560 constrs 1153 vars
c 6561000 confls 5017560 constrs 1153 vars
c 6562000 confls 5018560 constrs 1153 vars
c 6563000 confls 5019560 constrs 1153 vars
c INPROCESSING 9.21894 proptime 441140 prop/sec 18.4979 prop/ca
c 6564000 confls 5010426 constrs 1153 vars
c 6565000 confls 5011426 constrs 1153 vars
c 6566000 confls 5012426 constrs 1153 vars
c 6567000 confls 5013426 constrs 1153 vars
c 6568000 confls 5014426 constrs 1153 vars
c 6569000 confls 5015426 constrs 1153 vars
c 6570000 confls 5016426 constrs 1153 vars
c 6571000 confls 5017426 constrs 1153 vars
c 6572000 confls 5018426 constrs 1153 vars
c 6573000 confls 5019426 constrs 1153 vars
c 6574000 confls 5020426 constrs 1153 vars
c INPROCESSING 9.48682 proptime 407043 prop/sec 19.2368 prop/ca
c 6575000 confls 5010745 constrs 1153 vars
c 6576000 confls 5011745 constrs 1153 vars
c 6577000 confls 5012745 constrs 1153 vars
c 6578000 confls 5013745 constrs 1153 vars
c 6579000 confls 5014745 constrs 1153 vars
c 6580000 confls 5015745 constrs 1153 vars
c 6581000 confls 5016745 constrs 1153 vars
c 6582000 confls 5017745 constrs 1153 vars
c 6583000 confls 5018745 constrs 1153 vars
c 6584000 confls 5019745 constrs 1153 vars
c INPROCESSING 9.81291 proptime 432025 prop/sec 18.1475 prop/ca
c 6585000 confls 5010379 constrs 1153 vars
c 6586000 confls 5011379 constrs 1153 vars
c 6587000 confls 5012379 constrs 1153 vars
c 6588000 confls 5013379 constrs 1153 vars
c 6589000 confls 5014379 constrs 1153 vars
c 6590000 confls 5015379 constrs 1153 vars
c 6591000 confls 5016379 constrs 1153 vars
c 6592000 confls 5017379 constrs 1153 vars
c 6593000 confls 5018379 constrs 1153 vars
c 6594000 confls 5019379 constrs 1153 vars
c INPROCESSING 8.50573 proptime 438727 prop/sec 18.8624 prop/ca
c 6595000 confls 5010807 constrs 1153 vars
c 6596000 confls 5011807 constrs 1153 vars
c 6597000 confls 5012807 constrs 1153 vars
c 6598000 confls 5013807 constrs 1153 vars
c 6599000 confls 5014807 constrs 1153 vars
c 6600000 confls 5015807 constrs 1153 vars
c 6601000 confls 5016807 constrs 1153 vars
c 6602000 confls 5017807 constrs 1153 vars
c 6603000 confls 5018807 constrs 1153 vars
c 6604000 confls 5019807 constrs 1153 vars
c 6605000 confls 5020807 constrs 1153 vars
c INPROCESSING 7.76754 proptime 504527 prop/sec 16.3009 prop/ca
c 6606000 confls 5010725 constrs 1153 vars
c 6607000 confls 5011725 constrs 1153 vars
c 6608000 confls 5012725 constrs 1153 vars
c 6609000 confls 5013725 constrs 1153 vars
c 6610000 confls 5014725 constrs 1153 vars
c 6611000 confls 5015725 constrs 1153 vars
c 6612000 confls 5016725 constrs 1153 vars
c 6613000 confls 5017725 constrs 1153 vars
c 6614000 confls 5018725 constrs 1153 vars
c 6615000 confls 5019725 constrs 1153 vars
c INPROCESSING 8.58853 proptime 450638 prop/sec 18.4569 prop/ca
c 6616000 confls 5010529 constrs 1153 vars
c 6617000 confls 5011529 constrs 1153 vars
c 6618000 confls 5012529 constrs 1153 vars
c 6619000 confls 5013529 constrs 1153 vars
c 6620000 confls 5014529 constrs 1153 vars
c 6621000 confls 5015529 constrs 1153 vars
c 6622000 confls 5016529 constrs 1153 vars
c 6623000 confls 5017529 constrs 1153 vars
c 6624000 confls 5018529 constrs 1153 vars
c 6625000 confls 5019529 constrs 1153 vars
c INPROCESSING 8.78275 proptime 439842 prop/sec 18.6863 prop/ca
c 6626000 confls 5010294 constrs 1153 vars
c 6627000 confls 5011294 constrs 1153 vars
c 6628000 confls 5012294 constrs 1153 vars
c 6629000 confls 5013294 constrs 1153 vars
c 6630000 confls 5014294 constrs 1153 vars
c 6631000 confls 5015294 constrs 1153 vars
c 6632000 confls 5016294 constrs 1153 vars
c 6633000 confls 5017294 constrs 1153 vars
c 6634000 confls 5018294 constrs 1153 vars
c 6635000 confls 5019294 constrs 1153 vars
c 6636000 confls 5020294 constrs 1153 vars
c INPROCESSING 8.7944 proptime 473544 prop/sec 16.7117 prop/ca
c 6637000 confls 5011034 constrs 1153 vars
c 6638000 confls 5012034 constrs 1153 vars
c 6639000 confls 5013034 constrs 1153 vars
c 6640000 confls 5014034 constrs 1153 vars
c 6641000 confls 5015034 constrs 1153 vars
c 6642000 confls 5016034 constrs 1153 vars
c 6643000 confls 5017034 constrs 1153 vars
c 6644000 confls 5018034 constrs 1153 vars
c 6645000 confls 5019034 constrs 1153 vars
c 6646000 confls 5020034 constrs 1153 vars
c INPROCESSING 8.71499 proptime 478627 prop/sec 17.7186 prop/ca
c 6647000 confls 5009630 constrs 1153 vars
c 6648000 confls 5010630 constrs 1153 vars
c 6649000 confls 5011630 constrs 1153 vars
c 6650000 confls 5012630 constrs 1153 vars
c 6651000 confls 5013630 constrs 1153 vars
c 6652000 confls 5014630 constrs 1153 vars
c 6653000 confls 5015630 constrs 1153 vars
c 6654000 confls 5016630 constrs 1153 vars
c 6655000 confls 5017630 constrs 1153 vars
c 6656000 confls 5018630 constrs 1153 vars
c 6657000 confls 5019630 constrs 1153 vars
c INPROCESSING 8.78247 proptime 424823 prop/sec 19.9175 prop/ca
c 6658000 confls 5011367 constrs 1153 vars
c 6659000 confls 5012367 constrs 1153 vars
c 6660000 confls 5013367 constrs 1153 vars
c 6661000 confls 5014367 constrs 1153 vars
c 6662000 confls 5015367 constrs 1153 vars
c 6663000 confls 5016367 constrs 1153 vars
c 6664000 confls 5017367 constrs 1153 vars
c 6665000 confls 5018367 constrs 1153 vars
c 6666000 confls 5019367 constrs 1153 vars
c 6667000 confls 5020367 constrs 1153 vars
c INPROCESSING 9.14012 proptime 434832 prop/sec 18.463 prop/ca
c 6668000 confls 5010928 constrs 1153 vars
c 6669000 confls 5011928 constrs 1153 vars
c 6670000 confls 5012928 constrs 1153 vars
c 6671000 confls 5013928 constrs 1153 vars
c 6672000 confls 5014928 constrs 1153 vars
c 6673000 confls 5015928 constrs 1153 vars
c 6674000 confls 5016928 constrs 1153 vars
c 6675000 confls 5017928 constrs 1153 vars
c 6676000 confls 5018928 constrs 1153 vars
c 6677000 confls 5019928 constrs 1153 vars
c INPROCESSING 8.93615 proptime 442430 prop/sec 19.7233 prop/ca
c 6678000 confls 5010499 constrs 1153 vars
c 6679000 confls 5011499 constrs 1153 vars
c 6680000 confls 5012499 constrs 1153 vars
c 6681000 confls 5013499 constrs 1153 vars
c 6682000 confls 5014499 constrs 1153 vars
c 6683000 confls 5015499 constrs 1153 vars
c 6684000 confls 5016499 constrs 1153 vars
c 6685000 confls 5017499 constrs 1153 vars
c 6686000 confls 5018499 constrs 1153 vars
c 6687000 confls 5019499 constrs 1153 vars
c 6688000 confls 5020499 constrs 1153 vars
c INPROCESSING 8.21894 proptime 510670 prop/sec 16.3707 prop/ca
c 6689000 confls 5011000 constrs 1153 vars
c 6690000 confls 5012000 constrs 1153 vars
c 6691000 confls 5013000 constrs 1153 vars
c 6692000 confls 5014000 constrs 1153 vars
c 6693000 confls 5015000 constrs 1153 vars
c 6694000 confls 5016000 constrs 1153 vars
c 6695000 confls 5017000 constrs 1153 vars
c 6696000 confls 5018000 constrs 1153 vars
c 6697000 confls 5019000 constrs 1153 vars
c 6698000 confls 5020000 constrs 1153 vars
c INPROCESSING 8.64338 proptime 469047 prop/sec 17.0361 prop/ca
c 6699000 confls 5010336 constrs 1153 vars
c 6700000 confls 5011336 constrs 1153 vars
c 6701000 confls 5012336 constrs 1153 vars
c 6702000 confls 5013336 constrs 1153 vars
c 6703000 confls 5014336 constrs 1153 vars
c 6704000 confls 5015336 constrs 1153 vars
c 6705000 confls 5016336 constrs 1153 vars
c 6706000 confls 5017336 constrs 1153 vars
c 6707000 confls 5018336 constrs 1153 vars
c 6708000 confls 5019336 constrs 1153 vars
c INPROCESSING 8.4402 proptime 455229 prop/sec 18.9816 prop/ca
c 6709000 confls 5010583 constrs 1153 vars
c 6710000 confls 5011583 constrs 1153 vars
c 6711000 confls 5012583 constrs 1153 vars
c 6712000 confls 5013583 constrs 1153 vars
c 6713000 confls 5014583 constrs 1153 vars
c 6714000 confls 5015583 constrs 1153 vars
c 6715000 confls 5016583 constrs 1153 vars
c 6716000 confls 5017583 constrs 1153 vars
c 6717000 confls 5018583 constrs 1153 vars
c 6718000 confls 5019583 constrs 1153 vars
c 6719000 confls 5020583 constrs 1153 vars
c INPROCESSING 9.39525 proptime 429480 prop/sec 19.0204 prop/ca
c 6720000 confls 5010958 constrs 1153 vars
c 6721000 confls 5011958 constrs 1153 vars
c 6722000 confls 5012958 constrs 1153 vars
c 6723000 confls 5013958 constrs 1153 vars
c 6724000 confls 5014958 constrs 1153 vars
c 6725000 confls 5015958 constrs 1153 vars
c 6726000 confls 5016958 constrs 1153 vars
c 6727000 confls 5017958 constrs 1153 vars
c 6728000 confls 5018958 constrs 1153 vars
c 6729000 confls 5019958 constrs 1153 vars
c INPROCESSING 9.06968 proptime 419233 prop/sec 20.0494 prop/ca
c 6730000 confls 5010891 constrs 1153 vars
c 6731000 confls 5011891 constrs 1153 vars
c 6732000 confls 5012891 constrs 1153 vars
c 6733000 confls 5013891 constrs 1153 vars
c 6734000 confls 5014891 constrs 1153 vars
c 6735000 confls 5015891 constrs 1153 vars
c 6736000 confls 5016891 constrs 1153 vars
c 6737000 confls 5017891 constrs 1153 vars
c 6738000 confls 5018891 constrs 1153 vars
c 6739000 confls 5019891 constrs 1153 vars
c INPROCESSING 10.0447 proptime 427904 prop/sec 19.3072 prop/ca
c 6740000 confls 5009857 constrs 1153 vars
c 6741000 confls 5010857 constrs 1153 vars
c 6742000 confls 5011857 constrs 1153 vars
c 6743000 confls 5012857 constrs 1153 vars
c 6744000 confls 5013857 constrs 1153 vars
c 6745000 confls 5014857 constrs 1153 vars
c 6746000 confls 5015857 constrs 1153 vars
c 6747000 confls 5016857 constrs 1153 vars
c 6748000 confls 5017857 constrs 1153 vars
c 6749000 confls 5018857 constrs 1153 vars
c 6750000 confls 5019857 constrs 1153 vars
c INPROCESSING 8.9304 proptime 455806 prop/sec 17.4825 prop/ca
c 6751000 confls 5010783 constrs 1153 vars
c 6752000 confls 5011783 constrs 1153 vars
c 6753000 confls 5012783 constrs 1153 vars
c 6754000 confls 5013783 constrs 1153 vars
c 6755000 confls 5014783 constrs 1153 vars
c 6756000 confls 5015783 constrs 1153 vars
c 6757000 confls 5016783 constrs 1153 vars
c 6758000 confls 5017783 constrs 1153 vars
c 6759000 confls 5018783 constrs 1153 vars
c 6760000 confls 5019783 constrs 1153 vars
c INPROCESSING 9.25455 proptime 450485 prop/sec 17.6351 prop/ca
c 6761000 confls 5010318 constrs 1153 vars
c 6762000 confls 5011318 constrs 1153 vars
c 6763000 confls 5012318 constrs 1153 vars
c 6764000 confls 5013318 constrs 1153 vars
c 6765000 confls 5014318 constrs 1153 vars
c 6766000 confls 5015318 constrs 1153 vars
c 6767000 confls 5016318 constrs 1153 vars
c 6768000 confls 5017318 constrs 1153 vars
c 6769000 confls 5018318 constrs 1153 vars
c 6770000 confls 5019318 constrs 1153 vars
c INPROCESSING 8.89006 proptime 527093 prop/sec 14.957 prop/ca
c 6771000 confls 5009583 constrs 1153 vars
c 6772000 confls 5010583 constrs 1153 vars
c 6773000 confls 5011583 constrs 1153 vars
c 6774000 confls 5012583 constrs 1153 vars
c 6775000 confls 5013583 constrs 1153 vars
c 6776000 confls 5014583 constrs 1153 vars
c 6777000 confls 5015583 constrs 1153 vars
c 6778000 confls 5016583 constrs 1153 vars
c 6779000 confls 5017583 constrs 1153 vars
c 6780000 confls 5018583 constrs 1153 vars
c 6781000 confls 5019583 constrs 1153 vars
c INPROCESSING 7.9406 proptime 504626 prop/sec 16.4423 prop/ca
c 6782000 confls 5010630 constrs 1153 vars
c 6783000 confls 5011630 constrs 1153 vars
c 6784000 confls 5012630 constrs 1153 vars
c 6785000 confls 5013630 constrs 1153 vars
c 6786000 confls 5014630 constrs 1153 vars
c 6787000 confls 5015630 constrs 1153 vars
c 6788000 confls 5016630 constrs 1153 vars
c 6789000 confls 5017630 constrs 1153 vars
c 6790000 confls 5018630 constrs 1153 vars
c 6791000 confls 5019630 constrs 1153 vars
c INPROCESSING 9.69241 proptime 425721 prop/sec 19.1536 prop/ca
c 6792000 confls 5010871 constrs 1153 vars
c 6793000 confls 5011871 constrs 1153 vars
c 6794000 confls 5012871 constrs 1153 vars
c 6795000 confls 5013871 constrs 1153 vars
c 6796000 confls 5014871 constrs 1153 vars
c 6797000 confls 5015871 constrs 1153 vars
c 6798000 confls 5016871 constrs 1153 vars
c 6799000 confls 5017871 constrs 1153 vars
c 6800000 confls 5018871 constrs 1153 vars
c 6801000 confls 5019871 constrs 1153 vars
c INPROCESSING 8.92254 proptime 464417 prop/sec 17.9566 prop/ca
c 6802000 confls 5009855 constrs 1153 vars
c 6803000 confls 5010855 constrs 1153 vars
c 6804000 confls 5011855 constrs 1153 vars
c 6805000 confls 5012855 constrs 1153 vars
c 6806000 confls 5013855 constrs 1153 vars
c 6807000 confls 5014855 constrs 1153 vars
c 6808000 confls 5015855 constrs 1153 vars
c 6809000 confls 5016855 constrs 1153 vars
c 6810000 confls 5017855 constrs 1153 vars
c 6811000 confls 5018855 constrs 1153 vars
c 6812000 confls 5019855 constrs 1153 vars
c INPROCESSING 9.35197 proptime 425913 prop/sec 19.0852 prop/ca
c 6813000 confls 5010823 constrs 1153 vars
c 6814000 confls 5011823 constrs 1153 vars
c 6815000 confls 5012823 constrs 1153 vars
c 6816000 confls 5013823 constrs 1153 vars
c 6817000 confls 5014823 constrs 1153 vars
c 6818000 confls 5015823 constrs 1153 vars
c 6819000 confls 5016823 constrs 1153 vars
c 6820000 confls 5017823 constrs 1153 vars
c 6821000 confls 5018823 constrs 1153 vars
c 6822000 confls 5019823 constrs 1153 vars
c INPROCESSING 8.31977 proptime 519035 prop/sec 17.6621 prop/ca
c 6823000 confls 5010306 constrs 1153 vars
c 6824000 confls 5011306 constrs 1153 vars
c 6825000 confls 5012306 constrs 1153 vars
c 6826000 confls 5013306 constrs 1153 vars
c 6827000 confls 5014306 constrs 1153 vars
c 6828000 confls 5015306 constrs 1153 vars
c 6829000 confls 5016306 constrs 1153 vars
c 6830000 confls 5017306 constrs 1153 vars
c 6831000 confls 5018306 constrs 1153 vars
c 6832000 confls 5019306 constrs 1153 vars
c 6833000 confls 5020306 constrs 1153 vars
c INPROCESSING 8.69247 proptime 444104 prop/sec 19.4064 prop/ca
c 6834000 confls 5010997 constrs 1153 vars
c 6835000 confls 5011997 constrs 1153 vars
c 6836000 confls 5012997 constrs 1153 vars
c 6837000 confls 5013997 constrs 1153 vars
c 6838000 confls 5014997 constrs 1153 vars
c 6839000 confls 5015997 constrs 1153 vars
c 6840000 confls 5016997 constrs 1153 vars
c 6841000 confls 5017997 constrs 1153 vars
c 6842000 confls 5018997 constrs 1153 vars
c 6843000 confls 5019998 constrs 1153 vars
c INPROCESSING 9.45874 proptime 418245 prop/sec 19.4293 prop/ca
c 6844000 confls 5011050 constrs 1153 vars
c 6845000 confls 5012050 constrs 1153 vars
c 6846000 confls 5013050 constrs 1153 vars
c 6847000 confls 5014050 constrs 1153 vars
c 6848000 confls 5015050 constrs 1153 vars
c 6849000 confls 5016050 constrs 1153 vars
c 6850000 confls 5017050 constrs 1153 vars
c 6851000 confls 5018050 constrs 1153 vars
c 6852000 confls 5019050 constrs 1153 vars
c 6853000 confls 5020050 constrs 1153 vars
c INPROCESSING 8.57575 proptime 445052 prop/sec 19.2741 prop/ca
c 6854000 confls 5010895 constrs 1153 vars
c 6855000 confls 5011895 constrs 1153 vars
c 6856000 confls 5012895 constrs 1153 vars
c 6857000 confls 5013895 constrs 1153 vars
c 6858000 confls 5014895 constrs 1153 vars
c 6859000 confls 5015895 constrs 1153 vars
c 6860000 confls 5016895 constrs 1153 vars
c 6861000 confls 5017895 constrs 1153 vars
c 6862000 confls 5018895 constrs 1153 vars
c 6863000 confls 5019895 constrs 1153 vars
c 6864000 confls 5020895 constrs 1153 vars
c INPROCESSING 8.30237 proptime 496001 prop/sec 17.6995 prop/ca
c 6865000 confls 5011225 constrs 1153 vars
c 6866000 confls 5012225 constrs 1153 vars
c 6867000 confls 5013225 constrs 1152 vars
c 6868000 confls 5014225 constrs 1152 vars
c 6869000 confls 5015225 constrs 1152 vars
c 6870000 confls 5016225 constrs 1152 vars
c 6871000 confls 5017225 constrs 1152 vars
c 6872000 confls 5018225 constrs 1152 vars
c 6873000 confls 5019225 constrs 1152 vars
c 6874000 confls 5020225 constrs 1152 vars
c INPROCESSING 9.28315 proptime 470810 prop/sec 17.7614 prop/ca
c 6875000 confls 4936604 constrs 1152 vars
c 6876000 confls 4937604 constrs 1152 vars
c 6877000 confls 4938604 constrs 1152 vars
c 6878000 confls 4939604 constrs 1152 vars
c 6879000 confls 4940604 constrs 1152 vars
c 6880000 confls 4941604 constrs 1152 vars
c 6881000 confls 4942604 constrs 1152 vars
c 6882000 confls 4943604 constrs 1152 vars
c 6883000 confls 4944604 constrs 1152 vars
c 6884000 confls 4945604 constrs 1152 vars
c INPROCESSING 8.43696 proptime 491727 prop/sec 16.8171 prop/ca
c 6885000 confls 4935736 constrs 1152 vars
c 6886000 confls 4936736 constrs 1152 vars
c 6887000 confls 4937736 constrs 1152 vars
c 6888000 confls 4938736 constrs 1152 vars
c 6889000 confls 4939736 constrs 1152 vars
c 6890000 confls 4940736 constrs 1152 vars
c 6891000 confls 4941736 constrs 1152 vars
c 6892000 confls 4942736 constrs 1152 vars
c 6893000 confls 4943736 constrs 1152 vars
c 6894000 confls 4944736 constrs 1152 vars
c 6895000 confls 4945736 constrs 1152 vars
c INPROCESSING 9.04014 proptime 444822 prop/sec 18.6196 prop/ca
c 6896000 confls 4936577 constrs 1152 vars
c 6897000 confls 4937577 constrs 1152 vars
c 6898000 confls 4938577 constrs 1152 vars
c 6899000 confls 4939577 constrs 1152 vars
c 6900000 confls 4940577 constrs 1152 vars
c 6901000 confls 4941577 constrs 1152 vars
c 6902000 confls 4942577 constrs 1152 vars
c 6903000 confls 4943577 constrs 1152 vars
c 6904000 confls 4944577 constrs 1152 vars
c 6905000 confls 4945577 constrs 1152 vars
c INPROCESSING 7.69469 proptime 541392 prop/sec 17.9318 prop/ca
c 6906000 confls 4936164 constrs 1152 vars
c 6907000 confls 4937164 constrs 1152 vars
c 6908000 confls 4938164 constrs 1152 vars
c 6909000 confls 4939164 constrs 1152 vars
c 6910000 confls 4940164 constrs 1152 vars
c 6911000 confls 4941164 constrs 1152 vars
c 6912000 confls 4942164 constrs 1152 vars
c 6913000 confls 4943164 constrs 1152 vars
c 6914000 confls 4944164 constrs 1152 vars
c 6915000 confls 4945164 constrs 1152 vars
c 6916000 confls 4946164 constrs 1152 vars
c INPROCESSING 8.86971 proptime 425582 prop/sec 19.3419 prop/ca
c 6917000 confls 4936823 constrs 1152 vars
c 6918000 confls 4937823 constrs 1152 vars
c 6919000 confls 4938823 constrs 1152 vars
c 6920000 confls 4939823 constrs 1152 vars
c 6921000 confls 4940823 constrs 1152 vars
c 6922000 confls 4941823 constrs 1152 vars
c 6923000 confls 4942823 constrs 1152 vars
c 6924000 confls 4943823 constrs 1152 vars
c 6925000 confls 4944823 constrs 1152 vars
c 6926000 confls 4945823 constrs 1152 vars
c INPROCESSING 8.10238 proptime 515124 prop/sec 16.2103 prop/ca
c 6927000 confls 4936096 constrs 1152 vars
c 6928000 confls 4937096 constrs 1152 vars
c 6929000 confls 4938096 constrs 1152 vars
c 6930000 confls 4939096 constrs 1152 vars
c 6931000 confls 4940096 constrs 1152 vars
c 6932000 confls 4941096 constrs 1152 vars
c 6933000 confls 4942096 constrs 1152 vars
c 6934000 confls 4943096 constrs 1152 vars
c 6935000 confls 4944096 constrs 1152 vars
c 6936000 confls 4945096 constrs 1152 vars
c INPROCESSING 8.05461 proptime 465562 prop/sec 18.6228 prop/ca
c 6937000 confls 4936431 constrs 1152 vars
c 6938000 confls 4937431 constrs 1152 vars
c 6939000 confls 4938431 constrs 1152 vars
c 6940000 confls 4939431 constrs 1152 vars
c 6941000 confls 4940431 constrs 1152 vars
c 6942000 confls 4941431 constrs 1152 vars
c 6943000 confls 4942431 constrs 1152 vars
c 6944000 confls 4943431 constrs 1152 vars
c 6945000 confls 4944431 constrs 1152 vars
c 6946000 confls 4945431 constrs 1152 vars
c 6947000 confls 4946431 constrs 1152 vars
c INPROCESSING 8.46827 proptime 454468 prop/sec 18.1099 prop/ca
c 6948000 confls 4936794 constrs 1152 vars
c 6949000 confls 4937794 constrs 1152 vars
c 6950000 confls 4938794 constrs 1152 vars
c 6951000 confls 4939794 constrs 1152 vars
c 6952000 confls 4940794 constrs 1152 vars
c 6953000 confls 4941794 constrs 1152 vars
c 6954000 confls 4942794 constrs 1152 vars
c 6955000 confls 4943794 constrs 1152 vars
c 6956000 confls 4944794 constrs 1152 vars
c 6957000 confls 4945794 constrs 1152 vars
c INPROCESSING 8.7283 proptime 433278 prop/sec 19.5422 prop/ca
c 6958000 confls 4936790 constrs 1152 vars
c 6959000 confls 4937790 constrs 1152 vars
c 6960000 confls 4938790 constrs 1152 vars
c 6961000 confls 4939790 constrs 1152 vars
c 6962000 confls 4940790 constrs 1152 vars
c 6963000 confls 4941790 constrs 1152 vars
c 6964000 confls 4942790 constrs 1152 vars
c 6965000 confls 4943790 constrs 1152 vars
c 6966000 confls 4944790 constrs 1152 vars
c 6967000 confls 4945790 constrs 1152 vars
c INPROCESSING 8.61129 proptime 453718 prop/sec 18.6529 prop/ca
c 6968000 confls 4936282 constrs 1152 vars
c 6969000 confls 4937282 constrs 1152 vars
c 6970000 confls 4938282 constrs 1152 vars
c 6971000 confls 4939282 constrs 1152 vars
c 6972000 confls 4940282 constrs 1152 vars
c 6973000 confls 4941282 constrs 1152 vars
c 6974000 confls 4942282 constrs 1152 vars
c 6975000 confls 4943282 constrs 1152 vars
c 6976000 confls 4944282 constrs 1152 vars
c 6977000 confls 4945282 constrs 1152 vars
c 6978000 confls 4946282 constrs 1152 vars
c INPROCESSING 8.86577 proptime 483074 prop/sec 17.245 prop/ca
c 6979000 confls 4936667 constrs 1152 vars
c 6980000 confls 4937667 constrs 1152 vars
c 6981000 confls 4938667 constrs 1152 vars
c 6982000 confls 4939667 constrs 1152 vars
c 6983000 confls 4940667 constrs 1152 vars
c 6984000 confls 4941667 constrs 1152 vars
c 6985000 confls 4942667 constrs 1152 vars
c 6986000 confls 4943667 constrs 1152 vars
c 6987000 confls 4944667 constrs 1152 vars
c 6988000 confls 4945667 constrs 1152 vars
c INPROCESSING 8.54666 proptime 438770 prop/sec 19.6259 prop/ca
c 6989000 confls 4936818 constrs 1152 vars
c 6990000 confls 4937818 constrs 1152 vars
c 6991000 confls 4938818 constrs 1152 vars
c 6992000 confls 4939818 constrs 1152 vars
c 6993000 confls 4940818 constrs 1152 vars
c 6994000 confls 4941818 constrs 1152 vars
c 6995000 confls 4942818 constrs 1152 vars
c 6996000 confls 4943818 constrs 1152 vars
c 6997000 confls 4944818 constrs 1152 vars
c 6998000 confls 4945818 constrs 1152 vars
c 6999000 confls 4946818 constrs 1152 vars
c INPROCESSING 9.2391 proptime 481793 prop/sec 17.1246 prop/ca
c 7000000 confls 4936307 constrs 1152 vars
c 7001000 confls 4937307 constrs 1152 vars
c 7002000 confls 4938307 constrs 1152 vars
c 7003000 confls 4939307 constrs 1152 vars
c 7004000 confls 4940307 constrs 1152 vars
c 7005000 confls 4941307 constrs 1152 vars
c 7006000 confls 4942307 constrs 1152 vars
c 7007000 confls 4943307 constrs 1152 vars
c 7008000 confls 4944307 constrs 1152 vars
c 7009000 confls 4945307 constrs 1152 vars
c INPROCESSING 8.19939 proptime 504058 prop/sec 16.6512 prop/ca
c 7010000 confls 4935960 constrs 1152 vars
c 7011000 confls 4936960 constrs 1152 vars
c 7012000 confls 4937960 constrs 1152 vars
c 7013000 confls 4938960 constrs 1152 vars
c 7014000 confls 4939960 constrs 1152 vars
c 7015000 confls 4940960 constrs 1152 vars
c 7016000 confls 4941960 constrs 1152 vars
c 7017000 confls 4942960 constrs 1152 vars
c 7018000 confls 4943960 constrs 1152 vars
c 7019000 confls 4944960 constrs 1152 vars
c INPROCESSING 7.87584 proptime 525462 prop/sec 16.4788 prop/ca
c 7020000 confls 4935673 constrs 1152 vars
c 7021000 confls 4936673 constrs 1152 vars
c 7022000 confls 4937673 constrs 1152 vars
c 7023000 confls 4938673 constrs 1152 vars
c 7024000 confls 4939673 constrs 1152 vars
c 7025000 confls 4940673 constrs 1152 vars
c 7026000 confls 4941673 constrs 1152 vars
c 7027000 confls 4942673 constrs 1152 vars
c 7028000 confls 4943673 constrs 1152 vars
c 7029000 confls 4944673 constrs 1152 vars
c 7030000 confls 4945673 constrs 1152 vars
c INPROCESSING 9.38297 proptime 482936 prop/sec 17.5786 prop/ca
c 7031000 confls 4935921 constrs 1152 vars
c 7032000 confls 4936921 constrs 1152 vars
c 7033000 confls 4937921 constrs 1152 vars
c 7034000 confls 4938921 constrs 1152 vars
c 7035000 confls 4939921 constrs 1152 vars
c 7036000 confls 4940921 constrs 1152 vars
c 7037000 confls 4941921 constrs 1152 vars
c 7038000 confls 4942921 constrs 1152 vars
c 7039000 confls 4943921 constrs 1152 vars
c 7040000 confls 4944921 constrs 1152 vars
c INPROCESSING 8.39964 proptime 477694 prop/sec 17.6787 prop/ca
c 7041000 confls 4935775 constrs 1152 vars
c 7042000 confls 4936775 constrs 1152 vars
c 7043000 confls 4937775 constrs 1152 vars
c 7044000 confls 4938775 constrs 1152 vars
c 7045000 confls 4939775 constrs 1152 vars
c 7046000 confls 4940775 constrs 1152 vars
c 7047000 confls 4941775 constrs 1152 vars
c 7048000 confls 4942775 constrs 1152 vars
c 7049000 confls 4943775 constrs 1152 vars
c 7050000 confls 4944775 constrs 1152 vars
c INPROCESSING 8.98017 proptime 483986 prop/sec 16.3357 prop/ca
c 7051000 confls 4935627 constrs 1152 vars
c 7052000 confls 4936627 constrs 1152 vars
c 7053000 confls 4937627 constrs 1152 vars
c 7054000 confls 4938627 constrs 1152 vars
c 7055000 confls 4939627 constrs 1152 vars
c 7056000 confls 4940627 constrs 1152 vars
c 7057000 confls 4941627 constrs 1152 vars
c 7058000 confls 4942627 constrs 1152 vars
c 7059000 confls 4943627 constrs 1152 vars
c 7060000 confls 4944627 constrs 1152 vars
c 7061000 confls 4945627 constrs 1152 vars
c INPROCESSING 8.31118 proptime 496602 prop/sec 16.8191 prop/ca
c 7062000 confls 4936507 constrs 1152 vars
c 7063000 confls 4937507 constrs 1152 vars
c 7064000 confls 4938507 constrs 1152 vars
c 7065000 confls 4939507 constrs 1152 vars
c 7066000 confls 4940507 constrs 1152 vars
c 7067000 confls 4941507 constrs 1152 vars
c 7068000 confls 4942507 constrs 1152 vars
c 7069000 confls 4943507 constrs 1152 vars
c 7070000 confls 4944507 constrs 1152 vars
c 7071000 confls 4945507 constrs 1152 vars
c INPROCESSING 8.58015 proptime 446556 prop/sec 19.4955 prop/ca
c 7072000 confls 4936275 constrs 1152 vars
c 7073000 confls 4937275 constrs 1152 vars
c 7074000 confls 4938275 constrs 1152 vars
c 7075000 confls 4939275 constrs 1152 vars
c 7076000 confls 4940275 constrs 1152 vars
c 7077000 confls 4941275 constrs 1152 vars
c 7078000 confls 4942275 constrs 1152 vars
c 7079000 confls 4943275 constrs 1152 vars
c 7080000 confls 4944275 constrs 1152 vars
c 7081000 confls 4945275 constrs 1152 vars
c 7082000 confls 4946275 constrs 1152 vars
c INPROCESSING 8.39352 proptime 466095 prop/sec 18.1929 prop/ca
c 7083000 confls 4937328 constrs 1152 vars
c 7084000 confls 4938328 constrs 1152 vars
c 7085000 confls 4939328 constrs 1152 vars
c 7086000 confls 4940328 constrs 1152 vars
c 7087000 confls 4941328 constrs 1152 vars
c 7088000 confls 4942328 constrs 1152 vars
c 7089000 confls 4943328 constrs 1152 vars
c 7090000 confls 4944328 constrs 1152 vars
c 7091000 confls 4945328 constrs 1152 vars
c 7092000 confls 4946328 constrs 1152 vars
c INPROCESSING 9.44474 proptime 423707 prop/sec 19.6835 prop/ca
c 7093000 confls 4937041 constrs 1152 vars
c 7094000 confls 4938041 constrs 1152 vars
c 7095000 confls 4939041 constrs 1152 vars
c 7096000 confls 4940041 constrs 1152 vars
c 7097000 confls 4941041 constrs 1152 vars
c 7098000 confls 4942041 constrs 1152 vars
c 7099000 confls 4943041 constrs 1152 vars
c 7100000 confls 4944041 constrs 1152 vars
c 7101000 confls 4945041 constrs 1152 vars
c 7102000 confls 4946041 constrs 1152 vars
c INPROCESSING 8.91712 proptime 454450 prop/sec 18.4437 prop/ca
c 7103000 confls 4936381 constrs 1152 vars
c 7104000 confls 4937381 constrs 1152 vars
c 7105000 confls 4938381 constrs 1152 vars
c 7106000 confls 4939381 constrs 1152 vars
c 7107000 confls 4940381 constrs 1152 vars
c 7108000 confls 4941381 constrs 1152 vars
c 7109000 confls 4942381 constrs 1152 vars
c 7110000 confls 4943381 constrs 1152 vars
c 7111000 confls 4944381 constrs 1152 vars
c 7112000 confls 4945381 constrs 1152 vars
c 7113000 confls 4946381 constrs 1152 vars
c INPROCESSING 8.81155 proptime 457213 prop/sec 18.8397 prop/ca
c 7114000 confls 4936450 constrs 1152 vars
c 7115000 confls 4937450 constrs 1152 vars
c 7116000 confls 4938450 constrs 1152 vars
c 7117000 confls 4939450 constrs 1152 vars
c 7118000 confls 4940450 constrs 1152 vars
c 7119000 confls 4941450 constrs 1152 vars
c 7120000 confls 4942450 constrs 1152 vars
c 7121000 confls 4943450 constrs 1152 vars
c 7122000 confls 4944450 constrs 1152 vars
c 7123000 confls 4945450 constrs 1152 vars
c INPROCESSING 8.73662 proptime 435826 prop/sec 20.1157 prop/ca
c 7124000 confls 4936401 constrs 1152 vars
c 7125000 confls 4937401 constrs 1152 vars
c 7126000 confls 4938401 constrs 1152 vars
c 7127000 confls 4939401 constrs 1152 vars
c 7128000 confls 4940401 constrs 1152 vars
c 7129000 confls 4941401 constrs 1152 vars
c 7130000 confls 4942401 constrs 1152 vars
c 7131000 confls 4943401 constrs 1152 vars
c 7132000 confls 4944401 constrs 1152 vars
c 7133000 confls 4945401 constrs 1152 vars
c 7134000 confls 4946401 constrs 1152 vars
c INPROCESSING 9.44895 proptime 393340 prop/sec 21.1342 prop/ca
c 7135000 confls 4936986 constrs 1152 vars
c 7136000 confls 4937986 constrs 1152 vars
c 7137000 confls 4938986 constrs 1152 vars
c 7138000 confls 4939986 constrs 1152 vars
c 7139000 confls 4940986 constrs 1152 vars
c 7140000 confls 4941986 constrs 1152 vars
c 7141000 confls 4942986 constrs 1152 vars
c 7142000 confls 4943986 constrs 1152 vars
c 7143000 confls 4944986 constrs 1152 vars
c 7144000 confls 4945986 constrs 1152 vars
c INPROCESSING 8.21172 proptime 458943 prop/sec 18.1539 prop/ca
c 7145000 confls 4936840 constrs 1152 vars
c 7146000 confls 4937840 constrs 1152 vars
c 7147000 confls 4938840 constrs 1152 vars
c 7148000 confls 4939840 constrs 1152 vars
c 7149000 confls 4940840 constrs 1152 vars
c 7150000 confls 4941840 constrs 1152 vars
c 7151000 confls 4942840 constrs 1152 vars
c 7152000 confls 4943840 constrs 1152 vars
c 7153000 confls 4944840 constrs 1152 vars
c 7154000 confls 4945840 constrs 1152 vars
c INPROCESSING 8.72437 proptime 447104 prop/sec 16.8549 prop/ca
c 7155000 confls 4936439 constrs 1152 vars
c 7156000 confls 4937439 constrs 1152 vars
c 7157000 confls 4938439 constrs 1152 vars
c 7158000 confls 4939439 constrs 1152 vars
c 7159000 confls 4940439 constrs 1152 vars
c 7160000 confls 4941439 constrs 1152 vars
c 7161000 confls 4942439 constrs 1152 vars
c 7162000 confls 4943439 constrs 1152 vars
c 7163000 confls 4944439 constrs 1152 vars
c 7164000 confls 4945439 constrs 1152 vars
c 7165000 confls 4946439 constrs 1152 vars
c INPROCESSING 8.43331 proptime 505704 prop/sec 13.8168 prop/ca
c 7166000 confls 4936394 constrs 1152 vars
c 7167000 confls 4937394 constrs 1152 vars
c 7168000 confls 4938394 constrs 1152 vars
c 7169000 confls 4939394 constrs 1152 vars
c 7170000 confls 4940394 constrs 1152 vars
c 7171000 confls 4941394 constrs 1152 vars
c 7172000 confls 4942394 constrs 1152 vars
c 7173000 confls 4943394 constrs 1152 vars
c 7174000 confls 4944394 constrs 1152 vars
c 7175000 confls 4945394 constrs 1152 vars
c INPROCESSING 8.38888 proptime 443356 prop/sec 19.6137 prop/ca
c 7176000 confls 4936623 constrs 1152 vars
c 7177000 confls 4937623 constrs 1152 vars
c 7178000 confls 4938623 constrs 1152 vars
c 7179000 confls 4939623 constrs 1152 vars
c 7180000 confls 4940623 constrs 1152 vars
c 7181000 confls 4941623 constrs 1152 vars
c 7182000 confls 4942623 constrs 1152 vars
c 7183000 confls 4943623 constrs 1152 vars
c 7184000 confls 4944623 constrs 1152 vars
c 7185000 confls 4945623 constrs 1152 vars
c 7186000 confls 4946623 constrs 1152 vars
c INPROCESSING 9.11557 proptime 442892 prop/sec 18.4428 prop/ca
c 7187000 confls 4937327 constrs 1152 vars
c 7188000 confls 4938327 constrs 1152 vars
c 7189000 confls 4939327 constrs 1152 vars
c 7190000 confls 4940327 constrs 1152 vars
c 7191000 confls 4941327 constrs 1152 vars
c 7192000 confls 4942327 constrs 1152 vars
c 7193000 confls 4943327 constrs 1152 vars
c 7194000 confls 4944327 constrs 1152 vars
c 7195000 confls 4945327 constrs 1152 vars
c 7196000 confls 4946327 constrs 1152 vars
c INPROCESSING 9.06423 proptime 422636 prop/sec 19.211 prop/ca
c 7197000 confls 4936537 constrs 1152 vars
c 7198000 confls 4937537 constrs 1152 vars
c 7199000 confls 4938537 constrs 1152 vars
c 7200000 confls 4939537 constrs 1152 vars
c 7201000 confls 4940537 constrs 1152 vars
c 7202000 confls 4941537 constrs 1152 vars
c 7203000 confls 4942537 constrs 1152 vars
c 7204000 confls 4943537 constrs 1152 vars
c 7205000 confls 4944537 constrs 1152 vars
c 7206000 confls 4945537 constrs 1152 vars
c INPROCESSING 9.5114 proptime 413277 prop/sec 19.6788 prop/ca
c 7207000 confls 4936853 constrs 1152 vars
c 7208000 confls 4937853 constrs 1152 vars
c 7209000 confls 4938853 constrs 1152 vars
c 7210000 confls 4939853 constrs 1152 vars
c 7211000 confls 4940853 constrs 1152 vars
c 7212000 confls 4941853 constrs 1152 vars
c 7213000 confls 4942853 constrs 1152 vars
c 7214000 confls 4943853 constrs 1152 vars
c 7215000 confls 4944853 constrs 1152 vars
c 7216000 confls 4945853 constrs 1152 vars
c 7217000 confls 4946853 constrs 1152 vars
c INPROCESSING 8.00508 proptime 509576 prop/sec 17.9724 prop/ca
c 7218000 confls 4936286 constrs 1152 vars
c 7219000 confls 4937286 constrs 1152 vars
c 7220000 confls 4938286 constrs 1152 vars
c 7221000 confls 4939286 constrs 1152 vars
c 7222000 confls 4940286 constrs 1152 vars
c 7223000 confls 4941286 constrs 1152 vars
c 7224000 confls 4942286 constrs 1152 vars
c 7225000 confls 4943286 constrs 1152 vars
c 7226000 confls 4944286 constrs 1152 vars
c 7227000 confls 4945286 constrs 1152 vars
c INPROCESSING 9.02004 proptime 424496 prop/sec 19.5069 prop/ca
c 7228000 confls 4936086 constrs 1152 vars
c 7229000 confls 4937086 constrs 1152 vars
c 7230000 confls 4938086 constrs 1152 vars
c 7231000 confls 4939086 constrs 1152 vars
c 7232000 confls 4940086 constrs 1152 vars
c 7233000 confls 4941086 constrs 1152 vars
c 7234000 confls 4942086 constrs 1152 vars
c 7235000 confls 4943086 constrs 1152 vars
c 7236000 confls 4944086 constrs 1152 vars
c 7237000 confls 4945086 constrs 1152 vars
c 7238000 confls 4946086 constrs 1152 vars
c INPROCESSING 10.0382 proptime 407885 prop/sec 19.2909 prop/ca
c 7239000 confls 4936675 constrs 1152 vars
c 7240000 confls 4937676 constrs 1152 vars
c 7241000 confls 4938676 constrs 1152 vars
c 7242000 confls 4939676 constrs 1152 vars
c 7243000 confls 4940676 constrs 1152 vars
c 7244000 confls 4941676 constrs 1152 vars
c 7245000 confls 4942676 constrs 1152 vars
c 7246000 confls 4943676 constrs 1152 vars
c 7247000 confls 4944676 constrs 1152 vars
c 7248000 confls 4945676 constrs 1152 vars
c INPROCESSING 9.04671 proptime 438597 prop/sec 19.0119 prop/ca
c 7249000 confls 4936661 constrs 1152 vars
c 7250000 confls 4937661 constrs 1152 vars
c 7251000 confls 4938661 constrs 1152 vars
c 7252000 confls 4939661 constrs 1152 vars
c 7253000 confls 4940661 constrs 1152 vars
c 7254000 confls 4941661 constrs 1152 vars
c 7255000 confls 4942661 constrs 1152 vars
c 7256000 confls 4943661 constrs 1152 vars
c 7257000 confls 4944661 constrs 1152 vars
c 7258000 confls 4945661 constrs 1152 vars
c INPROCESSING 8.4292 proptime 480067 prop/sec 18.1165 prop/ca
c 7259000 confls 4935932 constrs 1152 vars
c 7260000 confls 4936932 constrs 1152 vars
c 7261000 confls 4937932 constrs 1152 vars
c 7262000 confls 4938932 constrs 1152 vars
c 7263000 confls 4939932 constrs 1152 vars
c 7264000 confls 4940932 constrs 1152 vars
c 7265000 confls 4941932 constrs 1152 vars
c 7266000 confls 4942932 constrs 1152 vars
c 7267000 confls 4943932 constrs 1152 vars
c 7268000 confls 4944932 constrs 1152 vars
c 7269000 confls 4945932 constrs 1152 vars
c INPROCESSING 8.89975 proptime 495433 prop/sec 16.1706 prop/ca
c 7270000 confls 4935998 constrs 1152 vars
c 7271000 confls 4936998 constrs 1152 vars
c 7272000 confls 4937998 constrs 1152 vars
c 7273000 confls 4938998 constrs 1152 vars
c 7274000 confls 4939998 constrs 1152 vars
c 7275000 confls 4940998 constrs 1152 vars
c 7276000 confls 4941998 constrs 1152 vars
c 7277000 confls 4942998 constrs 1152 vars
c 7278000 confls 4943998 constrs 1152 vars
c 7279000 confls 4944998 constrs 1152 vars
c INPROCESSING 8.61859 proptime 501907 prop/sec 15.8405 prop/ca
c 7280000 confls 4935567 constrs 1152 vars
c 7281000 confls 4936567 constrs 1152 vars
c 7282000 confls 4937567 constrs 1152 vars
c 7283000 confls 4938567 constrs 1152 vars
c 7284000 confls 4939567 constrs 1152 vars
c 7285000 confls 4940567 constrs 1152 vars
c 7286000 confls 4941567 constrs 1152 vars
c 7287000 confls 4942567 constrs 1152 vars
c 7288000 confls 4943567 constrs 1152 vars
c 7289000 confls 4944567 constrs 1152 vars
c 7290000 confls 4945567 constrs 1152 vars
c INPROCESSING 8.54054 proptime 517818 prop/sec 14.7388 prop/ca
c 7291000 confls 4935992 constrs 1152 vars
c 7292000 confls 4936992 constrs 1152 vars
c 7293000 confls 4937992 constrs 1152 vars
c 7294000 confls 4938992 constrs 1152 vars
c 7295000 confls 4939992 constrs 1152 vars
c 7296000 confls 4940992 constrs 1152 vars
c 7297000 confls 4941992 constrs 1152 vars
c 7298000 confls 4942992 constrs 1152 vars
c 7299000 confls 4943992 constrs 1152 vars
c 7300000 confls 4944992 constrs 1152 vars
c INPROCESSING 8.6625 proptime 487843 prop/sec 16.4876 prop/ca
c 7301000 confls 4935892 constrs 1152 vars
c 7302000 confls 4936892 constrs 1152 vars
c 7303000 confls 4937892 constrs 1152 vars
c 7304000 confls 4938892 constrs 1152 vars
c 7305000 confls 4939892 constrs 1152 vars
c 7306000 confls 4940892 constrs 1152 vars
c 7307000 confls 4941892 constrs 1152 vars
c 7308000 confls 4942892 constrs 1152 vars
c 7309000 confls 4943892 constrs 1152 vars
c 7310000 confls 4944892 constrs 1152 vars
c 7311000 confls 4945892 constrs 1152 vars
c INPROCESSING 8.12801 proptime 455925 prop/sec 20.6157 prop/ca
c 7312000 confls 4937307 constrs 1152 vars
c 7313000 confls 4938307 constrs 1152 vars
c 7314000 confls 4939307 constrs 1152 vars
c 7315000 confls 4940307 constrs 1152 vars
c 7316000 confls 4941307 constrs 1152 vars
c 7317000 confls 4942307 constrs 1152 vars
c 7318000 confls 4943307 constrs 1152 vars
c 7319000 confls 4944307 constrs 1152 vars
c 7320000 confls 4945307 constrs 1152 vars
c 7321000 confls 4946307 constrs 1152 vars
c INPROCESSING 9.47425 proptime 398377 prop/sec 21.1159 prop/ca
c 7322000 confls 4937271 constrs 1152 vars
c 7323000 confls 4938271 constrs 1152 vars
c 7324000 confls 4939271 constrs 1152 vars
c 7325000 confls 4940271 constrs 1152 vars
c 7326000 confls 4941271 constrs 1152 vars
c 7327000 confls 4942271 constrs 1152 vars
c 7328000 confls 4943271 constrs 1152 vars
c 7329000 confls 4944271 constrs 1152 vars
c 7330000 confls 4945271 constrs 1152 vars
c 7331000 confls 4946271 constrs 1152 vars
c INPROCESSING 8.98531 proptime 421517 prop/sec 19.4556 prop/ca
c 7332000 confls 4936123 constrs 1152 vars
c 7333000 confls 4937123 constrs 1152 vars
c 7334000 confls 4938123 constrs 1152 vars
c 7335000 confls 4939123 constrs 1152 vars
c 7336000 confls 4940123 constrs 1152 vars
c 7337000 confls 4941123 constrs 1152 vars
c 7338000 confls 4942123 constrs 1152 vars
c 7339000 confls 4943124 constrs 1152 vars
c 7340000 confls 4944124 constrs 1152 vars
c 7341000 confls 4945124 constrs 1152 vars
c 7342000 confls 4946124 constrs 1152 vars
c INPROCESSING 8.56436 proptime 474410 prop/sec 17.7396 prop/ca
c 7343000 confls 4937091 constrs 1152 vars
c 7344000 confls 4938091 constrs 1152 vars
c 7345000 confls 4939091 constrs 1152 vars
c 7346000 confls 4940091 constrs 1152 vars
c 7347000 confls 4941091 constrs 1152 vars
c 7348000 confls 4942091 constrs 1152 vars
c 7349000 confls 4943091 constrs 1152 vars
c 7350000 confls 4944091 constrs 1152 vars
c 7351000 confls 4945091 constrs 1152 vars
c 7352000 confls 4946091 constrs 1152 vars
c INPROCESSING 9.57222 proptime 431779 prop/sec 19.1919 prop/ca
c 7353000 confls 4936118 constrs 1152 vars
c 7354000 confls 4937118 constrs 1152 vars
c 7355000 confls 4938118 constrs 1152 vars
c 7356000 confls 4939118 constrs 1152 vars
c 7357000 confls 4940118 constrs 1152 vars
c 7358000 confls 4941118 constrs 1152 vars
c 7359000 confls 4942118 constrs 1152 vars
c 7360000 confls 4943118 constrs 1152 vars
c 7361000 confls 4944118 constrs 1152 vars
c 7362000 confls 4945118 constrs 1152 vars
c 7363000 confls 4946118 constrs 1152 vars
c INPROCESSING 9.12205 proptime 438221 prop/sec 19.4104 prop/ca
c 7364000 confls 4936645 constrs 1152 vars
c 7365000 confls 4937645 constrs 1152 vars
c 7366000 confls 4938645 constrs 1152 vars
c 7367000 confls 4939645 constrs 1152 vars
c 7368000 confls 4940645 constrs 1152 vars
c 7369000 confls 4941645 constrs 1152 vars
c 7370000 confls 4942645 constrs 1152 vars
c 7371000 confls 4943645 constrs 1152 vars
c 7372000 confls 4944645 constrs 1152 vars
c 7373000 confls 4945645 constrs 1152 vars
c INPROCESSING 9.9407 proptime 394733 prop/sec 20.5882 prop/ca
c 7374000 confls 4937163 constrs 1152 vars
c 7375000 confls 4938163 constrs 1152 vars
c 7376000 confls 4939163 constrs 1152 vars
c 7377000 confls 4940163 constrs 1152 vars
c 7378000 confls 4941163 constrs 1152 vars
c 7379000 confls 4942163 constrs 1152 vars
c 7380000 confls 4943163 constrs 1152 vars
c 7381000 confls 4944163 constrs 1152 vars
c 7382000 confls 4945163 constrs 1152 vars
c 7383000 confls 4946163 constrs 1152 vars
c INPROCESSING 8.93452 proptime 444623 prop/sec 19.3556 prop/ca
c 7384000 confls 4936476 constrs 1152 vars
c 7385000 confls 4937476 constrs 1152 vars
c 7386000 confls 4938476 constrs 1152 vars
c 7387000 confls 4939476 constrs 1152 vars
c 7388000 confls 4940476 constrs 1152 vars
c 7389000 confls 4941476 constrs 1152 vars
c 7390000 confls 4942476 constrs 1152 vars
c 7391000 confls 4943476 constrs 1152 vars
c 7392000 confls 4944476 constrs 1152 vars
c 7393000 confls 4945476 constrs 1152 vars
c 7394000 confls 4946476 constrs 1152 vars
c INPROCESSING 8.76972 proptime 487287 prop/sec 16.7448 prop/ca
c 7395000 confls 4936583 constrs 1152 vars
c 7396000 confls 4937583 constrs 1152 vars
c 7397000 confls 4938583 constrs 1152 vars
c 7398000 confls 4939583 constrs 1152 vars
c 7399000 confls 4940583 constrs 1152 vars
c 7400000 confls 4941583 constrs 1152 vars
c 7401000 confls 4942583 constrs 1152 vars
c 7402000 confls 4943583 constrs 1152 vars
c 7403000 confls 4944583 constrs 1152 vars
c 7404000 confls 4945583 constrs 1152 vars
c INPROCESSING 8.03255 proptime 505645 prop/sec 17.7738 prop/ca
c 7405000 confls 4935698 constrs 1152 vars
c 7406000 confls 4936698 constrs 1152 vars
c 7407000 confls 4937698 constrs 1152 vars
c 7408000 confls 4938698 constrs 1152 vars
c 7409000 confls 4939698 constrs 1152 vars
c 7410000 confls 4940698 constrs 1152 vars
c 7411000 confls 4941698 constrs 1152 vars
c 7412000 confls 4942698 constrs 1152 vars
c 7413000 confls 4943698 constrs 1152 vars
c 7414000 confls 4944698 constrs 1152 vars
c 7415000 confls 4945698 constrs 1152 vars
c INPROCESSING 8.59903 proptime 440446 prop/sec 19.1285 prop/ca
c 7416000 confls 4937316 constrs 1152 vars
c 7417000 confls 4938316 constrs 1152 vars
c 7418000 confls 4939316 constrs 1152 vars
c 7419000 confls 4940316 constrs 1152 vars
c 7420000 confls 4941316 constrs 1152 vars
c 7421000 confls 4942316 constrs 1152 vars
c 7422000 confls 4943316 constrs 1152 vars
c 7423000 confls 4944316 constrs 1152 vars
c 7424000 confls 4945316 constrs 1152 vars
c 7425000 confls 4946316 constrs 1152 vars
c INPROCESSING 9.01223 proptime 441187 prop/sec 18.8942 prop/ca
c 7426000 confls 4936186 constrs 1152 vars
c 7427000 confls 4937186 constrs 1152 vars
c 7428000 confls 4938186 constrs 1152 vars
c 7429000 confls 4939186 constrs 1152 vars
c 7430000 confls 4940186 constrs 1152 vars
c 7431000 confls 4941186 constrs 1152 vars
c 7432000 confls 4942186 constrs 1152 vars
c 7433000 confls 4943186 constrs 1152 vars
c 7434000 confls 4944186 constrs 1152 vars
c 7435000 confls 4945186 constrs 1152 vars
c 7436000 confls 4946186 constrs 1152 vars
c INPROCESSING 8.36101 proptime 449949 prop/sec 19.151 prop/ca
c 7437000 confls 4937354 constrs 1152 vars
c 7438000 confls 4938354 constrs 1152 vars
c 7439000 confls 4939354 constrs 1152 vars
c 7440000 confls 4940354 constrs 1152 vars
c 7441000 confls 4941354 constrs 1152 vars
c 7442000 confls 4942354 constrs 1152 vars
c 7443000 confls 4943354 constrs 1152 vars
c 7444000 confls 4944354 constrs 1152 vars
c 7445000 confls 4945354 constrs 1152 vars
c 7446000 confls 4946354 constrs 1152 vars
c INPROCESSING 8.25636 proptime 493556 prop/sec 17.5454 prop/ca
c 7447000 confls 4936129 constrs 1152 vars
c 7448000 confls 4937129 constrs 1152 vars
c 7449000 confls 4938129 constrs 1152 vars
c 7450000 confls 4939129 constrs 1152 vars
c 7451000 confls 4940129 constrs 1152 vars
c 7452000 confls 4941129 constrs 1152 vars
c 7453000 confls 4942129 constrs 1152 vars
c 7454000 confls 4943129 constrs 1152 vars
c 7455000 confls 4944129 constrs 1152 vars
c 7456000 confls 4945129 constrs 1152 vars
c INPROCESSING 8.70267 proptime 448017 prop/sec 19.0124 prop/ca
c 7457000 confls 4936103 constrs 1152 vars
c 7458000 confls 4937103 constrs 1152 vars
c 7459000 confls 4938103 constrs 1152 vars
c 7460000 confls 4939103 constrs 1152 vars
c 7461000 confls 4940103 constrs 1152 vars
c 7462000 confls 4941103 constrs 1152 vars
c 7463000 confls 4942103 constrs 1152 vars
c 7464000 confls 4943103 constrs 1152 vars
c 7465000 confls 4944103 constrs 1152 vars
c 7466000 confls 4945103 constrs 1152 vars
c 7467000 confls 4946103 constrs 1152 vars
c INPROCESSING 8.89869 proptime 453254 prop/sec 18.5098 prop/ca
c 7468000 confls 4936591 constrs 1152 vars
c 7469000 confls 4937591 constrs 1152 vars
c 7470000 confls 4938591 constrs 1152 vars
c 7471000 confls 4939591 constrs 1152 vars
c 7472000 confls 4940591 constrs 1152 vars
c 7473000 confls 4941591 constrs 1152 vars
c 7474000 confls 4942591 constrs 1152 vars
c 7475000 confls 4943591 constrs 1152 vars
c 7476000 confls 4944591 constrs 1152 vars
c 7477000 confls 4945591 constrs 1152 vars
c INPROCESSING 9.32677 proptime 423036 prop/sec 18.1845 prop/ca
c 7478000 confls 4936113 constrs 1152 vars
c 7479000 confls 4937113 constrs 1152 vars
c 7480000 confls 4938113 constrs 1152 vars
c 7481000 confls 4939113 constrs 1152 vars
c 7482000 confls 4940113 constrs 1152 vars
c 7483000 confls 4941113 constrs 1152 vars
c 7484000 confls 4942113 constrs 1152 vars
c 7485000 confls 4943113 constrs 1152 vars
c 7486000 confls 4944113 constrs 1152 vars
c 7487000 confls 4945113 constrs 1152 vars
c 7488000 confls 4946113 constrs 1152 vars
c INPROCESSING 9.20531 proptime 443993 prop/sec 18.7032 prop/ca
c 7489000 confls 4936571 constrs 1152 vars
c 7490000 confls 4937571 constrs 1152 vars
c 7491000 confls 4938571 constrs 1152 vars
c 7492000 confls 4939571 constrs 1152 vars
c 7493000 confls 4940571 constrs 1152 vars
c 7494000 confls 4941571 constrs 1152 vars
c 7495000 confls 4942571 constrs 1152 vars
c 7496000 confls 4943571 constrs 1152 vars
c 7497000 confls 4944571 constrs 1152 vars
c 7498000 confls 4945571 constrs 1152 vars
c INPROCESSING 8.32287 proptime 513818 prop/sec 17.4954 prop/ca
c 7499000 confls 4936183 constrs 1152 vars
c 7500000 confls 4937183 constrs 1152 vars
c 7501000 confls 4938183 constrs 1152 vars
c 7502000 confls 4939183 constrs 1152 vars
c 7503000 confls 4940183 constrs 1152 vars
c 7504000 confls 4941183 constrs 1152 vars
c 7505000 confls 4942183 constrs 1152 vars
c 7506000 confls 4943183 constrs 1152 vars
c 7507000 confls 4944183 constrs 1152 vars
c 7508000 confls 4945183 constrs 1152 vars
c 7509000 confls 4946183 constrs 1152 vars
c INPROCESSING 8.63437 proptime 456923 prop/sec 18.3109 prop/ca
c 7510000 confls 4936914 constrs 1152 vars
c 7511000 confls 4937914 constrs 1152 vars
c 7512000 confls 4938914 constrs 1152 vars
c 7513000 confls 4939914 constrs 1152 vars
c 7514000 confls 4940914 constrs 1152 vars
c 7515000 confls 4941914 constrs 1152 vars
c 7516000 confls 4942914 constrs 1152 vars
c 7517000 confls 4943914 constrs 1152 vars
c 7518000 confls 4944914 constrs 1152 vars
c 7519000 confls 4945914 constrs 1152 vars
c INPROCESSING 8.96622 proptime 492953 prop/sec 16.6067 prop/ca
c 7520000 confls 4936118 constrs 1152 vars
c 7521000 confls 4937118 constrs 1152 vars
c 7522000 confls 4938118 constrs 1152 vars
c 7523000 confls 4939118 constrs 1152 vars
c 7524000 confls 4940118 constrs 1152 vars
c 7525000 confls 4941118 constrs 1152 vars
c 7526000 confls 4942118 constrs 1152 vars
c 7527000 confls 4943118 constrs 1152 vars
c 7528000 confls 4944118 constrs 1152 vars
c 7529000 confls 4945118 constrs 1152 vars
c INPROCESSING 8.34565 proptime 536124 prop/sec 14.8785 prop/ca
c 7530000 confls 4935144 constrs 1152 vars
c 7531000 confls 4936144 constrs 1152 vars
c 7532000 confls 4937144 constrs 1152 vars
c 7533000 confls 4938144 constrs 1152 vars
c 7534000 confls 4939144 constrs 1152 vars
c 7535000 confls 4940144 constrs 1152 vars
c 7536000 confls 4941144 constrs 1152 vars
c 7537000 confls 4942144 constrs 1152 vars
c 7538000 confls 4943144 constrs 1152 vars
c 7539000 confls 4944144 constrs 1152 vars
c 7540000 confls 4945144 constrs 1152 vars
c INPROCESSING 8.09331 proptime 475421 prop/sec 17.698 prop/ca
c 7541000 confls 4936189 constrs 1152 vars
c 7542000 confls 4937189 constrs 1152 vars
c 7543000 confls 4938189 constrs 1152 vars
c 7544000 confls 4939189 constrs 1152 vars
c 7545000 confls 4940189 constrs 1152 vars
c 7546000 confls 4941189 constrs 1152 vars
c 7547000 confls 4942189 constrs 1152 vars
c 7548000 confls 4943189 constrs 1152 vars
c 7549000 confls 4944189 constrs 1152 vars
c 7550000 confls 4945189 constrs 1152 vars
c INPROCESSING 8.29128 proptime 544003 prop/sec 15.9064 prop/ca
c 7551000 confls 4935609 constrs 1152 vars
c 7552000 confls 4936609 constrs 1152 vars
c 7553000 confls 4937609 constrs 1152 vars
c 7554000 confls 4938609 constrs 1152 vars
c 7555000 confls 4939609 constrs 1152 vars
c 7556000 confls 4940609 constrs 1152 vars
c 7557000 confls 4941609 constrs 1152 vars
c 7558000 confls 4942609 constrs 1152 vars
c 7559000 confls 4943609 constrs 1152 vars
c 7560000 confls 4944609 constrs 1152 vars
c 7561000 confls 4945609 constrs 1152 vars
c INPROCESSING 8.954 proptime 443329 prop/sec 17.9006 prop/ca
c 7562000 confls 4936751 constrs 1152 vars
c 7563000 confls 4937751 constrs 1152 vars
c 7564000 confls 4938751 constrs 1152 vars
c 7565000 confls 4939751 constrs 1152 vars
c 7566000 confls 4940751 constrs 1152 vars
c 7567000 confls 4941751 constrs 1152 vars
c 7568000 confls 4942751 constrs 1152 vars
c 7569000 confls 4943751 constrs 1152 vars
c 7570000 confls 4944751 constrs 1152 vars
c 7571000 confls 4945751 constrs 1152 vars
c INPROCESSING 8.67173 proptime 515322 prop/sec 15.2803 prop/ca
c 7572000 confls 4936033 constrs 1152 vars
c 7573000 confls 4937033 constrs 1152 vars
c 7574000 confls 4938033 constrs 1152 vars
c 7575000 confls 4939033 constrs 1152 vars
c 7576000 confls 4940033 constrs 1152 vars
c 7577000 confls 4941033 constrs 1152 vars
c 7578000 confls 4942033 constrs 1152 vars
c 7579000 confls 4943033 constrs 1152 vars
c 7580000 confls 4944033 constrs 1152 vars
c 7581000 confls 4945033 constrs 1152 vars
c 7582000 confls 4946033 constrs 1152 vars
c INPROCESSING 8.88956 proptime 411513 prop/sec 19.7636 prop/ca
c 7583000 confls 4937063 constrs 1152 vars
c 7584000 confls 4938063 constrs 1152 vars
c 7585000 confls 4939063 constrs 1152 vars
c 7586000 confls 4940063 constrs 1152 vars
c 7587000 confls 4941063 constrs 1152 vars
c 7588000 confls 4942063 constrs 1152 vars
c 7589000 confls 4943063 constrs 1152 vars
c 7590000 confls 4944063 constrs 1152 vars
c 7591000 confls 4945063 constrs 1152 vars
c 7592000 confls 4946063 constrs 1152 vars
c INPROCESSING 9.06534 proptime 507417 prop/sec 16.7596 prop/ca
c 7593000 confls 4935664 constrs 1152 vars
c 7594000 confls 4936664 constrs 1152 vars
c 7595000 confls 4937664 constrs 1152 vars
c 7596000 confls 4938664 constrs 1152 vars
c 7597000 confls 4939664 constrs 1152 vars
c 7598000 confls 4940664 constrs 1152 vars
c 7599000 confls 4941664 constrs 1152 vars
c 7600000 confls 4942664 constrs 1152 vars
c 7601000 confls 4943664 constrs 1152 vars
c 7602000 confls 4944664 constrs 1152 vars
c 7603000 confls 4945664 constrs 1152 vars
c INPROCESSING 7.85627 proptime 539499 prop/sec 16.3073 prop/ca
c 7604000 confls 4936521 constrs 1152 vars
c 7605000 confls 4937521 constrs 1152 vars
c 7606000 confls 4938521 constrs 1152 vars
c 7607000 confls 4939521 constrs 1152 vars
c 7608000 confls 4940521 constrs 1152 vars
c 7609000 confls 4941521 constrs 1152 vars
c 7610000 confls 4942521 constrs 1152 vars
c 7611000 confls 4943521 constrs 1152 vars
c 7612000 confls 4944521 constrs 1152 vars
c 7613000 confls 4945521 constrs 1152 vars
c INPROCESSING 8.44488 proptime 545759 prop/sec 15.0339 prop/ca
c 7614000 confls 4935607 constrs 1152 vars
c 7615000 confls 4936607 constrs 1152 vars
c 7616000 confls 4937607 constrs 1152 vars
c 7617000 confls 4938607 constrs 1152 vars
c 7618000 confls 4939607 constrs 1152 vars
c 7619000 confls 4940607 constrs 1152 vars
c 7620000 confls 4941607 constrs 1152 vars
c 7621000 confls 4942607 constrs 1152 vars
c 7622000 confls 4943607 constrs 1152 vars
c 7623000 confls 4944607 constrs 1152 vars
c INPROCESSING 8.40175 proptime 539544 prop/sec 16.0034 prop/ca
c 7624000 confls 4935229 constrs 1152 vars
c 7625000 confls 4936229 constrs 1152 vars
c 7626000 confls 4937229 constrs 1152 vars
c 7627000 confls 4938229 constrs 1152 vars
c 7628000 confls 4939229 constrs 1152 vars
c 7629000 confls 4940229 constrs 1152 vars
c 7630000 confls 4941229 constrs 1152 vars
c 7631000 confls 4942229 constrs 1152 vars
c 7632000 confls 4943229 constrs 1152 vars
c 7633000 confls 4944229 constrs 1152 vars
c 7634000 confls 4945229 constrs 1152 vars
c INPROCESSING 9.60836 proptime 476737 prop/sec 15.9692 prop/ca
c 7635000 confls 4935957 constrs 1152 vars
c 7636000 confls 4936957 constrs 1152 vars
c 7637000 confls 4937957 constrs 1152 vars
c 7638000 confls 4938957 constrs 1152 vars
c 7639000 confls 4939957 constrs 1152 vars
c 7640000 confls 4940957 constrs 1152 vars
c 7641000 confls 4941957 constrs 1152 vars
c 7642000 confls 4942957 constrs 1152 vars
c 7643000 confls 4943957 constrs 1152 vars
c 7644000 confls 4944957 constrs 1152 vars
c INPROCESSING 8.26511 proptime 497720 prop/sec 15.7063 prop/ca
c 7645000 confls 4935579 constrs 1152 vars
c 7646000 confls 4936579 constrs 1152 vars
c 7647000 confls 4937579 constrs 1152 vars
c 7648000 confls 4938579 constrs 1152 vars
c 7649000 confls 4939579 constrs 1152 vars
c 7650000 confls 4940579 constrs 1152 vars
c 7651000 confls 4941579 constrs 1152 vars
c 7652000 confls 4942579 constrs 1152 vars
c 7653000 confls 4943579 constrs 1152 vars
c 7654000 confls 4944579 constrs 1152 vars
c 7655000 confls 4945579 constrs 1152 vars
c INPROCESSING 9.53953 proptime 391168 prop/sec 20.8997 prop/ca
c 7656000 confls 4937640 constrs 1152 vars
c 7657000 confls 4938640 constrs 1152 vars
c 7658000 confls 4939640 constrs 1152 vars
c 7659000 confls 4940640 constrs 1152 vars
c 7660000 confls 4941640 constrs 1152 vars
c 7661000 confls 4942640 constrs 1152 vars
c 7662000 confls 4943640 constrs 1152 vars
c 7663000 confls 4944640 constrs 1152 vars
c 7664000 confls 4945640 constrs 1152 vars
c 7665000 confls 4946640 constrs 1152 vars
c INPROCESSING 8.75404 proptime 516995 prop/sec 14.9756 prop/ca
c 7666000 confls 4935819 constrs 1152 vars
c 7667000 confls 4936819 constrs 1152 vars
c 7668000 confls 4937819 constrs 1152 vars
c 7669000 confls 4938819 constrs 1152 vars
c 7670000 confls 4939819 constrs 1152 vars
c 7671000 confls 4940819 constrs 1152 vars
c 7672000 confls 4941819 constrs 1152 vars
c 7673000 confls 4942819 constrs 1152 vars
c 7674000 confls 4943819 constrs 1152 vars
c 7675000 confls 4944819 constrs 1152 vars
c 7676000 confls 4945819 constrs 1152 vars
c INPROCESSING 8.71037 proptime 514853 prop/sec 14.2034 prop/ca
c 7677000 confls 4936364 constrs 1152 vars
c 7678000 confls 4937364 constrs 1152 vars
c 7679000 confls 4938364 constrs 1152 vars
c 7680000 confls 4939364 constrs 1152 vars
c 7681000 confls 4940364 constrs 1152 vars
c 7682000 confls 4941364 constrs 1152 vars
c 7683000 confls 4942364 constrs 1152 vars
c 7684000 confls 4943364 constrs 1152 vars
c 7685000 confls 4944364 constrs 1152 vars
c 7686000 confls 4945364 constrs 1152 vars
c INPROCESSING 9.6828 proptime 443415 prop/sec 20.4692 prop/ca
c 7687000 confls 4935472 constrs 1152 vars
c 7688000 confls 4936472 constrs 1152 vars
c 7689000 confls 4937472 constrs 1152 vars
c 7690000 confls 4938472 constrs 1152 vars
c 7691000 confls 4939472 constrs 1152 vars
c 7692000 confls 4940472 constrs 1152 vars
c 7693000 confls 4941472 constrs 1152 vars
c 7694000 confls 4942472 constrs 1152 vars
c 7695000 confls 4943472 constrs 1152 vars
c 7696000 confls 4944472 constrs 1152 vars
c 7697000 confls 4945472 constrs 1152 vars
c INPROCESSING 9.07828 proptime 499626 prop/sec 14.6543 prop/ca
c 7698000 confls 4936610 constrs 1152 vars
c 7699000 confls 4937610 constrs 1152 vars
c 7700000 confls 4938610 constrs 1152 vars
c 7701000 confls 4939610 constrs 1152 vars
c 7702000 confls 4940610 constrs 1152 vars
c 7703000 confls 4941610 constrs 1152 vars
c 7704000 confls 4942610 constrs 1152 vars
c 7705000 confls 4943610 constrs 1152 vars
c 7706000 confls 4944610 constrs 1152 vars
c 7707000 confls 4945610 constrs 1152 vars
c INPROCESSING 8.33901 proptime 445913 prop/sec 19.7871 prop/ca
c 7708000 confls 4936854 constrs 1152 vars
c 7709000 confls 4937854 constrs 1152 vars
c 7710000 confls 4938854 constrs 1152 vars
c 7711000 confls 4939854 constrs 1152 vars
c 7712000 confls 4940854 constrs 1152 vars
c 7713000 confls 4941854 constrs 1152 vars
c 7714000 confls 4942854 constrs 1152 vars
c 7715000 confls 4943854 constrs 1152 vars
c 7716000 confls 4944854 constrs 1152 vars
c 7717000 confls 4945854 constrs 1152 vars
c INPROCESSING 10.3579 proptime 429538 prop/sec 18.4624 prop/ca
c 7718000 confls 4935660 constrs 1152 vars
c 7719000 confls 4936660 constrs 1152 vars
c 7720000 confls 4937660 constrs 1152 vars
c 7721000 confls 4938660 constrs 1152 vars
c 7722000 confls 4939660 constrs 1152 vars
c 7723000 confls 4940660 constrs 1152 vars
c 7724000 confls 4941660 constrs 1152 vars
c 7725000 confls 4942660 constrs 1152 vars
c 7726000 confls 4943660 constrs 1152 vars
c 7727000 confls 4944660 constrs 1152 vars
c 7728000 confls 4945660 constrs 1152 vars
c INPROCESSING 8.89398 proptime 499526 prop/sec 16.6781 prop/ca
c 7729000 confls 4935957 constrs 1152 vars
c 7730000 confls 4936957 constrs 1152 vars
c 7731000 confls 4937957 constrs 1152 vars
c 7732000 confls 4938957 constrs 1152 vars
c 7733000 confls 4939957 constrs 1152 vars
c 7734000 confls 4940957 constrs 1152 vars
c 7735000 confls 4941957 constrs 1152 vars
c 7736000 confls 4942957 constrs 1152 vars
c 7737000 confls 4943957 constrs 1152 vars
c 7738000 confls 4944957 constrs 1152 vars
c INPROCESSING 8.45625 proptime 487456 prop/sec 17.3637 prop/ca
c 7739000 confls 4936142 constrs 1152 vars
c 7740000 confls 4937142 constrs 1152 vars
c 7741000 confls 4938142 constrs 1152 vars
c 7742000 confls 4939142 constrs 1152 vars
c 7743000 confls 4940142 constrs 1152 vars
c 7744000 confls 4941142 constrs 1152 vars
c 7745000 confls 4942142 constrs 1152 vars
c 7746000 confls 4943142 constrs 1152 vars
c 7747000 confls 4944142 constrs 1152 vars
c 7748000 confls 4945142 constrs 1152 vars
c 7749000 confls 4946142 constrs 1152 vars
c INPROCESSING 10.141 proptime 469875 prop/sec 17.5726 prop/ca
c 7750000 confls 4935751 constrs 1152 vars
c 7751000 confls 4936751 constrs 1152 vars
c 7752000 confls 4937751 constrs 1152 vars
c 7753000 confls 4938751 constrs 1152 vars
c 7754000 confls 4939751 constrs 1152 vars
c 7755000 confls 4940751 constrs 1152 vars
c 7756000 confls 4941751 constrs 1152 vars
c 7757000 confls 4942751 constrs 1152 vars
c 7758000 confls 4943751 constrs 1152 vars
c 7759000 confls 4944751 constrs 1152 vars
c INPROCESSING 8.54999 proptime 497341 prop/sec 16.9008 prop/ca
c 7760000 confls 4935584 constrs 1152 vars
c 7761000 confls 4936584 constrs 1152 vars
c 7762000 confls 4937584 constrs 1152 vars
c 7763000 confls 4938584 constrs 1152 vars
c 7764000 confls 4939584 constrs 1152 vars
c 7765000 confls 4940584 constrs 1152 vars
c 7766000 confls 4941584 constrs 1152 vars
c 7767000 confls 4942584 constrs 1152 vars
c 7768000 confls 4943584 constrs 1152 vars
c 7769000 confls 4944584 constrs 1152 vars
c 7770000 confls 4945584 constrs 1152 vars
c INPROCESSING 10.5491 proptime 421294 prop/sec 14.8021 prop/ca
c 7771000 confls 4936404 constrs 1152 vars
c 7772000 confls 4937404 constrs 1152 vars
c 7773000 confls 4938404 constrs 1152 vars
c 7774000 confls 4939404 constrs 1152 vars
c 7775000 confls 4940404 constrs 1152 vars
c 7776000 confls 4941404 constrs 1152 vars
c 7777000 confls 4942404 constrs 1152 vars
c 7778000 confls 4943404 constrs 1152 vars
c 7779000 confls 4944404 constrs 1152 vars
c 7780000 confls 4945404 constrs 1152 vars
c INPROCESSING 8.40583 proptime 482291 prop/sec 19.4279 prop/ca
c 7781000 confls 4935987 constrs 1152 vars
c 7782000 confls 4936987 constrs 1152 vars
c 7783000 confls 4937987 constrs 1152 vars
c 7784000 confls 4938987 constrs 1152 vars
c 7785000 confls 4939987 constrs 1152 vars
c 7786000 confls 4940987 constrs 1152 vars
c 7787000 confls 4941987 constrs 1152 vars
c 7788000 confls 4942987 constrs 1152 vars
c 7789000 confls 4943987 constrs 1152 vars
c 7790000 confls 4944987 constrs 1152 vars
c 7791000 confls 4945987 constrs 1152 vars
c INPROCESSING 10.9356 proptime 426766 prop/sec 17.564 prop/ca
c 7792000 confls 4936176 constrs 1152 vars
c 7793000 confls 4937176 constrs 1152 vars
c 7794000 confls 4938176 constrs 1152 vars
c 7795000 confls 4939176 constrs 1152 vars
c 7796000 confls 4940176 constrs 1152 vars
c 7797000 confls 4941176 constrs 1152 vars
c 7798000 confls 4942176 constrs 1152 vars
c 7799000 confls 4943176 constrs 1152 vars
c 7800000 confls 4944176 constrs 1152 vars
c 7801000 confls 4945176 constrs 1152 vars
c INPROCESSING 9.51125 proptime 427586 prop/sec 17.1919 prop/ca
c 7802000 confls 4936327 constrs 1152 vars
c 7803000 confls 4937327 constrs 1152 vars
c 7804000 confls 4938327 constrs 1152 vars
c 7805000 confls 4939327 constrs 1152 vars
c 7806000 confls 4940327 constrs 1152 vars
c 7807000 confls 4941327 constrs 1152 vars
c 7808000 confls 4942327 constrs 1152 vars
c 7809000 confls 4943327 constrs 1152 vars
c 7810000 confls 4944327 constrs 1152 vars
c 7811000 confls 4945327 constrs 1152 vars
c 7812000 confls 4946327 constrs 1152 vars
c INPROCESSING 11.649 proptime 429323 prop/sec 17.7356 prop/ca
c 7813000 confls 4935666 constrs 1152 vars
c 7814000 confls 4936666 constrs 1152 vars
c 7815000 confls 4937666 constrs 1152 vars
c 7816000 confls 4938666 constrs 1152 vars
c 7817000 confls 4939666 constrs 1152 vars
c 7818000 confls 4940666 constrs 1152 vars
c 7819000 confls 4941666 constrs 1152 vars
c 7820000 confls 4942666 constrs 1152 vars
c 7821000 confls 4943666 constrs 1152 vars
c 7822000 confls 4944666 constrs 1152 vars
c INPROCESSING 8.24922 proptime 518879 prop/sec 16.2104 prop/ca
c 7823000 confls 4936006 constrs 1152 vars
c 7824000 confls 4937006 constrs 1152 vars
c 7825000 confls 4938006 constrs 1152 vars
c 7826000 confls 4939006 constrs 1152 vars
c 7827000 confls 4940006 constrs 1152 vars
c 7828000 confls 4941006 constrs 1152 vars
c 7829000 confls 4942006 constrs 1152 vars
c 7830000 confls 4943006 constrs 1152 vars
c 7831000 confls 4944006 constrs 1152 vars
c 7832000 confls 4945006 constrs 1152 vars
c INPROCESSING 9.43176 proptime 461716 prop/sec 17.677 prop/ca
c 7833000 confls 4935910 constrs 1152 vars
c 7834000 confls 4936910 constrs 1152 vars
c 7835000 confls 4937910 constrs 1152 vars
c 7836000 confls 4938910 constrs 1152 vars
c 7837000 confls 4939910 constrs 1152 vars
c 7838000 confls 4940910 constrs 1152 vars
c 7839000 confls 4941910 constrs 1152 vars
c 7840000 confls 4942910 constrs 1152 vars
c 7841000 confls 4943910 constrs 1152 vars
c 7842000 confls 4944910 constrs 1152 vars
c 7843000 confls 4945910 constrs 1152 vars
c INPROCESSING 8.5088 proptime 509140 prop/sec 17.9956 prop/ca
c 7844000 confls 4936786 constrs 1152 vars
c 7845000 confls 4937786 constrs 1152 vars
c 7846000 confls 4938786 constrs 1152 vars
c 7847000 confls 4939786 constrs 1152 vars
c 7848000 confls 4940786 constrs 1152 vars
c 7849000 confls 4941786 constrs 1152 vars
c 7850000 confls 4942786 constrs 1152 vars
c 7851000 confls 4943786 constrs 1152 vars
c 7852000 confls 4944786 constrs 1152 vars
c 7853000 confls 4945786 constrs 1152 vars
c INPROCESSING 9.55148 proptime 446416 prop/sec 18.2072 prop/ca
c 7854000 confls 4935723 constrs 1152 vars
c 7855000 confls 4936723 constrs 1152 vars
c 7856000 confls 4937723 constrs 1152 vars
c 7857000 confls 4938723 constrs 1152 vars
c 7858000 confls 4939723 constrs 1152 vars
c 7859000 confls 4940723 constrs 1152 vars
c 7860000 confls 4941723 constrs 1152 vars
c 7861000 confls 4942723 constrs 1152 vars
c 7862000 confls 4943723 constrs 1152 vars
c 7863000 confls 4944723 constrs 1152 vars
c 7864000 confls 4945723 constrs 1152 vars
c INPROCESSING 10.4518 proptime 363260 prop/sec 19.0218 prop/ca
c 7865000 confls 4936653 constrs 1152 vars
c 7866000 confls 4937653 constrs 1152 vars
c 7867000 confls 4938653 constrs 1152 vars
c 7868000 confls 4939653 constrs 1152 vars
c 7869000 confls 4940653 constrs 1152 vars
c 7870000 confls 4941653 constrs 1152 vars
c 7871000 confls 4942653 constrs 1152 vars
c 7872000 confls 4943653 constrs 1152 vars
c 7873000 confls 4944653 constrs 1152 vars
c 7874000 confls 4945653 constrs 1152 vars
c INPROCESSING 8.92139 proptime 498541 prop/sec 14.9944 prop/ca
c 7875000 confls 4935815 constrs 1152 vars
c 7876000 confls 4936815 constrs 1152 vars
c 7877000 confls 4937815 constrs 1152 vars
c 7878000 confls 4938815 constrs 1152 vars
c 7879000 confls 4939815 constrs 1152 vars
c 7880000 confls 4940815 constrs 1152 vars
c 7881000 confls 4941815 constrs 1152 vars
c 7882000 confls 4942815 constrs 1152 vars
c 7883000 confls 4943815 constrs 1152 vars
c 7884000 confls 4944815 constrs 1152 vars
c 7885000 confls 4945815 constrs 1152 vars
c INPROCESSING 8.97173 proptime 483585 prop/sec 15.2063 prop/ca
c 7886000 confls 4936628 constrs 1152 vars
c 7887000 confls 4937628 constrs 1152 vars
c 7888000 confls 4938628 constrs 1152 vars
c 7889000 confls 4939628 constrs 1152 vars
c 7890000 confls 4940628 constrs 1152 vars
c 7891000 confls 4941628 constrs 1152 vars
c 7892000 confls 4942628 constrs 1152 vars
c 7893000 confls 4943628 constrs 1152 vars
c 7894000 confls 4944628 constrs 1152 vars
c 7895000 confls 4945628 constrs 1152 vars
c INPROCESSING 8.33627 proptime 482173 prop/sec 17.2273 prop/ca
c 7896000 confls 4936294 constrs 1152 vars
c 7897000 confls 4937294 constrs 1152 vars
c 7898000 confls 4938294 constrs 1152 vars
c 7899000 confls 4939295 constrs 1152 vars
c 7900000 confls 4940295 constrs 1152 vars
c 7901000 confls 4941295 constrs 1152 vars
c 7902000 confls 4942295 constrs 1152 vars
c 7903000 confls 4943295 constrs 1152 vars
c 7904000 confls 4944295 constrs 1152 vars
c 7905000 confls 4945295 constrs 1152 vars
c 7906000 confls 4946295 constrs 1152 vars
c INPROCESSING 9.4524 proptime 414246 prop/sec 20.5411 prop/ca
c 7907000 confls 4937416 constrs 1152 vars
c 7908000 confls 4938416 constrs 1152 vars
c 7909000 confls 4939416 constrs 1152 vars
c 7910000 confls 4940416 constrs 1152 vars
c 7911000 confls 4941416 constrs 1152 vars
c 7912000 confls 4942416 constrs 1152 vars
c 7913000 confls 4943416 constrs 1152 vars
c 7914000 confls 4944416 constrs 1152 vars
c 7915000 confls 4945416 constrs 1152 vars
c 7916000 confls 4946416 constrs 1152 vars
c INPROCESSING 9.48715 proptime 425581 prop/sec 19.4116 prop/ca
c 7917000 confls 4936431 constrs 1152 vars
c 7918000 confls 4937431 constrs 1152 vars
c 7919000 confls 4938431 constrs 1152 vars
c 7920000 confls 4939431 constrs 1152 vars
c 7921000 confls 4940431 constrs 1152 vars
c 7922000 confls 4941431 constrs 1152 vars
c 7923000 confls 4942431 constrs 1152 vars
c 7924000 confls 4943431 constrs 1152 vars
c 7925000 confls 4944431 constrs 1152 vars
c 7926000 confls 4945431 constrs 1152 vars
c 7927000 confls 4946431 constrs 1152 vars
c INPROCESSING 9.55674 proptime 403737 prop/sec 19.3943 prop/ca
c 7928000 confls 4936838 constrs 1152 vars
c 7929000 confls 4937838 constrs 1152 vars
c 7930000 confls 4938838 constrs 1152 vars
c 7931000 confls 4939838 constrs 1152 vars
c 7932000 confls 4940838 constrs 1152 vars
c 7933000 confls 4941838 constrs 1152 vars
c 7934000 confls 4942838 constrs 1152 vars
c 7935000 confls 4943838 constrs 1152 vars
c 7936000 confls 4944838 constrs 1152 vars
c 7937000 confls 4945838 constrs 1152 vars
c INPROCESSING 8.30135 proptime 493021 prop/sec 17.6367 prop/ca
c 7938000 confls 4936191 constrs 1152 vars
c 7939000 confls 4937191 constrs 1152 vars
c 7940000 confls 4938191 constrs 1152 vars
c 7941000 confls 4939191 constrs 1152 vars
c 7942000 confls 4940191 constrs 1152 vars
c 7943000 confls 4941191 constrs 1152 vars
c 7944000 confls 4942191 constrs 1152 vars
c 7945000 confls 4943191 constrs 1152 vars
c 7946000 confls 4944191 constrs 1152 vars
c 7947000 confls 4945191 constrs 1152 vars
c 7948000 confls 4946191 constrs 1152 vars
c INPROCESSING 9.21223 proptime 432045 prop/sec 19.1208 prop/ca
c 7949000 confls 4936911 constrs 1152 vars
c 7950000 confls 4937911 constrs 1152 vars
c 7951000 confls 4938911 constrs 1152 vars
c 7952000 confls 4939911 constrs 1152 vars
c 7953000 confls 4940911 constrs 1152 vars
c 7954000 confls 4941911 constrs 1152 vars
c 7955000 confls 4942911 constrs 1152 vars
c 7956000 confls 4943911 constrs 1152 vars
c 7957000 confls 4944911 constrs 1152 vars
c 7958000 confls 4945911 constrs 1152 vars
c INPROCESSING 10.0957 proptime 371372 prop/sec 20.5633 prop/ca
c 7959000 confls 4937100 constrs 1152 vars
c 7960000 confls 4938100 constrs 1152 vars
c 7961000 confls 4939100 constrs 1152 vars
c 7962000 confls 4940100 constrs 1152 vars
c 7963000 confls 4941100 constrs 1152 vars
c 7964000 confls 4942100 constrs 1152 vars
c 7965000 confls 4943100 constrs 1152 vars
c 7966000 confls 4944100 constrs 1152 vars
c 7967000 confls 4945100 constrs 1152 vars
c 7968000 confls 4946100 constrs 1152 vars
c 7969000 confls 4947100 constrs 1152 vars
c INPROCESSING 10.9291 proptime 354659 prop/sec 19.1787 prop/ca
c 7970000 confls 4936835 constrs 1152 vars
c 7971000 confls 4937835 constrs 1152 vars
c 7972000 confls 4938835 constrs 1152 vars
c 7973000 confls 4939835 constrs 1152 vars
c 7974000 confls 4940835 constrs 1152 vars
c 7975000 confls 4941835 constrs 1152 vars
c 7976000 confls 4942835 constrs 1152 vars
c 7977000 confls 4943835 constrs 1152 vars
c 7978000 confls 4944835 constrs 1152 vars
c 7979000 confls 4945835 constrs 1152 vars
c INPROCESSING 8.54489 proptime 505009 prop/sec 17.6633 prop/ca
c 7980000 confls 4936046 constrs 1152 vars
c 7981000 confls 4937046 constrs 1152 vars
c 7982000 confls 4938046 constrs 1152 vars
c 7983000 confls 4939046 constrs 1152 vars
c 7984000 confls 4940046 constrs 1152 vars
c 7985000 confls 4941046 constrs 1152 vars
c 7986000 confls 4942046 constrs 1152 vars
c 7987000 confls 4943046 constrs 1152 vars
c 7988000 confls 4944046 constrs 1152 vars
c 7989000 confls 4945046 constrs 1152 vars
c 7990000 confls 4946046 constrs 1152 vars
c INPROCESSING 9.18172 proptime 459420 prop/sec 19.2659 prop/ca
c 7991000 confls 4937435 constrs 1152 vars
c 7992000 confls 4938435 constrs 1152 vars
c 7993000 confls 4939435 constrs 1152 vars
c 7994000 confls 4940435 constrs 1152 vars
c 7995000 confls 4941435 constrs 1152 vars
c 7996000 confls 4942435 constrs 1152 vars
c 7997000 confls 4943435 constrs 1152 vars
c 7998000 confls 4944435 constrs 1152 vars
c 7999000 confls 4945435 constrs 1152 vars
c 8000000 confls 4946435 constrs 1152 vars
c INPROCESSING 9.0849 proptime 428018 prop/sec 19.4647 prop/ca
c 8001000 confls 4936761 constrs 1152 vars
c 8002000 confls 4937761 constrs 1152 vars
c 8003000 confls 4938761 constrs 1152 vars
c 8004000 confls 4939761 constrs 1152 vars
c 8005000 confls 4940761 constrs 1152 vars
c 8006000 confls 4941761 constrs 1152 vars
c 8007000 confls 4942761 constrs 1152 vars
c 8008000 confls 4943761 constrs 1152 vars
c 8009000 confls 4944761 constrs 1152 vars
c 8010000 confls 4945761 constrs 1152 vars
c 8011000 confls 4946761 constrs 1152 vars
c INPROCESSING 10.9815 proptime 350184 prop/sec 20.5284 prop/ca
c 8012000 confls 4937341 constrs 1152 vars
c 8013000 confls 4938341 constrs 1152 vars
c 8014000 confls 4939341 constrs 1152 vars
c 8015000 confls 4940341 constrs 1152 vars
c 8016000 confls 4941341 constrs 1152 vars
c 8017000 confls 4942341 constrs 1152 vars
c 8018000 confls 4943341 constrs 1152 vars
c 8019000 confls 4944341 constrs 1152 vars
c 8020000 confls 4945341 constrs 1152 vars
c 8021000 confls 4946341 constrs 1152 vars
c INPROCESSING 11.51 proptime 328480 prop/sec 22.7589 prop/ca
c 8022000 confls 4936881 constrs 1152 vars
c 8023000 confls 4937881 constrs 1152 vars
c 8024000 confls 4938881 constrs 1152 vars
c 8025000 confls 4939881 constrs 1152 vars
c 8026000 confls 4940881 constrs 1152 vars
c 8027000 confls 4941881 constrs 1152 vars
c 8028000 confls 4942881 constrs 1152 vars
c 8029000 confls 4943881 constrs 1152 vars
c 8030000 confls 4944881 constrs 1152 vars
c 8031000 confls 4945881 constrs 1152 vars
c INPROCESSING 9.9661 proptime 396162 prop/sec 18.3087 prop/ca
c 8032000 confls 4935975 constrs 1151 vars
c 8033000 confls 4936975 constrs 1151 vars
c 8034000 confls 4937975 constrs 1151 vars
c 8035000 confls 4938975 constrs 1151 vars
c 8036000 confls 4939975 constrs 1151 vars
c 8037000 confls 4940975 constrs 1151 vars
c 8038000 confls 4941975 constrs 1151 vars
c 8039000 confls 4942975 constrs 1151 vars
c 8040000 confls 4943975 constrs 1151 vars
c 8041000 confls 4944975 constrs 1151 vars
c 8042000 confls 4945975 constrs 1151 vars
c INPROCESSING 10.3496 proptime 392288 prop/sec 19.4336 prop/ca
c 8043000 confls 4862109 constrs 1151 vars
c 8044000 confls 4863109 constrs 1151 vars
c 8045000 confls 4864109 constrs 1151 vars
c 8046000 confls 4865109 constrs 1151 vars
c 8047000 confls 4866109 constrs 1151 vars
c 8048000 confls 4867109 constrs 1151 vars
c 8049000 confls 4868109 constrs 1151 vars
c 8050000 confls 4869109 constrs 1151 vars
c 8051000 confls 4870109 constrs 1151 vars
c 8052000 confls 4871109 constrs 1151 vars
c INPROCESSING 9.84875 proptime 421437 prop/sec 18.9374 prop/ca
c 8053000 confls 4861453 constrs 1151 vars
c 8054000 confls 4862453 constrs 1151 vars
c 8055000 confls 4863453 constrs 1151 vars
c 8056000 confls 4864453 constrs 1151 vars
c 8057000 confls 4865453 constrs 1151 vars
c 8058000 confls 4866453 constrs 1151 vars
c 8059000 confls 4867453 constrs 1151 vars
c 8060000 confls 4868453 constrs 1151 vars
c 8061000 confls 4869453 constrs 1151 vars
c 8062000 confls 4870453 constrs 1151 vars
c 8063000 confls 4871453 constrs 1151 vars
c INPROCESSING 9.19477 proptime 435234 prop/sec 18.2799 prop/ca
c 8064000 confls 4862186 constrs 1151 vars
c 8065000 confls 4863186 constrs 1151 vars
c 8066000 confls 4864186 constrs 1151 vars
c 8067000 confls 4865186 constrs 1151 vars
c 8068000 confls 4866186 constrs 1151 vars
c 8069000 confls 4867186 constrs 1151 vars
c 8070000 confls 4868186 constrs 1151 vars
c 8071000 confls 4869186 constrs 1151 vars
c 8072000 confls 4870186 constrs 1151 vars
c 8073000 confls 4871186 constrs 1151 vars
c INPROCESSING 10.0595 proptime 394623 prop/sec 20.195 prop/ca
c 8074000 confls 4861880 constrs 1150 vars
c 8075000 confls 4862880 constrs 1150 vars
c 8076000 confls 4863880 constrs 1150 vars
c 8077000 confls 4864880 constrs 1150 vars
c 8078000 confls 4865880 constrs 1150 vars
c 8079000 confls 4866880 constrs 1150 vars
c 8080000 confls 4867880 constrs 1150 vars
c 8081000 confls 4868880 constrs 1150 vars
c 8082000 confls 4869880 constrs 1150 vars
c 8083000 confls 4870880 constrs 1150 vars
c 8084000 confls 4871880 constrs 1150 vars
c INPROCESSING 8.60764 proptime 511407 prop/sec 16.303 prop/ca
c 8085000 confls 4787030 constrs 1150 vars
c 8086000 confls 4788030 constrs 1150 vars
c 8087000 confls 4789030 constrs 1150 vars
c 8088000 confls 4790030 constrs 1150 vars
c 8089000 confls 4791030 constrs 1150 vars
c 8090000 confls 4792030 constrs 1150 vars
c 8091000 confls 4793030 constrs 1150 vars
c 8092000 confls 4794030 constrs 1150 vars
c 8093000 confls 4795030 constrs 1150 vars
c 8094000 confls 4796030 constrs 1150 vars
c INPROCESSING 7.25331 proptime 601595 prop/sec 16.6678 prop/ca
c 8095000 confls 4786854 constrs 1150 vars
c 8096000 confls 4787854 constrs 1150 vars
c 8097000 confls 4788854 constrs 1150 vars
c 8098000 confls 4789854 constrs 1150 vars
c 8099000 confls 4790854 constrs 1150 vars
c 8100000 confls 4791854 constrs 1150 vars
c 8101000 confls 4792854 constrs 1150 vars
c 8102000 confls 4793854 constrs 1150 vars
c 8103000 confls 4794854 constrs 1150 vars
c 8104000 confls 4795854 constrs 1150 vars
c 8105000 confls 4796854 constrs 1150 vars
c INPROCESSING 8.97965 proptime 464382 prop/sec 17.7859 prop/ca
c 8106000 confls 4787953 constrs 1150 vars
c 8107000 confls 4788953 constrs 1150 vars
c 8108000 confls 4789953 constrs 1150 vars
c 8109000 confls 4790953 constrs 1150 vars
c 8110000 confls 4791953 constrs 1150 vars
c 8111000 confls 4792953 constrs 1150 vars
c 8112000 confls 4793953 constrs 1150 vars
c 8113000 confls 4794953 constrs 1150 vars
c 8114000 confls 4795953 constrs 1150 vars
c 8115000 confls 4796953 constrs 1150 vars
c INPROCESSING 8.72957 proptime 472268 prop/sec 17.6757 prop/ca
c 8116000 confls 4787508 constrs 1150 vars
c 8117000 confls 4788508 constrs 1150 vars
c 8118000 confls 4789508 constrs 1150 vars
c 8119000 confls 4790508 constrs 1150 vars
c 8120000 confls 4791508 constrs 1150 vars
c 8121000 confls 4792508 constrs 1150 vars
c 8122000 confls 4793508 constrs 1150 vars
c 8123000 confls 4794508 constrs 1150 vars
c 8124000 confls 4795508 constrs 1150 vars
c 8125000 confls 4796508 constrs 1150 vars
c 8126000 confls 4797508 constrs 1150 vars
c INPROCESSING 9.41395 proptime 456396 prop/sec 18.7184 prop/ca
c 8127000 confls 4787143 constrs 1150 vars
c 8128000 confls 4788143 constrs 1150 vars
c 8129000 confls 4789143 constrs 1150 vars
c 8130000 confls 4790143 constrs 1150 vars
c 8131000 confls 4791143 constrs 1150 vars
c 8132000 confls 4792143 constrs 1150 vars
c 8133000 confls 4793143 constrs 1150 vars
c 8134000 confls 4794143 constrs 1150 vars
c 8135000 confls 4795143 constrs 1150 vars
c 8136000 confls 4796143 constrs 1150 vars
c INPROCESSING 8.74505 proptime 447508 prop/sec 18.4576 prop/ca
c 8137000 confls 4787256 constrs 1150 vars
c 8138000 confls 4788256 constrs 1150 vars
c 8139000 confls 4789256 constrs 1150 vars
c 8140000 confls 4790256 constrs 1150 vars
c 8141000 confls 4791256 constrs 1150 vars
c 8142000 confls 4792256 constrs 1150 vars
c 8143000 confls 4793256 constrs 1150 vars
c 8144000 confls 4794256 constrs 1150 vars
c 8145000 confls 4795256 constrs 1150 vars
c 8146000 confls 4796256 constrs 1150 vars
c 8147000 confls 4797256 constrs 1150 vars
c INPROCESSING 8.43281 proptime 476129 prop/sec 20.0085 prop/ca
c 8148000 confls 4788091 constrs 1150 vars
c 8149000 confls 4789091 constrs 1150 vars
c 8150000 confls 4790091 constrs 1150 vars
c 8151000 confls 4791091 constrs 1150 vars
c 8152000 confls 4792091 constrs 1150 vars
c 8153000 confls 4793091 constrs 1150 vars
c 8154000 confls 4794091 constrs 1150 vars
c 8155000 confls 4795091 constrs 1150 vars
c 8156000 confls 4796091 constrs 1150 vars
c 8157000 confls 4797091 constrs 1150 vars
c INPROCESSING 10.5084 proptime 356124 prop/sec 22.3216 prop/ca
c 8158000 confls 4787649 constrs 1150 vars
c 8159000 confls 4788649 constrs 1150 vars
c 8160000 confls 4789649 constrs 1150 vars
c 8161000 confls 4790649 constrs 1150 vars
c 8162000 confls 4791649 constrs 1150 vars
c 8163000 confls 4792649 constrs 1150 vars
c 8164000 confls 4793649 constrs 1150 vars
c 8165000 confls 4794649 constrs 1150 vars
c 8166000 confls 4795649 constrs 1150 vars
c 8167000 confls 4796649 constrs 1150 vars
c 8168000 confls 4797649 constrs 1150 vars
c INPROCESSING 10.5033 proptime 391279 prop/sec 20.138 prop/ca
c 8169000 confls 4787703 constrs 1150 vars
c 8170000 confls 4788703 constrs 1150 vars
c 8171000 confls 4789703 constrs 1150 vars
c 8172000 confls 4790703 constrs 1150 vars
c 8173000 confls 4791703 constrs 1150 vars
c 8174000 confls 4792703 constrs 1150 vars
c 8175000 confls 4793703 constrs 1150 vars
c 8176000 confls 4794703 constrs 1150 vars
c 8177000 confls 4795703 constrs 1150 vars
c 8178000 confls 4796703 constrs 1150 vars
c INPROCESSING 10.647 proptime 360117 prop/sec 20.8932 prop/ca
c 8179000 confls 4787849 constrs 1150 vars
c 8180000 confls 4788849 constrs 1150 vars
c 8181000 confls 4789849 constrs 1150 vars
c 8182000 confls 4790849 constrs 1150 vars
c 8183000 confls 4791849 constrs 1150 vars
c 8184000 confls 4792849 constrs 1150 vars
c 8185000 confls 4793849 constrs 1150 vars
c 8186000 confls 4794849 constrs 1150 vars
c 8187000 confls 4795849 constrs 1150 vars
c 8188000 confls 4796849 constrs 1150 vars
c 8189000 confls 4797849 constrs 1150 vars
c INPROCESSING 9.93029 proptime 379940 prop/sec 22.3019 prop/ca
c 8190000 confls 4788503 constrs 1150 vars
c 8191000 confls 4789503 constrs 1150 vars
c 8192000 confls 4790503 constrs 1150 vars
c 8193000 confls 4791503 constrs 1150 vars
c 8194000 confls 4792503 constrs 1150 vars
c 8195000 confls 4793503 constrs 1150 vars
c 8196000 confls 4794503 constrs 1150 vars
c 8197000 confls 4795503 constrs 1150 vars
c 8198000 confls 4796503 constrs 1150 vars
c 8199000 confls 4797503 constrs 1150 vars
c INPROCESSING 10.2353 proptime 387780 prop/sec 20.5341 prop/ca
c 8200000 confls 4787455 constrs 1150 vars
c 8201000 confls 4788455 constrs 1150 vars
c 8202000 confls 4789455 constrs 1150 vars
c 8203000 confls 4790455 constrs 1150 vars
c 8204000 confls 4791455 constrs 1150 vars
c 8205000 confls 4792455 constrs 1150 vars
c 8206000 confls 4793455 constrs 1150 vars
c 8207000 confls 4794455 constrs 1150 vars
c 8208000 confls 4795455 constrs 1150 vars
c 8209000 confls 4796455 constrs 1150 vars
c 8210000 confls 4797455 constrs 1150 vars
c INPROCESSING 9.68523 proptime 407420 prop/sec 19.5147 prop/ca
c 8211000 confls 4788378 constrs 1150 vars
c 8212000 confls 4789378 constrs 1150 vars
c 8213000 confls 4790378 constrs 1150 vars
c 8214000 confls 4791378 constrs 1150 vars
c 8215000 confls 4792378 constrs 1150 vars
c 8216000 confls 4793378 constrs 1150 vars
c 8217000 confls 4794378 constrs 1150 vars
c 8218000 confls 4795378 constrs 1150 vars
c 8219000 confls 4796378 constrs 1150 vars
c 8220000 confls 4797378 constrs 1150 vars
c INPROCESSING 9.47583 proptime 461254 prop/sec 17.6376 prop/ca
c 8221000 confls 4787184 constrs 1150 vars
c 8222000 confls 4788184 constrs 1150 vars
c 8223000 confls 4789184 constrs 1150 vars
c 8224000 confls 4790184 constrs 1150 vars
c 8225000 confls 4791184 constrs 1150 vars
c 8226000 confls 4792184 constrs 1150 vars
c 8227000 confls 4793184 constrs 1150 vars
c 8228000 confls 4794184 constrs 1150 vars
c 8229000 confls 4795184 constrs 1150 vars
c 8230000 confls 4796184 constrs 1150 vars
c 8231000 confls 4797184 constrs 1150 vars
c INPROCESSING 9.15545 proptime 420785 prop/sec 19.9634 prop/ca
c 8232000 confls 4788073 constrs 1150 vars
c 8233000 confls 4789073 constrs 1150 vars
c 8234000 confls 4790073 constrs 1150 vars
c 8235000 confls 4791073 constrs 1150 vars
c 8236000 confls 4792073 constrs 1150 vars
c 8237000 confls 4793073 constrs 1150 vars
c 8238000 confls 4794073 constrs 1150 vars
c 8239000 confls 4795073 constrs 1150 vars
c 8240000 confls 4796073 constrs 1150 vars
c 8241000 confls 4797073 constrs 1150 vars
c INPROCESSING 9.08985 proptime 425531 prop/sec 18.5009 prop/ca
c 8242000 confls 4787240 constrs 1150 vars
c 8243000 confls 4788240 constrs 1150 vars
c 8244000 confls 4789240 constrs 1150 vars
c 8245000 confls 4790240 constrs 1150 vars
c 8246000 confls 4791240 constrs 1150 vars
c 8247000 confls 4792240 constrs 1150 vars
c 8248000 confls 4793240 constrs 1150 vars
c 8249000 confls 4794240 constrs 1150 vars
c 8250000 confls 4795240 constrs 1150 vars
c 8251000 confls 4796240 constrs 1150 vars
c 8252000 confls 4797240 constrs 1150 vars
c INPROCESSING 9.07358 proptime 427265 prop/sec 20.8865 prop/ca
c 8253000 confls 4788081 constrs 1150 vars
c 8254000 confls 4789081 constrs 1150 vars
c 8255000 confls 4790081 constrs 1150 vars
c 8256000 confls 4791081 constrs 1150 vars
c 8257000 confls 4792081 constrs 1150 vars
c 8258000 confls 4793081 constrs 1150 vars
c 8259000 confls 4794081 constrs 1150 vars
c 8260000 confls 4795081 constrs 1150 vars
c 8261000 confls 4796081 constrs 1150 vars
c 8262000 confls 4797081 constrs 1150 vars
c INPROCESSING 9.09981 proptime 424369 prop/sec 18.8059 prop/ca
c 8263000 confls 4787947 constrs 1150 vars
c 8264000 confls 4788947 constrs 1150 vars
c 8265000 confls 4789947 constrs 1150 vars
c 8266000 confls 4790947 constrs 1150 vars
c 8267000 confls 4791947 constrs 1150 vars
c 8268000 confls 4792947 constrs 1150 vars
c 8269000 confls 4793947 constrs 1150 vars
c 8270000 confls 4794947 constrs 1150 vars
c 8271000 confls 4795947 constrs 1150 vars
c 8272000 confls 4796947 constrs 1150 vars
c 8273000 confls 4797947 constrs 1150 vars
c INPROCESSING 9.9223 proptime 425677 prop/sec 18.2694 prop/ca
c 8274000 confls 4789284 constrs 1150 vars
c 8275000 confls 4790284 constrs 1150 vars
c 8276000 confls 4791284 constrs 1150 vars
c 8277000 confls 4792284 constrs 1150 vars
c 8278000 confls 4793284 constrs 1150 vars
c 8279000 confls 4794284 constrs 1150 vars
c 8280000 confls 4795284 constrs 1150 vars
c 8281000 confls 4796284 constrs 1150 vars
c 8282000 confls 4797284 constrs 1150 vars
c 8283000 confls 4798284 constrs 1150 vars
c INPROCESSING 9.99076 proptime 388326 prop/sec 20.8269 prop/ca
c 8284000 confls 4787667 constrs 1150 vars
c 8285000 confls 4788667 constrs 1150 vars
c 8286000 confls 4789667 constrs 1150 vars
c 8287000 confls 4790667 constrs 1150 vars
c 8288000 confls 4791667 constrs 1150 vars
c 8289000 confls 4792667 constrs 1150 vars
c 8290000 confls 4793667 constrs 1150 vars
c 8291000 confls 4794667 constrs 1150 vars
c 8292000 confls 4795667 constrs 1150 vars
c 8293000 confls 4796667 constrs 1150 vars
c 8294000 confls 4797667 constrs 1150 vars
c INPROCESSING 8.71051 proptime 453683 prop/sec 19.9553 prop/ca
c 8295000 confls 4788026 constrs 1150 vars
c 8296000 confls 4789026 constrs 1150 vars
c 8297000 confls 4790026 constrs 1150 vars
c 8298000 confls 4791026 constrs 1150 vars
c 8299000 confls 4792026 constrs 1150 vars
c 8300000 confls 4793026 constrs 1150 vars
c 8301000 confls 4794026 constrs 1150 vars
c 8302000 confls 4795026 constrs 1150 vars
c 8303000 confls 4796026 constrs 1150 vars
c 8304000 confls 4797026 constrs 1150 vars
c INPROCESSING 9.2974 proptime 410873 prop/sec 19.7093 prop/ca
c 8305000 confls 4787885 constrs 1150 vars
c 8306000 confls 4788885 constrs 1150 vars
c 8307000 confls 4789885 constrs 1150 vars
c 8308000 confls 4790885 constrs 1150 vars
c 8309000 confls 4791885 constrs 1150 vars
c 8310000 confls 4792885 constrs 1150 vars
c 8311000 confls 4793885 constrs 1150 vars
c 8312000 confls 4794885 constrs 1150 vars
c 8313000 confls 4795885 constrs 1150 vars
c 8314000 confls 4796885 constrs 1150 vars
c 8315000 confls 4797885 constrs 1150 vars
c INPROCESSING 9.29214 proptime 433452 prop/sec 18.4867 prop/ca
c 8316000 confls 4788257 constrs 1150 vars
c 8317000 confls 4789257 constrs 1150 vars
c 8318000 confls 4790257 constrs 1150 vars
c 8319000 confls 4791257 constrs 1150 vars
c 8320000 confls 4792257 constrs 1150 vars
c 8321000 confls 4793257 constrs 1150 vars
c 8322000 confls 4794257 constrs 1150 vars
c 8323000 confls 4795257 constrs 1150 vars
c 8324000 confls 4796257 constrs 1150 vars
c 8325000 confls 4797257 constrs 1150 vars
c INPROCESSING 9.73817 proptime 399139 prop/sec 20.4136 prop/ca
c 8326000 confls 4788840 constrs 1150 vars
c 8327000 confls 4789840 constrs 1150 vars
c 8328000 confls 4790840 constrs 1150 vars
c 8329000 confls 4791840 constrs 1150 vars
c 8330000 confls 4792840 constrs 1150 vars
c 8331000 confls 4793840 constrs 1150 vars
c 8332000 confls 4794840 constrs 1150 vars
c 8333000 confls 4795840 constrs 1150 vars
c 8334000 confls 4796840 constrs 1150 vars
c 8335000 confls 4797840 constrs 1150 vars
c 8336000 confls 4798840 constrs 1150 vars
c INPROCESSING 9.65282 proptime 414279 prop/sec 19.0978 prop/ca
c 8337000 confls 4788551 constrs 1150 vars
c 8338000 confls 4789551 constrs 1150 vars
c 8339000 confls 4790551 constrs 1150 vars
c 8340000 confls 4791551 constrs 1150 vars
c 8341000 confls 4792551 constrs 1150 vars
c 8342000 confls 4793551 constrs 1150 vars
c 8343000 confls 4794551 constrs 1150 vars
c 8344000 confls 4795551 constrs 1150 vars
c 8345000 confls 4796551 constrs 1150 vars
c 8346000 confls 4797551 constrs 1150 vars
c INPROCESSING 9.55336 proptime 473712 prop/sec 17.789 prop/ca
c 8347000 confls 4787143 constrs 1150 vars
c 8348000 confls 4788143 constrs 1150 vars
c 8349000 confls 4789143 constrs 1150 vars
c 8350000 confls 4790143 constrs 1150 vars
c 8351000 confls 4791143 constrs 1150 vars
c 8352000 confls 4792143 constrs 1150 vars
c 8353000 confls 4793143 constrs 1150 vars
c 8354000 confls 4794143 constrs 1150 vars
c 8355000 confls 4795143 constrs 1150 vars
c 8356000 confls 4796143 constrs 1150 vars
c 8357000 confls 4797143 constrs 1150 vars
c INPROCESSING 8.92915 proptime 514051 prop/sec 16.1718 prop/ca
c 8358000 confls 4786942 constrs 1150 vars
c 8359000 confls 4787942 constrs 1150 vars
c 8360000 confls 4788942 constrs 1150 vars
c 8361000 confls 4789942 constrs 1150 vars
c 8362000 confls 4790942 constrs 1150 vars
c 8363000 confls 4791942 constrs 1150 vars
c 8364000 confls 4792942 constrs 1150 vars
c 8365000 confls 4793942 constrs 1150 vars
c 8366000 confls 4794942 constrs 1150 vars
c 8367000 confls 4795942 constrs 1150 vars
c INPROCESSING 8.21031 proptime 551109 prop/sec 17.1009 prop/ca
c 8368000 confls 4786583 constrs 1150 vars
c 8369000 confls 4787583 constrs 1150 vars
c 8370000 confls 4788583 constrs 1150 vars
c 8371000 confls 4789583 constrs 1150 vars
c 8372000 confls 4790583 constrs 1150 vars
c 8373000 confls 4791583 constrs 1150 vars
c 8374000 confls 4792583 constrs 1150 vars
c 8375000 confls 4793583 constrs 1150 vars
c 8376000 confls 4794583 constrs 1150 vars
c 8377000 confls 4795583 constrs 1150 vars
c 8378000 confls 4796583 constrs 1150 vars
c INPROCESSING 8.76476 proptime 517710 prop/sec 16.8985 prop/ca
c 8379000 confls 4787033 constrs 1150 vars
c 8380000 confls 4788033 constrs 1150 vars
c 8381000 confls 4789033 constrs 1150 vars
c 8382000 confls 4790033 constrs 1150 vars
c 8383000 confls 4791033 constrs 1150 vars
c 8384000 confls 4792033 constrs 1150 vars
c 8385000 confls 4793033 constrs 1150 vars
c 8386000 confls 4794033 constrs 1150 vars
c 8387000 confls 4795033 constrs 1150 vars
c 8388000 confls 4796033 constrs 1150 vars
c INPROCESSING 8.86794 proptime 484585 prop/sec 17.379 prop/ca
c 8389000 confls 4786548 constrs 1150 vars
c 8390000 confls 4787548 constrs 1150 vars
c 8391000 confls 4788548 constrs 1150 vars
c 8392000 confls 4789548 constrs 1150 vars
c 8393000 confls 4790548 constrs 1150 vars
c 8394000 confls 4791548 constrs 1150 vars
c 8395000 confls 4792548 constrs 1150 vars
c 8396000 confls 4793548 constrs 1150 vars
c 8397000 confls 4794548 constrs 1150 vars
c 8398000 confls 4795548 constrs 1150 vars
c 8399000 confls 4796548 constrs 1150 vars
c INPROCESSING 8.94091 proptime 535136 prop/sec 13.8314 prop/ca
c 8400000 confls 4786753 constrs 1150 vars
c 8401000 confls 4787753 constrs 1150 vars
c 8402000 confls 4788753 constrs 1150 vars
c 8403000 confls 4789753 constrs 1150 vars
c 8404000 confls 4790753 constrs 1150 vars
c 8405000 confls 4791753 constrs 1150 vars
c 8406000 confls 4792753 constrs 1150 vars
c 8407000 confls 4793753 constrs 1150 vars
c 8408000 confls 4794753 constrs 1150 vars
c 8409000 confls 4795753 constrs 1150 vars
c INPROCESSING 9.16325 proptime 455025 prop/sec 16.5294 prop/ca
c 8410000 confls 4786985 constrs 1150 vars
c 8411000 confls 4787985 constrs 1150 vars
c 8412000 confls 4788985 constrs 1150 vars
c 8413000 confls 4789985 constrs 1150 vars
c 8414000 confls 4790985 constrs 1150 vars
c 8415000 confls 4791985 constrs 1150 vars
c 8416000 confls 4792985 constrs 1150 vars
c 8417000 confls 4793985 constrs 1150 vars
c 8418000 confls 4794985 constrs 1150 vars
c 8419000 confls 4795985 constrs 1150 vars
c 8420000 confls 4796985 constrs 1150 vars
c INPROCESSING 11.2074 proptime 348339 prop/sec 21.2578 prop/ca
c 8421000 confls 4788152 constrs 1150 vars
c 8422000 confls 4789152 constrs 1150 vars
c 8423000 confls 4790152 constrs 1150 vars
c 8424000 confls 4791152 constrs 1150 vars
c 8425000 confls 4792152 constrs 1150 vars
c 8426000 confls 4793152 constrs 1150 vars
c 8427000 confls 4794152 constrs 1150 vars
c 8428000 confls 4795152 constrs 1150 vars
c 8429000 confls 4796152 constrs 1150 vars
c 8430000 confls 4797152 constrs 1150 vars
c 8431000 confls 4798152 constrs 1150 vars
c INPROCESSING 10.4025 proptime 397946 prop/sec 19.6141 prop/ca
c 8432000 confls 4788523 constrs 1150 vars
c 8433000 confls 4789523 constrs 1150 vars
c 8434000 confls 4790523 constrs 1150 vars
c 8435000 confls 4791523 constrs 1150 vars
c 8436000 confls 4792523 constrs 1150 vars
c 8437000 confls 4793523 constrs 1150 vars
c 8438000 confls 4794523 constrs 1150 vars
c 8439000 confls 4795523 constrs 1150 vars
c 8440000 confls 4796523 constrs 1150 vars
c 8441000 confls 4797523 constrs 1150 vars
c INPROCESSING 12.1094 proptime 326648 prop/sec 23.2197 prop/ca
c 8442000 confls 4788036 constrs 1150 vars
c 8443000 confls 4789036 constrs 1150 vars
c 8444000 confls 4790036 constrs 1150 vars
c 8445000 confls 4791036 constrs 1150 vars
c 8446000 confls 4792036 constrs 1150 vars
c 8447000 confls 4793036 constrs 1150 vars
c 8448000 confls 4794036 constrs 1150 vars
c 8449000 confls 4795036 constrs 1150 vars
c 8450000 confls 4796036 constrs 1150 vars
c 8451000 confls 4797036 constrs 1150 vars
c 8452000 confls 4798036 constrs 1150 vars
c INPROCESSING 10.8033 proptime 389399 prop/sec 18.0722 prop/ca
c 8453000 confls 4788322 constrs 1150 vars
c 8454000 confls 4789322 constrs 1150 vars
c 8455000 confls 4790322 constrs 1150 vars
c 8456000 confls 4791322 constrs 1150 vars
c 8457000 confls 4792322 constrs 1150 vars
c 8458000 confls 4793322 constrs 1150 vars
c 8459000 confls 4794322 constrs 1150 vars
c 8460000 confls 4795322 constrs 1150 vars
c 8461000 confls 4796322 constrs 1150 vars
c 8462000 confls 4797322 constrs 1150 vars
c INPROCESSING 11.2751 proptime 368452 prop/sec 20.9395 prop/ca
c 8463000 confls 4787593 constrs 1150 vars
c 8464000 confls 4788593 constrs 1150 vars
c 8465000 confls 4789593 constrs 1150 vars
c 8466000 confls 4790593 constrs 1150 vars
c 8467000 confls 4791593 constrs 1150 vars
c 8468000 confls 4792593 constrs 1150 vars
c 8469000 confls 4793593 constrs 1150 vars
c 8470000 confls 4794593 constrs 1150 vars
c 8471000 confls 4795593 constrs 1150 vars
c 8472000 confls 4796593 constrs 1150 vars
c 8473000 confls 4797593 constrs 1150 vars
c INPROCESSING 10.193 proptime 372655 prop/sec 21.4016 prop/ca
c 8474000 confls 4788313 constrs 1150 vars
c 8475000 confls 4789313 constrs 1150 vars
c 8476000 confls 4790313 constrs 1150 vars
c 8477000 confls 4791313 constrs 1150 vars
c 8478000 confls 4792313 constrs 1150 vars
c 8479000 confls 4793313 constrs 1150 vars
c 8480000 confls 4794313 constrs 1150 vars
c 8481000 confls 4795313 constrs 1150 vars
c 8482000 confls 4796313 constrs 1150 vars
c 8483000 confls 4797313 constrs 1150 vars
c INPROCESSING 10.9119 proptime 339910 prop/sec 22.6598 prop/ca
c 8484000 confls 4788526 constrs 1150 vars
c 8485000 confls 4789526 constrs 1150 vars
c 8486000 confls 4790526 constrs 1150 vars
c 8487000 confls 4791526 constrs 1150 vars
c 8488000 confls 4792526 constrs 1150 vars
c 8489000 confls 4793526 constrs 1150 vars
c 8490000 confls 4794526 constrs 1150 vars
c 8491000 confls 4795526 constrs 1150 vars
c 8492000 confls 4796526 constrs 1150 vars
c 8493000 confls 4797526 constrs 1150 vars
c 8494000 confls 4798526 constrs 1150 vars
c INPROCESSING 10.8836 proptime 373767 prop/sec 21.3424 prop/ca
c 8495000 confls 4788405 constrs 1150 vars
c 8496000 confls 4789405 constrs 1150 vars
c 8497000 confls 4790405 constrs 1150 vars
c 8498000 confls 4791405 constrs 1150 vars
c 8499000 confls 4792405 constrs 1150 vars
c 8500000 confls 4793405 constrs 1150 vars
c 8501000 confls 4794405 constrs 1150 vars
c 8502000 confls 4795405 constrs 1150 vars
c 8503000 confls 4796405 constrs 1150 vars
c 8504000 confls 4797405 constrs 1150 vars
c INPROCESSING 10.1058 proptime 457022 prop/sec 17.1768 prop/ca
c 8505000 confls 4786890 constrs 1150 vars
c 8506000 confls 4787890 constrs 1150 vars
c 8507000 confls 4788890 constrs 1150 vars
c 8508000 confls 4789890 constrs 1150 vars
c 8509000 confls 4790890 constrs 1150 vars
c 8510000 confls 4791890 constrs 1150 vars
c 8511000 confls 4792890 constrs 1150 vars
c 8512000 confls 4793890 constrs 1150 vars
c 8513000 confls 4794890 constrs 1150 vars
c 8514000 confls 4795890 constrs 1150 vars
c 8515000 confls 4796890 constrs 1150 vars
c INPROCESSING 11.1393 proptime 386448 prop/sec 18.392 prop/ca
c 8516000 confls 4787358 constrs 1150 vars
c 8517000 confls 4788358 constrs 1150 vars
c 8518000 confls 4789358 constrs 1150 vars
c 8519000 confls 4790358 constrs 1150 vars
c 8520000 confls 4791358 constrs 1150 vars
c 8521000 confls 4792358 constrs 1150 vars
c 8522000 confls 4793358 constrs 1150 vars
c 8523000 confls 4794358 constrs 1150 vars
c 8524000 confls 4795358 constrs 1150 vars
c 8525000 confls 4796358 constrs 1150 vars
c INPROCESSING 9.31396 proptime 422243 prop/sec 20.5913 prop/ca
c 8526000 confls 4787850 constrs 1150 vars
c 8527000 confls 4788850 constrs 1150 vars
c 8528000 confls 4789850 constrs 1150 vars
c 8529000 confls 4790850 constrs 1150 vars
c 8530000 confls 4791850 constrs 1150 vars
c 8531000 confls 4792850 constrs 1150 vars
c 8532000 confls 4793850 constrs 1150 vars
c 8533000 confls 4794850 constrs 1150 vars
c 8534000 confls 4795850 constrs 1150 vars
c 8535000 confls 4796850 constrs 1150 vars
c 8536000 confls 4797850 constrs 1150 vars
c INPROCESSING 10.7289 proptime 380506 prop/sec 20.6075 prop/ca
c 8537000 confls 4787511 constrs 1150 vars
c 8538000 confls 4788511 constrs 1150 vars
c 8539000 confls 4789511 constrs 1150 vars
c 8540000 confls 4790511 constrs 1150 vars
c 8541000 confls 4791511 constrs 1150 vars
c 8542000 confls 4792511 constrs 1150 vars
c 8543000 confls 4793511 constrs 1150 vars
c 8544000 confls 4794511 constrs 1150 vars
c 8545000 confls 4795511 constrs 1150 vars
c 8546000 confls 4796511 constrs 1150 vars
c INPROCESSING 10.8971 proptime 375738 prop/sec 20.5372 prop/ca
c 8547000 confls 4787537 constrs 1150 vars
c 8548000 confls 4788537 constrs 1150 vars
c 8549000 confls 4789537 constrs 1150 vars
c 8550000 confls 4790537 constrs 1150 vars
c 8551000 confls 4791537 constrs 1150 vars
c 8552000 confls 4792537 constrs 1150 vars
c 8553000 confls 4793537 constrs 1150 vars
c 8554000 confls 4794537 constrs 1150 vars
c 8555000 confls 4795537 constrs 1150 vars
c 8556000 confls 4796537 constrs 1150 vars
c 8557000 confls 4797537 constrs 1150 vars
c INPROCESSING 14.4682 proptime 273094 prop/sec 23.0229 prop/ca
c 8558000 confls 4787907 constrs 1150 vars
c 8559000 confls 4788907 constrs 1150 vars
c 8560000 confls 4789907 constrs 1150 vars
c 8561000 confls 4790907 constrs 1150 vars
c 8562000 confls 4791907 constrs 1150 vars
c 8563000 confls 4792907 constrs 1150 vars
c 8564000 confls 4793907 constrs 1150 vars
c 8565000 confls 4794907 constrs 1150 vars
c 8566000 confls 4795907 constrs 1150 vars
c 8567000 confls 4796907 constrs 1150 vars
c INPROCESSING 12.639 proptime 314030 prop/sec 19.8375 prop/ca
c 8568000 confls 4787046 constrs 1150 vars
c 8569000 confls 4788046 constrs 1150 vars
c 8570000 confls 4789046 constrs 1150 vars
c 8571000 confls 4790046 constrs 1150 vars
c 8572000 confls 4791046 constrs 1150 vars
c 8573000 confls 4792046 constrs 1150 vars
c 8574000 confls 4793046 constrs 1150 vars
c 8575000 confls 4794046 constrs 1150 vars
c 8576000 confls 4795046 constrs 1150 vars
c 8577000 confls 4796046 constrs 1150 vars
c 8578000 confls 4797046 constrs 1150 vars
c INPROCESSING 11.6062 proptime 319198 prop/sec 22.7659 prop/ca
c 8579000 confls 4788436 constrs 1150 vars
c 8580000 confls 4789436 constrs 1150 vars
c 8581000 confls 4790436 constrs 1150 vars
c 8582000 confls 4791436 constrs 1150 vars
c 8583000 confls 4792436 constrs 1150 vars
c 8584000 confls 4793436 constrs 1150 vars
c 8585000 confls 4794436 constrs 1150 vars
c 8586000 confls 4795436 constrs 1150 vars
c 8587000 confls 4796436 constrs 1150 vars
c 8588000 confls 4797436 constrs 1150 vars
c INPROCESSING 9.45612 proptime 414281 prop/sec 20.5857 prop/ca
c 8589000 confls 4787503 constrs 1150 vars
c 8590000 confls 4788503 constrs 1150 vars
c 8591000 confls 4789503 constrs 1150 vars
c 8592000 confls 4790503 constrs 1150 vars
c 8593000 confls 4791503 constrs 1150 vars
c 8594000 confls 4792503 constrs 1150 vars
c 8595000 confls 4793503 constrs 1150 vars
c 8596000 confls 4794503 constrs 1150 vars
c 8597000 confls 4795503 constrs 1150 vars
c 8598000 confls 4796503 constrs 1150 vars
c 8599000 confls 4797503 constrs 1150 vars
c INPROCESSING 9.39067 proptime 429928 prop/sec 18.1305 prop/ca
c 8600000 confls 4787569 constrs 1150 vars
c 8601000 confls 4788569 constrs 1150 vars
c 8602000 confls 4789569 constrs 1150 vars
c 8603000 confls 4790569 constrs 1150 vars
c 8604000 confls 4791569 constrs 1150 vars
c 8605000 confls 4792569 constrs 1150 vars
c 8606000 confls 4793569 constrs 1150 vars
c 8607000 confls 4794569 constrs 1150 vars
c 8608000 confls 4795569 constrs 1150 vars
c 8609000 confls 4796569 constrs 1150 vars
c INPROCESSING 9.88851 proptime 421188 prop/sec 17.4312 prop/ca
c 8610000 confls 4787580 constrs 1150 vars
c 8611000 confls 4788580 constrs 1150 vars
c 8612000 confls 4789580 constrs 1150 vars
c 8613000 confls 4790580 constrs 1150 vars
c 8614000 confls 4791580 constrs 1150 vars
c 8615000 confls 4792580 constrs 1150 vars
c 8616000 confls 4793580 constrs 1150 vars
c 8617000 confls 4794580 constrs 1150 vars
c 8618000 confls 4795580 constrs 1150 vars
c 8619000 confls 4796580 constrs 1150 vars
c 8620000 confls 4797580 constrs 1150 vars
c INPROCESSING 9.12095 proptime 458267 prop/sec 17.7343 prop/ca
c 8621000 confls 4787224 constrs 1150 vars
c 8622000 confls 4788224 constrs 1150 vars
c 8623000 confls 4789224 constrs 1150 vars
c 8624000 confls 4790224 constrs 1150 vars
c 8625000 confls 4791224 constrs 1150 vars
c 8626000 confls 4792224 constrs 1150 vars
c 8627000 confls 4793224 constrs 1150 vars
c 8628000 confls 4794224 constrs 1150 vars
c 8629000 confls 4795224 constrs 1150 vars
c 8630000 confls 4796224 constrs 1150 vars
c 8631000 confls 4797224 constrs 1150 vars
c INPROCESSING 11.176 proptime 381562 prop/sec 19.4541 prop/ca
c 8632000 confls 4787966 constrs 1150 vars
c 8633000 confls 4788966 constrs 1150 vars
c 8634000 confls 4789966 constrs 1150 vars
c 8635000 confls 4790966 constrs 1150 vars
c 8636000 confls 4791966 constrs 1150 vars
c 8637000 confls 4792966 constrs 1150 vars
c 8638000 confls 4793966 constrs 1150 vars
c 8639000 confls 4794966 constrs 1150 vars
c 8640000 confls 4795966 constrs 1150 vars
c 8641000 confls 4796966 constrs 1150 vars
c INPROCESSING 10.3509 proptime 415947 prop/sec 19.9067 prop/ca
c 8642000 confls 4787195 constrs 1150 vars
c 8643000 confls 4788195 constrs 1150 vars
c 8644000 confls 4789195 constrs 1150 vars
c 8645000 confls 4790195 constrs 1150 vars
c 8646000 confls 4791195 constrs 1150 vars
c 8647000 confls 4792195 constrs 1150 vars
c 8648000 confls 4793195 constrs 1150 vars
c 8649000 confls 4794195 constrs 1150 vars
c 8650000 confls 4795195 constrs 1150 vars
c 8651000 confls 4796195 constrs 1150 vars
c 8652000 confls 4797195 constrs 1150 vars
c INPROCESSING 10.1129 proptime 391395 prop/sec 20.48 prop/ca
c 8653000 confls 4788056 constrs 1150 vars
c 8654000 confls 4789056 constrs 1150 vars
c 8655000 confls 4790056 constrs 1150 vars
c 8656000 confls 4791056 constrs 1150 vars
c 8657000 confls 4792056 constrs 1150 vars
c 8658000 confls 4793056 constrs 1150 vars
c 8659000 confls 4794056 constrs 1150 vars
c 8660000 confls 4795056 constrs 1150 vars
c 8661000 confls 4796056 constrs 1150 vars
c 8662000 confls 4797056 constrs 1150 vars
c INPROCESSING 10.1124 proptime 403849 prop/sec 19.8775 prop/ca
c 8663000 confls 4787677 constrs 1150 vars
c 8664000 confls 4788677 constrs 1150 vars
c 8665000 confls 4789677 constrs 1150 vars
c 8666000 confls 4790677 constrs 1150 vars
c 8667000 confls 4791677 constrs 1150 vars
c 8668000 confls 4792677 constrs 1150 vars
c 8669000 confls 4793677 constrs 1150 vars
c 8670000 confls 4794677 constrs 1150 vars
c 8671000 confls 4795677 constrs 1150 vars
c 8672000 confls 4796677 constrs 1150 vars
c 8673000 confls 4797677 constrs 1150 vars
c INPROCESSING 9.05541 proptime 422149 prop/sec 19.789 prop/ca
c 8674000 confls 4788169 constrs 1150 vars
c 8675000 confls 4789169 constrs 1150 vars
c 8676000 confls 4790169 constrs 1150 vars
c 8677000 confls 4791169 constrs 1150 vars
c 8678000 confls 4792169 constrs 1150 vars
c 8679000 confls 4793169 constrs 1150 vars
c 8680000 confls 4794169 constrs 1150 vars
c 8681000 confls 4795169 constrs 1150 vars
c 8682000 confls 4796169 constrs 1150 vars
c 8683000 confls 4797169 constrs 1150 vars
c INPROCESSING 11.9193 proptime 339531 prop/sec 21.3168 prop/ca
c 8684000 confls 4787978 constrs 1150 vars
c 8685000 confls 4788978 constrs 1150 vars
c 8686000 confls 4789978 constrs 1150 vars
c 8687000 confls 4790978 constrs 1150 vars
c 8688000 confls 4791978 constrs 1150 vars
c 8689000 confls 4792978 constrs 1150 vars
c 8690000 confls 4793978 constrs 1150 vars
c 8691000 confls 4794978 constrs 1150 vars
c 8692000 confls 4795978 constrs 1150 vars
c 8693000 confls 4796978 constrs 1150 vars
c 8694000 confls 4797978 constrs 1150 vars
c INPROCESSING 11.7784 proptime 360949 prop/sec 20.2977 prop/ca
c 8695000 confls 4787541 constrs 1150 vars
c 8696000 confls 4788541 constrs 1150 vars
c 8697000 confls 4789541 constrs 1150 vars
c 8698000 confls 4790541 constrs 1150 vars
c 8699000 confls 4791541 constrs 1150 vars
c 8700000 confls 4792541 constrs 1150 vars
c 8701000 confls 4793541 constrs 1150 vars
c 8702000 confls 4794541 constrs 1150 vars
c 8703000 confls 4795541 constrs 1150 vars
c 8704000 confls 4796541 constrs 1150 vars
c INPROCESSING 9.79981 proptime 379830 prop/sec 21.8518 prop/ca
c 8705000 confls 4787985 constrs 1150 vars
c 8706000 confls 4788985 constrs 1150 vars
c 8707000 confls 4789985 constrs 1150 vars
c 8708000 confls 4790985 constrs 1150 vars
c 8709000 confls 4791985 constrs 1150 vars
c 8710000 confls 4792985 constrs 1150 vars
c 8711000 confls 4793985 constrs 1150 vars
c 8712000 confls 4794985 constrs 1150 vars
c 8713000 confls 4795985 constrs 1150 vars
c 8714000 confls 4796985 constrs 1150 vars
c 8715000 confls 4797985 constrs 1150 vars
c INPROCESSING 9.34032 proptime 451841 prop/sec 20.209 prop/ca
c 8716000 confls 4788309 constrs 1150 vars
c 8717000 confls 4789309 constrs 1150 vars
c 8718000 confls 4790309 constrs 1150 vars
c 8719000 confls 4791309 constrs 1150 vars
c 8720000 confls 4792309 constrs 1150 vars
c 8721000 confls 4793309 constrs 1150 vars
c 8722000 confls 4794309 constrs 1150 vars
c 8723000 confls 4795309 constrs 1150 vars
c 8724000 confls 4796309 constrs 1150 vars
c 8725000 confls 4797309 constrs 1150 vars
c INPROCESSING 9.03957 proptime 421255 prop/sec 19.1968 prop/ca
c 8726000 confls 4787968 constrs 1150 vars
c 8727000 confls 4788968 constrs 1150 vars
c 8728000 confls 4789968 constrs 1150 vars
c 8729000 confls 4790968 constrs 1150 vars
c 8730000 confls 4791968 constrs 1150 vars
c 8731000 confls 4792968 constrs 1150 vars
c 8732000 confls 4793968 constrs 1150 vars
c 8733000 confls 4794968 constrs 1150 vars
c 8734000 confls 4795968 constrs 1150 vars
c 8735000 confls 4796968 constrs 1150 vars
c 8736000 confls 4797968 constrs 1150 vars
c INPROCESSING 9.71969 proptime 415444 prop/sec 20.2106 prop/ca
c 8737000 confls 4788353 constrs 1150 vars
c 8738000 confls 4789353 constrs 1150 vars
c 8739000 confls 4790353 constrs 1150 vars
c 8740000 confls 4791353 constrs 1150 vars
c 8741000 confls 4792353 constrs 1150 vars
c 8742000 confls 4793353 constrs 1150 vars
c 8743000 confls 4794353 constrs 1150 vars
c 8744000 confls 4795353 constrs 1150 vars
c 8745000 confls 4796353 constrs 1150 vars
c 8746000 confls 4797353 constrs 1150 vars
c INPROCESSING 9.28217 proptime 492584 prop/sec 16.8793 prop/ca
c 8747000 confls 4786389 constrs 1150 vars
c 8748000 confls 4787389 constrs 1150 vars
c 8749000 confls 4788389 constrs 1150 vars
c 8750000 confls 4789389 constrs 1150 vars
c 8751000 confls 4790389 constrs 1150 vars
c 8752000 confls 4791389 constrs 1150 vars
c 8753000 confls 4792389 constrs 1150 vars
c 8754000 confls 4793389 constrs 1150 vars
c 8755000 confls 4794389 constrs 1150 vars
c 8756000 confls 4795389 constrs 1150 vars
c 8757000 confls 4796389 constrs 1150 vars
c INPROCESSING 9.37713 proptime 411753 prop/sec 20.5107 prop/ca
c 8758000 confls 4787705 constrs 1150 vars
c 8759000 confls 4788705 constrs 1150 vars
c 8760000 confls 4789705 constrs 1150 vars
c 8761000 confls 4790705 constrs 1150 vars
c 8762000 confls 4791705 constrs 1150 vars
c 8763000 confls 4792705 constrs 1150 vars
c 8764000 confls 4793705 constrs 1150 vars
c 8765000 confls 4794705 constrs 1150 vars
c 8766000 confls 4795705 constrs 1150 vars
c 8767000 confls 4796705 constrs 1150 vars
c 8768000 confls 4797705 constrs 1150 vars
c INPROCESSING 9.18749 proptime 438161 prop/sec 19.5268 prop/ca
c 8769000 confls 4788195 constrs 1150 vars
c 8770000 confls 4789195 constrs 1150 vars
c 8771000 confls 4790195 constrs 1150 vars
c 8772000 confls 4791195 constrs 1150 vars
c 8773000 confls 4792195 constrs 1150 vars
c 8774000 confls 4793195 constrs 1150 vars
c 8775000 confls 4794195 constrs 1150 vars
c 8776000 confls 4795195 constrs 1150 vars
c 8777000 confls 4796195 constrs 1150 vars
c 8778000 confls 4797195 constrs 1150 vars
c INPROCESSING 9.22163 proptime 419032 prop/sec 20.927 prop/ca
c 8779000 confls 4788041 constrs 1150 vars
c 8780000 confls 4789041 constrs 1150 vars
c 8781000 confls 4790041 constrs 1150 vars
c 8782000 confls 4791041 constrs 1150 vars
c 8783000 confls 4792041 constrs 1150 vars
c 8784000 confls 4793041 constrs 1150 vars
c 8785000 confls 4794041 constrs 1150 vars
c 8786000 confls 4795041 constrs 1150 vars
c 8787000 confls 4796041 constrs 1150 vars
c 8788000 confls 4797041 constrs 1150 vars
c 8789000 confls 4798041 constrs 1150 vars
c INPROCESSING 9.32009 proptime 437370 prop/sec 20.6603 prop/ca
c 8790000 confls 4788342 constrs 1150 vars
c 8791000 confls 4789342 constrs 1150 vars
c 8792000 confls 4790342 constrs 1150 vars
c 8793000 confls 4791342 constrs 1150 vars
c 8794000 confls 4792342 constrs 1150 vars
c 8795000 confls 4793342 constrs 1150 vars
c 8796000 confls 4794342 constrs 1150 vars
c 8797000 confls 4795342 constrs 1150 vars
c 8798000 confls 4796342 constrs 1150 vars
c 8799000 confls 4797342 constrs 1150 vars
c INPROCESSING 10.0568 proptime 371696 prop/sec 21.507 prop/ca
c 8800000 confls 4787974 constrs 1150 vars
c 8801000 confls 4788974 constrs 1150 vars
c 8802000 confls 4789974 constrs 1150 vars
c 8803000 confls 4790974 constrs 1150 vars
c 8804000 confls 4791974 constrs 1150 vars
c 8805000 confls 4792974 constrs 1150 vars
c 8806000 confls 4793974 constrs 1150 vars
c 8807000 confls 4794974 constrs 1150 vars
c 8808000 confls 4795974 constrs 1150 vars
c 8809000 confls 4796974 constrs 1150 vars
c 8810000 confls 4797974 constrs 1150 vars
c INPROCESSING 9.80797 proptime 407229 prop/sec 20.4654 prop/ca
c 8811000 confls 4788455 constrs 1150 vars
c 8812000 confls 4789455 constrs 1150 vars
c 8813000 confls 4790455 constrs 1150 vars
c 8814000 confls 4791455 constrs 1150 vars
c 8815000 confls 4792455 constrs 1150 vars
c 8816000 confls 4793455 constrs 1150 vars
c 8817000 confls 4794455 constrs 1150 vars
c 8818000 confls 4795455 constrs 1150 vars
c 8819000 confls 4796455 constrs 1150 vars
c 8820000 confls 4797455 constrs 1150 vars
c INPROCESSING 9.17433 proptime 442918 prop/sec 18.4928 prop/ca
c 8821000 confls 4787483 constrs 1150 vars
c 8822000 confls 4788483 constrs 1150 vars
c 8823000 confls 4789483 constrs 1150 vars
c 8824000 confls 4790483 constrs 1150 vars
c 8825000 confls 4791483 constrs 1150 vars
c 8826000 confls 4792483 constrs 1150 vars
c 8827000 confls 4793483 constrs 1150 vars
c 8828000 confls 4794483 constrs 1150 vars
c 8829000 confls 4795483 constrs 1150 vars
c 8830000 confls 4796483 constrs 1150 vars
c 8831000 confls 4797483 constrs 1150 vars
c INPROCESSING 9.94304 proptime 399881 prop/sec 19.6888 prop/ca
c 8832000 confls 4788253 constrs 1150 vars
c 8833000 confls 4789253 constrs 1150 vars
c 8834000 confls 4790253 constrs 1150 vars
c 8835000 confls 4791253 constrs 1150 vars
c 8836000 confls 4792253 constrs 1150 vars
c 8837000 confls 4793253 constrs 1150 vars
c 8838000 confls 4794253 constrs 1150 vars
c 8839000 confls 4795253 constrs 1150 vars
c 8840000 confls 4796253 constrs 1150 vars
c 8841000 confls 4797253 constrs 1150 vars
c INPROCESSING 9.53409 proptime 443585 prop/sec 17.811 prop/ca
c 8842000 confls 4786886 constrs 1150 vars
c 8843000 confls 4787886 constrs 1150 vars
c 8844000 confls 4788886 constrs 1150 vars
c 8845000 confls 4789886 constrs 1150 vars
c 8846000 confls 4790886 constrs 1150 vars
c 8847000 confls 4791886 constrs 1150 vars
c 8848000 confls 4792886 constrs 1150 vars
c 8849000 confls 4793886 constrs 1150 vars
c 8850000 confls 4794886 constrs 1150 vars
c 8851000 confls 4795886 constrs 1150 vars
c 8852000 confls 4796886 constrs 1150 vars
c INPROCESSING 9.13988 proptime 486311 prop/sec 16.3803 prop/ca
c 8853000 confls 4787330 constrs 1150 vars
c 8854000 confls 4788330 constrs 1150 vars
c 8855000 confls 4789330 constrs 1150 vars
c 8856000 confls 4790330 constrs 1150 vars
c 8857000 confls 4791330 constrs 1150 vars
c 8858000 confls 4792330 constrs 1150 vars
c 8859000 confls 4793330 constrs 1150 vars
c 8860000 confls 4794330 constrs 1150 vars
c 8861000 confls 4795330 constrs 1150 vars
c 8862000 confls 4796330 constrs 1150 vars
c 8863000 confls 4797330 constrs 1150 vars
c INPROCESSING 11.0224 proptime 388173 prop/sec 19.7976 prop/ca
c 8864000 confls 4787465 constrs 1150 vars
c 8865000 confls 4788465 constrs 1150 vars
c 8866000 confls 4789465 constrs 1150 vars
c 8867000 confls 4790465 constrs 1150 vars
c 8868000 confls 4791465 constrs 1150 vars
c 8869000 confls 4792465 constrs 1150 vars
c 8870000 confls 4793465 constrs 1150 vars
c 8871000 confls 4794465 constrs 1150 vars
c 8872000 confls 4795465 constrs 1150 vars
c 8873000 confls 4796465 constrs 1150 vars
c INPROCESSING 9.69112 proptime 449571 prop/sec 18.3368 prop/ca
c 8874000 confls 4787576 constrs 1150 vars
c 8875000 confls 4788576 constrs 1150 vars
c 8876000 confls 4789576 constrs 1150 vars
c 8877000 confls 4790576 constrs 1150 vars
c 8878000 confls 4791576 constrs 1150 vars
c 8879000 confls 4792576 constrs 1150 vars
c 8880000 confls 4793576 constrs 1150 vars
c 8881000 confls 4794576 constrs 1150 vars
c 8882000 confls 4795576 constrs 1150 vars
c 8883000 confls 4796576 constrs 1150 vars
c 8884000 confls 4797576 constrs 1150 vars
c INPROCESSING 9.33014 proptime 457222 prop/sec 18.3443 prop/ca
c 8885000 confls 4788191 constrs 1150 vars
c 8886000 confls 4789191 constrs 1150 vars
c 8887000 confls 4790191 constrs 1150 vars
c 8888000 confls 4791191 constrs 1150 vars
c 8889000 confls 4792191 constrs 1150 vars
c 8890000 confls 4793191 constrs 1150 vars
c 8891000 confls 4794191 constrs 1150 vars
c 8892000 confls 4795191 constrs 1150 vars
c 8893000 confls 4796191 constrs 1150 vars
c 8894000 confls 4797191 constrs 1150 vars
c INPROCESSING 8.54745 proptime 539995 prop/sec 15.9827 prop/ca
c 8895000 confls 4786463 constrs 1150 vars
c 8896000 confls 4787463 constrs 1150 vars
c 8897000 confls 4788463 constrs 1150 vars
c 8898000 confls 4789463 constrs 1150 vars
c 8899000 confls 4790463 constrs 1150 vars
c 8900000 confls 4791463 constrs 1150 vars
c 8901000 confls 4792463 constrs 1150 vars
c 8902000 confls 4793463 constrs 1150 vars
c 8903000 confls 4794463 constrs 1150 vars
c 8904000 confls 4795463 constrs 1150 vars
c 8905000 confls 4796463 constrs 1150 vars
c INPROCESSING 9.1097 proptime 485162 prop/sec 17.2304 prop/ca
c 8906000 confls 4787206 constrs 1150 vars
c 8907000 confls 4788206 constrs 1150 vars
c 8908000 confls 4789206 constrs 1150 vars
c 8909000 confls 4790206 constrs 1150 vars
c 8910000 confls 4791206 constrs 1150 vars
c 8911000 confls 4792206 constrs 1150 vars
c 8912000 confls 4793206 constrs 1150 vars
c 8913000 confls 4794206 constrs 1150 vars
c 8914000 confls 4795206 constrs 1150 vars
c 8915000 confls 4796206 constrs 1150 vars
c INPROCESSING 9.02632 proptime 468819 prop/sec 17.6505 prop/ca
c 8916000 confls 4786893 constrs 1150 vars
c 8917000 confls 4787893 constrs 1150 vars
c 8918000 confls 4788893 constrs 1150 vars
c 8919000 confls 4789893 constrs 1150 vars
c 8920000 confls 4790893 constrs 1150 vars
c 8921000 confls 4791893 constrs 1150 vars
c 8922000 confls 4792893 constrs 1150 vars
c 8923000 confls 4793893 constrs 1150 vars
c 8924000 confls 4794893 constrs 1150 vars
c 8925000 confls 4795893 constrs 1150 vars
c 8926000 confls 4796893 constrs 1150 vars
c INPROCESSING 9.15675 proptime 438478 prop/sec 17.9278 prop/ca
c 8927000 confls 4787785 constrs 1150 vars
c 8928000 confls 4788785 constrs 1150 vars
c 8929000 confls 4789785 constrs 1150 vars
c 8930000 confls 4790785 constrs 1150 vars
c 8931000 confls 4791785 constrs 1150 vars
c 8932000 confls 4792785 constrs 1150 vars
c 8933000 confls 4793785 constrs 1150 vars
c 8934000 confls 4794785 constrs 1150 vars
c 8935000 confls 4795785 constrs 1150 vars
c 8936000 confls 4796785 constrs 1150 vars
c INPROCESSING 9.40198 proptime 448175 prop/sec 17.8932 prop/ca
c 8937000 confls 4787228 constrs 1150 vars
c 8938000 confls 4788228 constrs 1150 vars
c 8939000 confls 4789228 constrs 1150 vars
c 8940000 confls 4790228 constrs 1150 vars
c 8941000 confls 4791228 constrs 1150 vars
c 8942000 confls 4792228 constrs 1150 vars
c 8943000 confls 4793228 constrs 1150 vars
c 8944000 confls 4794228 constrs 1150 vars
c 8945000 confls 4795228 constrs 1150 vars
c 8946000 confls 4796228 constrs 1150 vars
c 8947000 confls 4797228 constrs 1150 vars
c INPROCESSING 8.96902 proptime 435817 prop/sec 19.8048 prop/ca
c 8948000 confls 4787991 constrs 1150 vars
c 8949000 confls 4788991 constrs 1150 vars
c 8950000 confls 4789991 constrs 1150 vars
c 8951000 confls 4790991 constrs 1150 vars
c 8952000 confls 4791991 constrs 1150 vars
c 8953000 confls 4792991 constrs 1150 vars
c 8954000 confls 4793991 constrs 1150 vars
c 8955000 confls 4794991 constrs 1150 vars
c 8956000 confls 4795991 constrs 1150 vars
c 8957000 confls 4796991 constrs 1150 vars
c 8958000 confls 4797991 constrs 1150 vars
c INPROCESSING 8.98095 proptime 482355 prop/sec 18.3147 prop/ca
c 8959000 confls 4788084 constrs 1150 vars
c 8960000 confls 4789084 constrs 1150 vars
c 8961000 confls 4790084 constrs 1150 vars
c 8962000 confls 4791084 constrs 1150 vars
c 8963000 confls 4792084 constrs 1150 vars
c 8964000 confls 4793084 constrs 1150 vars
c 8965000 confls 4794084 constrs 1150 vars
c 8966000 confls 4795084 constrs 1150 vars
c 8967000 confls 4796084 constrs 1150 vars
c 8968000 confls 4797084 constrs 1150 vars
c INPROCESSING 9.38264 proptime 472523 prop/sec 17.3144 prop/ca
c 8969000 confls 4787247 constrs 1150 vars
c 8970000 confls 4788247 constrs 1150 vars
c 8971000 confls 4789247 constrs 1150 vars
c 8972000 confls 4790247 constrs 1150 vars
c 8973000 confls 4791247 constrs 1150 vars
c 8974000 confls 4792247 constrs 1150 vars
c 8975000 confls 4793247 constrs 1150 vars
c 8976000 confls 4794247 constrs 1150 vars
c 8977000 confls 4795247 constrs 1150 vars
c 8978000 confls 4796247 constrs 1150 vars
c 8979000 confls 4797247 constrs 1150 vars
c INPROCESSING 10.2597 proptime 398951 prop/sec 17.4246 prop/ca
c 8980000 confls 4788632 constrs 1150 vars
c 8981000 confls 4789632 constrs 1150 vars
c 8982000 confls 4790632 constrs 1150 vars
c 8983000 confls 4791632 constrs 1150 vars
c 8984000 confls 4792632 constrs 1150 vars
c 8985000 confls 4793632 constrs 1150 vars
c 8986000 confls 4794632 constrs 1150 vars
c 8987000 confls 4795632 constrs 1150 vars
c 8988000 confls 4796632 constrs 1150 vars
c 8989000 confls 4797632 constrs 1150 vars
c INPROCESSING 12.1802 proptime 334502 prop/sec 21.3288 prop/ca
c 8990000 confls 4786990 constrs 1150 vars
c 8991000 confls 4787990 constrs 1150 vars
c 8992000 confls 4788990 constrs 1150 vars
c 8993000 confls 4789990 constrs 1150 vars
c 8994000 confls 4790990 constrs 1150 vars
c 8995000 confls 4791990 constrs 1150 vars
c 8996000 confls 4792990 constrs 1150 vars
c 8997000 confls 4793990 constrs 1150 vars
c 8998000 confls 4794990 constrs 1150 vars
c 8999000 confls 4795990 constrs 1150 vars
c 9000000 confls 4796990 constrs 1150 vars
c INPROCESSING 9.44257 proptime 463626 prop/sec 15.6754 prop/ca
c 9001000 confls 4787203 constrs 1150 vars
c 9002000 confls 4788203 constrs 1150 vars
c 9003000 confls 4789203 constrs 1150 vars
c 9004000 confls 4790203 constrs 1150 vars
c 9005000 confls 4791203 constrs 1150 vars
c 9006000 confls 4792203 constrs 1150 vars
c 9007000 confls 4793203 constrs 1150 vars
c 9008000 confls 4794203 constrs 1150 vars
c 9009000 confls 4795203 constrs 1150 vars
c 9010000 confls 4796203 constrs 1150 vars
c INPROCESSING 10.5474 proptime 356188 prop/sec 21.4098 prop/ca
c 9011000 confls 4787472 constrs 1150 vars
c 9012000 confls 4788472 constrs 1150 vars
c 9013000 confls 4789472 constrs 1150 vars
c 9014000 confls 4790472 constrs 1150 vars
c 9015000 confls 4791472 constrs 1150 vars
c 9016000 confls 4792472 constrs 1150 vars
c 9017000 confls 4793472 constrs 1150 vars
c 9018000 confls 4794472 constrs 1150 vars
c 9019000 confls 4795472 constrs 1150 vars
c 9020000 confls 4796472 constrs 1150 vars
c 9021000 confls 4797472 constrs 1150 vars
c INPROCESSING 8.7991 proptime 473472 prop/sec 15.0363 prop/ca
c 9022000 confls 4787509 constrs 1150 vars
c 9023000 confls 4788509 constrs 1150 vars
c 9024000 confls 4789509 constrs 1150 vars
c 9025000 confls 4790509 constrs 1150 vars
c 9026000 confls 4791509 constrs 1150 vars
c 9027000 confls 4792509 constrs 1150 vars
c 9028000 confls 4793509 constrs 1150 vars
c 9029000 confls 4794509 constrs 1150 vars
c 9030000 confls 4795509 constrs 1150 vars
c 9031000 confls 4796509 constrs 1150 vars
c INPROCESSING 8.24212 proptime 497089 prop/sec 20.5106 prop/ca
c 9032000 confls 4786980 constrs 1150 vars
c 9033000 confls 4787980 constrs 1150 vars
c 9034000 confls 4788980 constrs 1150 vars
c 9035000 confls 4789980 constrs 1150 vars
c 9036000 confls 4790980 constrs 1150 vars
c 9037000 confls 4791980 constrs 1150 vars
c 9038000 confls 4792980 constrs 1150 vars
c 9039000 confls 4793980 constrs 1150 vars
c 9040000 confls 4794980 constrs 1150 vars
c 9041000 confls 4795980 constrs 1150 vars
c 9042000 confls 4796980 constrs 1150 vars
c INPROCESSING 7.85637 proptime 497341 prop/sec 20.9778 prop/ca
c 9043000 confls 4787751 constrs 1150 vars
c 9044000 confls 4788751 constrs 1150 vars
c 9045000 confls 4789751 constrs 1150 vars
c 9046000 confls 4790751 constrs 1150 vars
c 9047000 confls 4791751 constrs 1150 vars
c 9048000 confls 4792751 constrs 1150 vars
c 9049000 confls 4793751 constrs 1150 vars
c 9050000 confls 4794751 constrs 1150 vars
c 9051000 confls 4795751 constrs 1150 vars
c 9052000 confls 4796751 constrs 1150 vars
c 9053000 confls 4797751 constrs 1150 vars
c INPROCESSING 7.87391 proptime 461886 prop/sec 21.7259 prop/ca
c 9054000 confls 4788845 constrs 1150 vars
c 9055000 confls 4789845 constrs 1150 vars
c 9056000 confls 4790845 constrs 1150 vars
c 9057000 confls 4791845 constrs 1150 vars
c 9058000 confls 4792845 constrs 1150 vars
c 9059000 confls 4793845 constrs 1150 vars
c 9060000 confls 4794845 constrs 1150 vars
c 9061000 confls 4795845 constrs 1150 vars
c 9062000 confls 4796845 constrs 1150 vars
c 9063000 confls 4797845 constrs 1150 vars
c INPROCESSING 7.68621 proptime 451302 prop/sec 21.4413 prop/ca
c 9064000 confls 4788434 constrs 1150 vars
c 9065000 confls 4789434 constrs 1150 vars
c 9066000 confls 4790434 constrs 1150 vars
c 9067000 confls 4791434 constrs 1150 vars
c 9068000 confls 4792434 constrs 1150 vars
c 9069000 confls 4793434 constrs 1150 vars
c 9070000 confls 4794434 constrs 1150 vars
c 9071000 confls 4795434 constrs 1149 vars
c 9072000 confls 4796434 constrs 1149 vars
c 9073000 confls 4797434 constrs 1149 vars
c 9074000 confls 4798434 constrs 1149 vars
c INPROCESSING 8.05145 proptime 500868 prop/sec 18.4726 prop/ca
c 9075000 confls 4713397 constrs 1149 vars
c 9076000 confls 4714397 constrs 1149 vars
c 9077000 confls 4715397 constrs 1149 vars
c 9078000 confls 4716397 constrs 1149 vars
c 9079000 confls 4717397 constrs 1149 vars
c 9080000 confls 4718397 constrs 1149 vars
c 9081000 confls 4719397 constrs 1149 vars
c 9082000 confls 4720397 constrs 1149 vars
c 9083000 confls 4721397 constrs 1149 vars
c 9084000 confls 4722397 constrs 1149 vars
c INPROCESSING 8.15029 proptime 494908 prop/sec 20.2109 prop/ca
c 9085000 confls 4712873 constrs 1149 vars
c 9086000 confls 4713873 constrs 1149 vars
c 9087000 confls 4714873 constrs 1149 vars
c 9088000 confls 4715873 constrs 1149 vars
c 9089000 confls 4716873 constrs 1149 vars
c 9090000 confls 4717873 constrs 1149 vars
c 9091000 confls 4718873 constrs 1149 vars
c 9092000 confls 4719873 constrs 1149 vars
c 9093000 confls 4720873 constrs 1149 vars
c 9094000 confls 4721873 constrs 1149 vars
c 9095000 confls 4722873 constrs 1149 vars
c INPROCESSING 7.73551 proptime 507769 prop/sec 20.3971 prop/ca
c 9096000 confls 4713296 constrs 1149 vars
c 9097000 confls 4714296 constrs 1149 vars
c 9098000 confls 4715296 constrs 1149 vars
c 9099000 confls 4716296 constrs 1149 vars
c 9100000 confls 4717296 constrs 1149 vars
c 9101000 confls 4718296 constrs 1149 vars
c 9102000 confls 4719296 constrs 1149 vars
c 9103000 confls 4720296 constrs 1149 vars
c 9104000 confls 4721296 constrs 1149 vars
c 9105000 confls 4722296 constrs 1149 vars
c INPROCESSING 8.04878 proptime 484936 prop/sec 21.1681 prop/ca
c 9106000 confls 4713216 constrs 1149 vars
c 9107000 confls 4714216 constrs 1149 vars
c 9108000 confls 4715216 constrs 1149 vars
c 9109000 confls 4716216 constrs 1149 vars
c 9110000 confls 4717216 constrs 1149 vars
c 9111000 confls 4718216 constrs 1149 vars
c 9112000 confls 4719216 constrs 1149 vars
c 9113000 confls 4720216 constrs 1149 vars
c 9114000 confls 4721216 constrs 1149 vars
c 9115000 confls 4722216 constrs 1149 vars
c 9116000 confls 4723216 constrs 1149 vars
c INPROCESSING 8.39275 proptime 445217 prop/sec 21.0772 prop/ca
c 9117000 confls 4713289 constrs 1149 vars
c 9118000 confls 4714289 constrs 1149 vars
c 9119000 confls 4715289 constrs 1149 vars
c 9120000 confls 4716289 constrs 1149 vars
c 9121000 confls 4717289 constrs 1149 vars
c 9122000 confls 4718289 constrs 1149 vars
c 9123000 confls 4719289 constrs 1149 vars
c 9124000 confls 4720289 constrs 1149 vars
c 9125000 confls 4721289 constrs 1149 vars
c 9126000 confls 4722289 constrs 1149 vars
c 9127000 confls 4723289 constrs 1149 vars
c INPROCESSING 7.90498 proptime 541605 prop/sec 18.3542 prop/ca
c 9128000 confls 4713450 constrs 1149 vars
c 9129000 confls 4714450 constrs 1149 vars
c 9130000 confls 4715450 constrs 1149 vars
c 9131000 confls 4716450 constrs 1149 vars
c 9132000 confls 4717450 constrs 1149 vars
c 9133000 confls 4718450 constrs 1149 vars
c 9134000 confls 4719450 constrs 1149 vars
c 9135000 confls 4720450 constrs 1149 vars
c 9136000 confls 4721450 constrs 1149 vars
c 9137000 confls 4722450 constrs 1149 vars
c INPROCESSING 7.72535 proptime 519166 prop/sec 18.943 prop/ca
c 9138000 confls 4712902 constrs 1149 vars
c 9139000 confls 4713902 constrs 1149 vars
c 9140000 confls 4714902 constrs 1149 vars
c 9141000 confls 4715902 constrs 1149 vars
c 9142000 confls 4716902 constrs 1149 vars
c 9143000 confls 4717902 constrs 1149 vars
c 9144000 confls 4718902 constrs 1149 vars
c 9145000 confls 4719902 constrs 1149 vars
c 9146000 confls 4720902 constrs 1149 vars
c 9147000 confls 4721902 constrs 1149 vars
c 9148000 confls 4722902 constrs 1149 vars
c INPROCESSING 8.58847 proptime 466207 prop/sec 21.8244 prop/ca
c 9149000 confls 4713975 constrs 1149 vars
c 9150000 confls 4714975 constrs 1149 vars
c 9151000 confls 4715975 constrs 1149 vars
c 9152000 confls 4716975 constrs 1149 vars
c 9153000 confls 4717975 constrs 1149 vars
c 9154000 confls 4718975 constrs 1149 vars
c 9155000 confls 4719975 constrs 1149 vars
c 9156000 confls 4720975 constrs 1149 vars
c 9157000 confls 4721975 constrs 1149 vars
c 9158000 confls 4722975 constrs 1149 vars
c INPROCESSING 7.49964 proptime 483723 prop/sec 19.8887 prop/ca
c 9159000 confls 4713058 constrs 1149 vars
c 9160000 confls 4714058 constrs 1149 vars
c 9161000 confls 4715058 constrs 1149 vars
c 9162000 confls 4716058 constrs 1149 vars
c 9163000 confls 4717058 constrs 1149 vars
c 9164000 confls 4718058 constrs 1149 vars
c 9165000 confls 4719058 constrs 1149 vars
c 9166000 confls 4720058 constrs 1149 vars
c 9167000 confls 4721058 constrs 1149 vars
c 9168000 confls 4722058 constrs 1149 vars
c 9169000 confls 4723058 constrs 1149 vars
c INPROCESSING 8.2201 proptime 470094 prop/sec 21.6462 prop/ca
c 9170000 confls 4713781 constrs 1149 vars
c 9171000 confls 4714781 constrs 1149 vars
c 9172000 confls 4715781 constrs 1149 vars
c 9173000 confls 4716781 constrs 1149 vars
c 9174000 confls 4717781 constrs 1149 vars
c 9175000 confls 4718781 constrs 1149 vars
c 9176000 confls 4719781 constrs 1149 vars
c 9177000 confls 4720781 constrs 1149 vars
c 9178000 confls 4721781 constrs 1149 vars
c 9179000 confls 4722781 constrs 1149 vars
c 9180000 confls 4723781 constrs 1149 vars
c INPROCESSING 7.55028 proptime 569309 prop/sec 18.7845 prop/ca
c 9181000 confls 4713528 constrs 1149 vars
c 9182000 confls 4714528 constrs 1149 vars
c 9183000 confls 4715528 constrs 1149 vars
c 9184000 confls 4716528 constrs 1149 vars
c 9185000 confls 4717528 constrs 1149 vars
c 9186000 confls 4718528 constrs 1149 vars
c 9187000 confls 4719528 constrs 1149 vars
c 9188000 confls 4720528 constrs 1149 vars
c 9189000 confls 4721528 constrs 1149 vars
c 9190000 confls 4722528 constrs 1149 vars
c INPROCESSING 7.81002 proptime 531248 prop/sec 19.6914 prop/ca
c 9191000 confls 4713044 constrs 1149 vars
c 9192000 confls 4714044 constrs 1149 vars
c 9193000 confls 4715044 constrs 1149 vars
c 9194000 confls 4716044 constrs 1149 vars
c 9195000 confls 4717044 constrs 1149 vars
c 9196000 confls 4718044 constrs 1149 vars
c 9197000 confls 4719044 constrs 1149 vars
c 9198000 confls 4720044 constrs 1149 vars
c 9199000 confls 4721044 constrs 1149 vars
c 9200000 confls 4722044 constrs 1149 vars
c 9201000 confls 4723044 constrs 1149 vars
c INPROCESSING 7.67344 proptime 505041 prop/sec 20.5096 prop/ca
c 9202000 confls 4713918 constrs 1149 vars
c 9203000 confls 4714918 constrs 1149 vars
c 9204000 confls 4715918 constrs 1149 vars
c 9205000 confls 4716918 constrs 1149 vars
c 9206000 confls 4717918 constrs 1149 vars
c 9207000 confls 4718918 constrs 1149 vars
c 9208000 confls 4719918 constrs 1149 vars
c 9209000 confls 4720918 constrs 1149 vars
c 9210000 confls 4721918 constrs 1149 vars
c 9211000 confls 4722918 constrs 1149 vars
c INPROCESSING 7.75697 proptime 498510 prop/sec 19.9876 prop/ca
c 9212000 confls 4713324 constrs 1149 vars
c 9213000 confls 4714324 constrs 1149 vars
c 9214000 confls 4715324 constrs 1149 vars
c 9215000 confls 4716324 constrs 1149 vars
c 9216000 confls 4717324 constrs 1149 vars
c 9217000 confls 4718324 constrs 1149 vars
c 9218000 confls 4719324 constrs 1149 vars
c 9219000 confls 4720324 constrs 1149 vars
c 9220000 confls 4721324 constrs 1149 vars
c 9221000 confls 4722324 constrs 1149 vars
c 9222000 confls 4723324 constrs 1149 vars
c INPROCESSING 7.89924 proptime 505232 prop/sec 20.8187 prop/ca
c 9223000 confls 4714029 constrs 1149 vars
c 9224000 confls 4715029 constrs 1149 vars
c 9225000 confls 4716029 constrs 1149 vars
c 9226000 confls 4717029 constrs 1149 vars
c 9227000 confls 4718029 constrs 1149 vars
c 9228000 confls 4719029 constrs 1149 vars
c 9229000 confls 4720029 constrs 1149 vars
c 9230000 confls 4721029 constrs 1149 vars
c 9231000 confls 4722029 constrs 1149 vars
c 9232000 confls 4723029 constrs 1149 vars
c INPROCESSING 8.42092 proptime 482753 prop/sec 20.0252 prop/ca
c 9233000 confls 4712343 constrs 1149 vars
c 9234000 confls 4713343 constrs 1149 vars
c 9235000 confls 4714343 constrs 1149 vars
c 9236000 confls 4715343 constrs 1149 vars
c 9237000 confls 4716343 constrs 1149 vars
c 9238000 confls 4717343 constrs 1149 vars
c 9239000 confls 4718343 constrs 1149 vars
c 9240000 confls 4719343 constrs 1149 vars
c 9241000 confls 4720343 constrs 1149 vars
c 9242000 confls 4721343 constrs 1149 vars
c 9243000 confls 4722343 constrs 1149 vars
c INPROCESSING 8.20869 proptime 559242 prop/sec 17.1242 prop/ca
c 9244000 confls 4712667 constrs 1149 vars
c 9245000 confls 4713667 constrs 1149 vars
c 9246000 confls 4714667 constrs 1149 vars
c 9247000 confls 4715667 constrs 1149 vars
c 9248000 confls 4716667 constrs 1149 vars
c 9249000 confls 4717667 constrs 1149 vars
c 9250000 confls 4718667 constrs 1149 vars
c 9251000 confls 4719667 constrs 1149 vars
c 9252000 confls 4720667 constrs 1149 vars
c 9253000 confls 4721667 constrs 1149 vars
c 9254000 confls 4722667 constrs 1149 vars
c INPROCESSING 8.34267 proptime 569105 prop/sec 16.233 prop/ca
c 9255000 confls 4712834 constrs 1149 vars
c 9256000 confls 4713834 constrs 1149 vars
c 9257000 confls 4714834 constrs 1149 vars
c 9258000 confls 4715834 constrs 1149 vars
c 9259000 confls 4716834 constrs 1149 vars
c 9260000 confls 4717834 constrs 1149 vars
c 9261000 confls 4718834 constrs 1149 vars
c 9262000 confls 4719834 constrs 1149 vars
c 9263000 confls 4720834 constrs 1149 vars
c 9264000 confls 4721834 constrs 1149 vars
c INPROCESSING 7.71031 proptime 585884 prop/sec 16.2406 prop/ca
c 9265000 confls 4712686 constrs 1149 vars
c 9266000 confls 4713686 constrs 1149 vars
c 9267000 confls 4714686 constrs 1149 vars
c 9268000 confls 4715686 constrs 1149 vars
c 9269000 confls 4716686 constrs 1149 vars
c 9270000 confls 4717686 constrs 1149 vars
c 9271000 confls 4718686 constrs 1149 vars
c 9272000 confls 4719686 constrs 1149 vars
c 9273000 confls 4720686 constrs 1149 vars
c 9274000 confls 4721686 constrs 1149 vars
c 9275000 confls 4722686 constrs 1149 vars
c INPROCESSING 7.93584 proptime 481606 prop/sec 21.4504 prop/ca
c 9276000 confls 4713711 constrs 1149 vars
c 9277000 confls 4714711 constrs 1149 vars
c 9278000 confls 4715711 constrs 1149 vars
c 9279000 confls 4716711 constrs 1149 vars
c 9280000 confls 4717711 constrs 1149 vars
c 9281000 confls 4718711 constrs 1149 vars
c 9282000 confls 4719711 constrs 1149 vars
c 9283000 confls 4720711 constrs 1149 vars
c 9284000 confls 4721711 constrs 1149 vars
c 9285000 confls 4722711 constrs 1149 vars
c INPROCESSING 7.60128 proptime 543760 prop/sec 19.3148 prop/ca
c 9286000 confls 4713413 constrs 1149 vars
c 9287000 confls 4714413 constrs 1149 vars
c 9288000 confls 4715413 constrs 1149 vars
c 9289000 confls 4716413 constrs 1149 vars
c 9290000 confls 4717413 constrs 1149 vars
c 9291000 confls 4718413 constrs 1149 vars
c 9292000 confls 4719413 constrs 1149 vars
c 9293000 confls 4720413 constrs 1149 vars
c 9294000 confls 4721413 constrs 1149 vars
c 9295000 confls 4722413 constrs 1149 vars
c 9296000 confls 4723413 constrs 1149 vars
c INPROCESSING 8.2064 proptime 481397 prop/sec 20.7249 prop/ca
c 9297000 confls 4713777 constrs 1149 vars
c 9298000 confls 4714777 constrs 1149 vars
c 9299000 confls 4715777 constrs 1149 vars
c 9300000 confls 4716777 constrs 1149 vars
c 9301000 confls 4717777 constrs 1149 vars
c 9302000 confls 4718777 constrs 1149 vars
c 9303000 confls 4719777 constrs 1149 vars
c 9304000 confls 4720777 constrs 1149 vars
c 9305000 confls 4721777 constrs 1149 vars
c 9306000 confls 4722777 constrs 1149 vars
c 9307000 confls 4723777 constrs 1149 vars
c INPROCESSING 8.15246 proptime 493040 prop/sec 17.9598 prop/ca
c 9308000 confls 4713251 constrs 1149 vars
c 9309000 confls 4714251 constrs 1149 vars
c 9310000 confls 4715251 constrs 1149 vars
c 9311000 confls 4716251 constrs 1149 vars
c 9312000 confls 4717251 constrs 1149 vars
c 9313000 confls 4718251 constrs 1149 vars
c 9314000 confls 4719251 constrs 1149 vars
c 9315000 confls 4720251 constrs 1149 vars
c 9316000 confls 4721251 constrs 1149 vars
c 9317000 confls 4722251 constrs 1149 vars
c INPROCESSING 8.08924 proptime 496463 prop/sec 19.6333 prop/ca
c 9318000 confls 4713076 constrs 1149 vars
c 9319000 confls 4714076 constrs 1149 vars
c 9320000 confls 4715076 constrs 1149 vars
c 9321000 confls 4716076 constrs 1149 vars
c 9322000 confls 4717076 constrs 1149 vars
c 9323000 confls 4718076 constrs 1149 vars
c 9324000 confls 4719076 constrs 1149 vars
c 9325000 confls 4720076 constrs 1149 vars
c 9326000 confls 4721076 constrs 1149 vars
c 9327000 confls 4722076 constrs 1149 vars
c 9328000 confls 4723076 constrs 1149 vars
c INPROCESSING 8.18951 proptime 475271 prop/sec 20.5722 prop/ca
c 9329000 confls 4714083 constrs 1149 vars
c 9330000 confls 4715083 constrs 1149 vars
c 9331000 confls 4716083 constrs 1149 vars
c 9332000 confls 4717083 constrs 1149 vars
c 9333000 confls 4718083 constrs 1149 vars
c 9334000 confls 4719083 constrs 1149 vars
c 9335000 confls 4720083 constrs 1149 vars
c 9336000 confls 4721083 constrs 1149 vars
c 9337000 confls 4722083 constrs 1149 vars
c 9338000 confls 4723083 constrs 1149 vars
c INPROCESSING 7.8221 proptime 519880 prop/sec 18.8929 prop/ca
c 9339000 confls 4713123 constrs 1149 vars
c 9340000 confls 4714123 constrs 1149 vars
c 9341000 confls 4715123 constrs 1149 vars
c 9342000 confls 4716123 constrs 1149 vars
c 9343000 confls 4717123 constrs 1149 vars
c 9344000 confls 4718123 constrs 1149 vars
c 9345000 confls 4719123 constrs 1149 vars
c 9346000 confls 4720123 constrs 1149 vars
c 9347000 confls 4721123 constrs 1149 vars
c 9348000 confls 4722123 constrs 1149 vars
c 9349000 confls 4723123 constrs 1149 vars
c INPROCESSING 7.74442 proptime 516593 prop/sec 19.4151 prop/ca
c 9350000 confls 4714392 constrs 1149 vars
c 9351000 confls 4715392 constrs 1149 vars
c 9352000 confls 4716392 constrs 1149 vars
c 9353000 confls 4717392 constrs 1149 vars
c 9354000 confls 4718392 constrs 1149 vars
c 9355000 confls 4719392 constrs 1149 vars
c 9356000 confls 4720392 constrs 1149 vars
c 9357000 confls 4721392 constrs 1149 vars
c 9358000 confls 4722392 constrs 1149 vars
c 9359000 confls 4723392 constrs 1149 vars
c INPROCESSING 8.22085 proptime 487291 prop/sec 20.0479 prop/ca
c 9360000 confls 4713062 constrs 1149 vars
c 9361000 confls 4714062 constrs 1149 vars
c 9362000 confls 4715062 constrs 1149 vars
c 9363000 confls 4716062 constrs 1149 vars
c 9364000 confls 4717062 constrs 1149 vars
c 9365000 confls 4718062 constrs 1149 vars
c 9366000 confls 4719062 constrs 1149 vars
c 9367000 confls 4720062 constrs 1149 vars
c 9368000 confls 4721062 constrs 1149 vars
c 9369000 confls 4722062 constrs 1149 vars
c 9370000 confls 4723062 constrs 1149 vars
c INPROCESSING 7.94357 proptime 557832 prop/sec 17.3537 prop/ca
c 9371000 confls 4713001 constrs 1149 vars
c 9372000 confls 4714001 constrs 1149 vars
c 9373000 confls 4715001 constrs 1149 vars
c 9374000 confls 4716001 constrs 1149 vars
c 9375000 confls 4717001 constrs 1149 vars
c 9376000 confls 4718001 constrs 1149 vars
c 9377000 confls 4719001 constrs 1149 vars
c 9378000 confls 4720001 constrs 1149 vars
c 9379000 confls 4721001 constrs 1149 vars
c 9380000 confls 4722001 constrs 1149 vars
c 9381000 confls 4723001 constrs 1149 vars
c INPROCESSING 7.44932 proptime 508837 prop/sec 20.6762 prop/ca
c 9382000 confls 4713986 constrs 1149 vars
c 9383000 confls 4714986 constrs 1149 vars
c 9384000 confls 4715986 constrs 1149 vars
c 9385000 confls 4716986 constrs 1149 vars
c 9386000 confls 4717986 constrs 1149 vars
c 9387000 confls 4718986 constrs 1149 vars
c 9388000 confls 4719986 constrs 1149 vars
c 9389000 confls 4720986 constrs 1149 vars
c 9390000 confls 4721986 constrs 1149 vars
c 9391000 confls 4722986 constrs 1149 vars
c INPROCESSING 7.84106 proptime 503996 prop/sec 19.674 prop/ca
c 9392000 confls 4713363 constrs 1149 vars
c 9393000 confls 4714363 constrs 1149 vars
c 9394000 confls 4715363 constrs 1149 vars
c 9395000 confls 4716363 constrs 1149 vars
c 9396000 confls 4717363 constrs 1149 vars
c 9397000 confls 4718363 constrs 1149 vars
c 9398000 confls 4719363 constrs 1149 vars
c 9399000 confls 4720363 constrs 1149 vars
c 9400000 confls 4721363 constrs 1149 vars
c 9401000 confls 4722363 constrs 1149 vars
c 9402000 confls 4723363 constrs 1149 vars
c INPROCESSING 7.62966 proptime 526320 prop/sec 20.6299 prop/ca
c 9403000 confls 4713910 constrs 1149 vars
c 9404000 confls 4714910 constrs 1149 vars
c 9405000 confls 4715910 constrs 1149 vars
c 9406000 confls 4716910 constrs 1149 vars
c 9407000 confls 4717910 constrs 1149 vars
c 9408000 confls 4718910 constrs 1149 vars
c 9409000 confls 4719910 constrs 1149 vars
c 9410000 confls 4720910 constrs 1149 vars
c 9411000 confls 4721910 constrs 1149 vars
c 9412000 confls 4722910 constrs 1149 vars
c INPROCESSING 7.38598 proptime 591477 prop/sec 18.3284 prop/ca
c 9413000 confls 4713388 constrs 1149 vars
c 9414000 confls 4714388 constrs 1149 vars
c 9415000 confls 4715388 constrs 1149 vars
c 9416000 confls 4716388 constrs 1149 vars
c 9417000 confls 4717388 constrs 1149 vars
c 9418000 confls 4718388 constrs 1149 vars
c 9419000 confls 4719388 constrs 1149 vars
c 9420000 confls 4720388 constrs 1149 vars
c 9421000 confls 4721388 constrs 1149 vars
c 9422000 confls 4722388 constrs 1149 vars
c 9423000 confls 4723388 constrs 1149 vars
c INPROCESSING 7.6481 proptime 515454 prop/sec 19.7245 prop/ca
c 9424000 confls 4713229 constrs 1149 vars
c 9425000 confls 4714229 constrs 1149 vars
c 9426000 confls 4715229 constrs 1149 vars
c 9427000 confls 4716229 constrs 1149 vars
c 9428000 confls 4717229 constrs 1149 vars
c 9429000 confls 4718229 constrs 1148 vars
c 9430000 confls 4719229 constrs 1148 vars
c 9431000 confls 4720229 constrs 1148 vars
c 9432000 confls 4721230 constrs 1148 vars
c 9433000 confls 4722230 constrs 1148 vars
c 9434000 confls 4723230 constrs 1148 vars
c INPROCESSING 8.10347 proptime 513877 prop/sec 20.1387 prop/ca
c 9435000 confls 4639192 constrs 1148 vars
c 9436000 confls 4640192 constrs 1148 vars
c 9437000 confls 4641192 constrs 1148 vars
c 9438000 confls 4642192 constrs 1148 vars
c 9439000 confls 4643192 constrs 1148 vars
c 9440000 confls 4644192 constrs 1148 vars
c 9441000 confls 4645192 constrs 1148 vars
c 9442000 confls 4646192 constrs 1148 vars
c 9443000 confls 4647192 constrs 1148 vars
c 9444000 confls 4648192 constrs 1148 vars
c INPROCESSING 7.63877 proptime 524879 prop/sec 18.3432 prop/ca
c 9445000 confls 4639118 constrs 1148 vars
c 9446000 confls 4640118 constrs 1148 vars
c 9447000 confls 4641118 constrs 1148 vars
c 9448000 confls 4642118 constrs 1148 vars
c 9449000 confls 4643118 constrs 1148 vars
c 9450000 confls 4644118 constrs 1148 vars
c 9451000 confls 4645118 constrs 1148 vars
c 9452000 confls 4646118 constrs 1148 vars
c 9453000 confls 4647118 constrs 1148 vars
c 9454000 confls 4648118 constrs 1148 vars
c 9455000 confls 4649118 constrs 1148 vars
c INPROCESSING 7.94794 proptime 450537 prop/sec 21.8253 prop/ca
c 9456000 confls 4639726 constrs 1148 vars
c 9457000 confls 4640726 constrs 1148 vars
c 9458000 confls 4641726 constrs 1148 vars
c 9459000 confls 4642726 constrs 1148 vars
c 9460000 confls 4643726 constrs 1148 vars
c 9461000 confls 4644726 constrs 1148 vars
c 9462000 confls 4645726 constrs 1148 vars
c 9463000 confls 4646726 constrs 1148 vars
c 9464000 confls 4647726 constrs 1148 vars
c 9465000 confls 4648726 constrs 1148 vars
c INPROCESSING 7.89833 proptime 534707 prop/sec 17.3297 prop/ca
c 9466000 confls 4638327 constrs 1148 vars
c 9467000 confls 4639327 constrs 1148 vars
c 9468000 confls 4640327 constrs 1148 vars
c 9469000 confls 4641327 constrs 1148 vars
c 9470000 confls 4642327 constrs 1148 vars
c 9471000 confls 4643327 constrs 1148 vars
c 9472000 confls 4644327 constrs 1148 vars
c 9473000 confls 4645327 constrs 1148 vars
c 9474000 confls 4646327 constrs 1148 vars
c 9475000 confls 4647327 constrs 1148 vars
c 9476000 confls 4648327 constrs 1148 vars
c INPROCESSING 7.29174 proptime 578586 prop/sec 16.0878 prop/ca
c 9477000 confls 4638736 constrs 1148 vars
c 9478000 confls 4639736 constrs 1148 vars
c 9479000 confls 4640736 constrs 1148 vars
c 9480000 confls 4641736 constrs 1148 vars
c 9481000 confls 4642736 constrs 1148 vars
c 9482000 confls 4643736 constrs 1148 vars
c 9483000 confls 4644736 constrs 1148 vars
c 9484000 confls 4645736 constrs 1148 vars
c 9485000 confls 4646736 constrs 1148 vars
c 9486000 confls 4647736 constrs 1148 vars
c 9487000 confls 4648736 constrs 1148 vars
c INPROCESSING 7.90036 proptime 515765 prop/sec 17.3746 prop/ca
c 9488000 confls 4639226 constrs 1148 vars
c 9489000 confls 4640226 constrs 1148 vars
c 9490000 confls 4641226 constrs 1148 vars
c 9491000 confls 4642226 constrs 1148 vars
c 9492000 confls 4643226 constrs 1148 vars
c 9493000 confls 4644226 constrs 1148 vars
c 9494000 confls 4645226 constrs 1148 vars
c 9495000 confls 4646226 constrs 1148 vars
c 9496000 confls 4647226 constrs 1148 vars
c 9497000 confls 4648226 constrs 1148 vars
c INPROCESSING 7.34841 proptime 569615 prop/sec 18.328 prop/ca
c 9498000 confls 4638379 constrs 1148 vars
c 9499000 confls 4639379 constrs 1148 vars
c 9500000 confls 4640379 constrs 1148 vars
c 9501000 confls 4641379 constrs 1148 vars
c 9502000 confls 4642379 constrs 1148 vars
c 9503000 confls 4643379 constrs 1148 vars
c 9504000 confls 4644379 constrs 1148 vars
c 9505000 confls 4645379 constrs 1148 vars
c 9506000 confls 4646379 constrs 1148 vars
c 9507000 confls 4647379 constrs 1148 vars
c 9508000 confls 4648379 constrs 1148 vars
c INPROCESSING 7.61399 proptime 531364 prop/sec 17.4442 prop/ca
c 9509000 confls 4638255 constrs 1148 vars
c 9510000 confls 4639255 constrs 1148 vars
c 9511000 confls 4640255 constrs 1148 vars
c 9512000 confls 4641255 constrs 1148 vars
c 9513000 confls 4642255 constrs 1148 vars
c 9514000 confls 4643255 constrs 1148 vars
c 9515000 confls 4644255 constrs 1148 vars
c 9516000 confls 4645255 constrs 1148 vars
c 9517000 confls 4646255 constrs 1148 vars
c 9518000 confls 4647255 constrs 1148 vars
c INPROCESSING 7.71951 proptime 569592 prop/sec 17.6277 prop/ca
c 9519000 confls 4637383 constrs 1148 vars
c 9520000 confls 4638383 constrs 1148 vars
c 9521000 confls 4639383 constrs 1148 vars
c 9522000 confls 4640383 constrs 1148 vars
c 9523000 confls 4641383 constrs 1148 vars
c 9524000 confls 4642383 constrs 1148 vars
c 9525000 confls 4643383 constrs 1148 vars
c 9526000 confls 4644383 constrs 1148 vars
c 9527000 confls 4645383 constrs 1148 vars
c 9528000 confls 4646383 constrs 1148 vars
c 9529000 confls 4647383 constrs 1148 vars
c INPROCESSING 7.73333 proptime 587411 prop/sec 14.6903 prop/ca
c 9530000 confls 4638242 constrs 1148 vars
c 9531000 confls 4639242 constrs 1148 vars
c 9532000 confls 4640242 constrs 1148 vars
c 9533000 confls 4641242 constrs 1148 vars
c 9534000 confls 4642242 constrs 1148 vars
c 9535000 confls 4643242 constrs 1148 vars
c 9536000 confls 4644242 constrs 1148 vars
c 9537000 confls 4645242 constrs 1148 vars
c 9538000 confls 4646242 constrs 1148 vars
c 9539000 confls 4647242 constrs 1148 vars
c 9540000 confls 4648242 constrs 1148 vars
c INPROCESSING 8.41428 proptime 568417 prop/sec 17.0033 prop/ca
c 9541000 confls 4637840 constrs 1148 vars
c 9542000 confls 4638840 constrs 1148 vars
c 9543000 confls 4639840 constrs 1148 vars
c 9544000 confls 4640840 constrs 1148 vars
c 9545000 confls 4641840 constrs 1148 vars
c 9546000 confls 4642840 constrs 1148 vars
c 9547000 confls 4643840 constrs 1148 vars
c 9548000 confls 4644840 constrs 1148 vars
c 9549000 confls 4645840 constrs 1148 vars
c 9550000 confls 4646840 constrs 1148 vars
c INPROCESSING 7.48226 proptime 578484 prop/sec 17.1686 prop/ca
c 9551000 confls 4637803 constrs 1148 vars
c 9552000 confls 4638803 constrs 1148 vars
c 9553000 confls 4639803 constrs 1148 vars
c 9554000 confls 4640803 constrs 1148 vars
c 9555000 confls 4641803 constrs 1148 vars
c 9556000 confls 4642803 constrs 1148 vars
c 9557000 confls 4643803 constrs 1148 vars
c 9558000 confls 4644803 constrs 1148 vars
c 9559000 confls 4645803 constrs 1148 vars
c 9560000 confls 4646803 constrs 1148 vars
c 9561000 confls 4647803 constrs 1148 vars
c INPROCESSING 7.45321 proptime 548064 prop/sec 19.7908 prop/ca
c 9562000 confls 4638908 constrs 1148 vars
c 9563000 confls 4639908 constrs 1148 vars
c 9564000 confls 4640908 constrs 1148 vars
c 9565000 confls 4641908 constrs 1148 vars
c 9566000 confls 4642908 constrs 1148 vars
c 9567000 confls 4643908 constrs 1148 vars
c 9568000 confls 4644908 constrs 1148 vars
c 9569000 confls 4645908 constrs 1148 vars
c 9570000 confls 4646908 constrs 1148 vars
c 9571000 confls 4647908 constrs 1148 vars
c 9572000 confls 4648908 constrs 1148 vars
c INPROCESSING 7.59793 proptime 519665 prop/sec 19.2954 prop/ca
c 9573000 confls 4639895 constrs 1148 vars
c 9574000 confls 4640895 constrs 1148 vars
c 9575000 confls 4641895 constrs 1148 vars
c 9576000 confls 4642895 constrs 1148 vars
c 9577000 confls 4643895 constrs 1148 vars
c 9578000 confls 4644895 constrs 1148 vars
c 9579000 confls 4645895 constrs 1148 vars
c 9580000 confls 4646895 constrs 1148 vars
c 9581000 confls 4647895 constrs 1148 vars
c 9582000 confls 4648895 constrs 1148 vars
c INPROCESSING 7.72745 proptime 522027 prop/sec 20.5699 prop/ca
c 9583000 confls 4639243 constrs 1148 vars
c 9584000 confls 4640243 constrs 1148 vars
c 9585000 confls 4641243 constrs 1148 vars
c 9586000 confls 4642243 constrs 1148 vars
c 9587000 confls 4643243 constrs 1148 vars
c 9588000 confls 4644243 constrs 1148 vars
c 9589000 confls 4645243 constrs 1148 vars
c 9590000 confls 4646243 constrs 1148 vars
c 9591000 confls 4647243 constrs 1148 vars
c 9592000 confls 4648243 constrs 1148 vars
c 9593000 confls 4649243 constrs 1148 vars
c INPROCESSING 7.7378 proptime 542442 prop/sec 19.2078 prop/ca
c 9594000 confls 4639015 constrs 1148 vars
c 9595000 confls 4640015 constrs 1148 vars
c 9596000 confls 4641015 constrs 1148 vars
c 9597000 confls 4642015 constrs 1148 vars
c 9598000 confls 4643015 constrs 1148 vars
c 9599000 confls 4644015 constrs 1148 vars
c 9600000 confls 4645015 constrs 1148 vars
c 9601000 confls 4646015 constrs 1148 vars
c 9602000 confls 4647015 constrs 1148 vars
c 9603000 confls 4648015 constrs 1148 vars
c INPROCESSING 7.63656 proptime 513605 prop/sec 20.3314 prop/ca
c 9604000 confls 4638509 constrs 1148 vars
c 9605000 confls 4639509 constrs 1148 vars
c 9606000 confls 4640509 constrs 1148 vars
c 9607000 confls 4641509 constrs 1148 vars
c 9608000 confls 4642509 constrs 1148 vars
c 9609000 confls 4643509 constrs 1148 vars
c 9610000 confls 4644509 constrs 1148 vars
c 9611000 confls 4645509 constrs 1148 vars
c 9612000 confls 4646509 constrs 1148 vars
c 9613000 confls 4647509 constrs 1148 vars
c 9614000 confls 4648509 constrs 1148 vars
c INPROCESSING 7.89881 proptime 488835 prop/sec 20.1877 prop/ca
c 9615000 confls 4639773 constrs 1148 vars
c 9616000 confls 4640773 constrs 1148 vars
c 9617000 confls 4641773 constrs 1148 vars
c 9618000 confls 4642773 constrs 1148 vars
c 9619000 confls 4643773 constrs 1148 vars
c 9620000 confls 4644773 constrs 1148 vars
c 9621000 confls 4645773 constrs 1148 vars
c 9622000 confls 4646773 constrs 1148 vars
c 9623000 confls 4647773 constrs 1148 vars
c 9624000 confls 4648773 constrs 1148 vars
c 9625000 confls 4649773 constrs 1148 vars
c INPROCESSING 7.37899 proptime 555975 prop/sec 19.8211 prop/ca
c 9626000 confls 4639438 constrs 1148 vars
c 9627000 confls 4640438 constrs 1148 vars
c 9628000 confls 4641438 constrs 1148 vars
c 9629000 confls 4642438 constrs 1148 vars
c 9630000 confls 4643438 constrs 1148 vars
c 9631000 confls 4644438 constrs 1148 vars
c 9632000 confls 4645438 constrs 1148 vars
c 9633000 confls 4646438 constrs 1148 vars
c 9634000 confls 4647438 constrs 1148 vars
c 9635000 confls 4648438 constrs 1148 vars
c INPROCESSING 7.19632 proptime 557175 prop/sec 19.2278 prop/ca
c 9636000 confls 4638983 constrs 1148 vars
c 9637000 confls 4639983 constrs 1148 vars
c 9638000 confls 4640983 constrs 1148 vars
c 9639000 confls 4641983 constrs 1148 vars
c 9640000 confls 4642983 constrs 1148 vars
c 9641000 confls 4643983 constrs 1148 vars
c 9642000 confls 4644983 constrs 1148 vars
c 9643000 confls 4645983 constrs 1148 vars
c 9644000 confls 4646983 constrs 1148 vars
c 9645000 confls 4647983 constrs 1148 vars
c 9646000 confls 4648983 constrs 1148 vars
c INPROCESSING 7.51445 proptime 555544 prop/sec 17.3628 prop/ca
c 9647000 confls 4639661 constrs 1148 vars
c 9648000 confls 4640661 constrs 1148 vars
c 9649000 confls 4641661 constrs 1148 vars
c 9650000 confls 4642661 constrs 1148 vars
c 9651000 confls 4643661 constrs 1148 vars
c 9652000 confls 4644661 constrs 1148 vars
c 9653000 confls 4645661 constrs 1148 vars
c 9654000 confls 4646661 constrs 1148 vars
c 9655000 confls 4647661 constrs 1148 vars
c 9656000 confls 4648661 constrs 1148 vars
c INPROCESSING 7.90807 proptime 516534 prop/sec 19.5783 prop/ca
c 9657000 confls 4638583 constrs 1148 vars
c 9658000 confls 4639583 constrs 1148 vars
c 9659000 confls 4640583 constrs 1148 vars
c 9660000 confls 4641583 constrs 1148 vars
c 9661000 confls 4642583 constrs 1148 vars
c 9662000 confls 4643583 constrs 1148 vars
c 9663000 confls 4644583 constrs 1148 vars
c 9664000 confls 4645583 constrs 1148 vars
c 9665000 confls 4646583 constrs 1148 vars
c 9666000 confls 4647583 constrs 1148 vars
c 9667000 confls 4648583 constrs 1148 vars
c INPROCESSING 7.66322 proptime 467261 prop/sec 21.5975 prop/ca
c 9668000 confls 4639386 constrs 1148 vars
c 9669000 confls 4640386 constrs 1148 vars
c 9670000 confls 4641386 constrs 1148 vars
c 9671000 confls 4642386 constrs 1148 vars
c 9672000 confls 4643386 constrs 1148 vars
c 9673000 confls 4644386 constrs 1148 vars
c 9674000 confls 4645386 constrs 1148 vars
c 9675000 confls 4646386 constrs 1148 vars
c 9676000 confls 4647386 constrs 1148 vars
c 9677000 confls 4648386 constrs 1148 vars
c 9678000 confls 4649386 constrs 1148 vars
c INPROCESSING 7.65864 proptime 497587 prop/sec 19.6041 prop/ca
c 9679000 confls 4639093 constrs 1148 vars
c 9680000 confls 4640093 constrs 1148 vars
c 9681000 confls 4641093 constrs 1148 vars
c 9682000 confls 4642093 constrs 1148 vars
c 9683000 confls 4643093 constrs 1148 vars
c 9684000 confls 4644093 constrs 1148 vars
c 9685000 confls 4645093 constrs 1148 vars
c 9686000 confls 4646093 constrs 1148 vars
c 9687000 confls 4647093 constrs 1148 vars
c 9688000 confls 4648093 constrs 1148 vars
c INPROCESSING 7.56755 proptime 522133 prop/sec 19.9006 prop/ca
c 9689000 confls 4639088 constrs 1148 vars
c 9690000 confls 4640088 constrs 1148 vars
c 9691000 confls 4641088 constrs 1148 vars
c 9692000 confls 4642088 constrs 1148 vars
c 9693000 confls 4643088 constrs 1148 vars
c 9694000 confls 4644088 constrs 1148 vars
c 9695000 confls 4645088 constrs 1148 vars
c 9696000 confls 4646088 constrs 1148 vars
c 9697000 confls 4647088 constrs 1148 vars
c 9698000 confls 4648088 constrs 1148 vars
c 9699000 confls 4649088 constrs 1148 vars
c INPROCESSING 7.58553 proptime 510723 prop/sec 19.2695 prop/ca
c 9700000 confls 4639964 constrs 1148 vars
c 9701000 confls 4640964 constrs 1148 vars
c 9702000 confls 4641964 constrs 1148 vars
c 9703000 confls 4642964 constrs 1148 vars
c 9704000 confls 4643964 constrs 1148 vars
c 9705000 confls 4644964 constrs 1148 vars
c 9706000 confls 4645964 constrs 1148 vars
c 9707000 confls 4646964 constrs 1148 vars
c 9708000 confls 4647964 constrs 1148 vars
c 9709000 confls 4648964 constrs 1148 vars
c 9710000 confls 4649964 constrs 1148 vars
c INPROCESSING 7.82304 proptime 504452 prop/sec 21.0644 prop/ca
c 9711000 confls 4639778 constrs 1148 vars
c 9712000 confls 4640778 constrs 1148 vars
c 9713000 confls 4641778 constrs 1148 vars
c 9714000 confls 4642778 constrs 1148 vars
c 9715000 confls 4643778 constrs 1148 vars
c 9716000 confls 4644778 constrs 1148 vars
c 9717000 confls 4645778 constrs 1148 vars
c 9718000 confls 4646778 constrs 1148 vars
c 9719000 confls 4647778 constrs 1148 vars
c 9720000 confls 4648778 constrs 1148 vars
c INPROCESSING 7.40337 proptime 542408 prop/sec 19.7955 prop/ca
c 9721000 confls 4639011 constrs 1148 vars
c 9722000 confls 4640011 constrs 1148 vars
c 9723000 confls 4641011 constrs 1148 vars
c 9724000 confls 4642011 constrs 1148 vars
c 9725000 confls 4643011 constrs 1148 vars
c 9726000 confls 4644011 constrs 1148 vars
c 9727000 confls 4645011 constrs 1148 vars
c 9728000 confls 4646011 constrs 1148 vars
c 9729000 confls 4647011 constrs 1148 vars
c 9730000 confls 4648011 constrs 1148 vars
c 9731000 confls 4649011 constrs 1148 vars
c INPROCESSING 7.46039 proptime 531286 prop/sec 20.1189 prop/ca
c 9732000 confls 4639356 constrs 1148 vars
c 9733000 confls 4640356 constrs 1148 vars
c 9734000 confls 4641356 constrs 1148 vars
c 9735000 confls 4642356 constrs 1148 vars
c 9736000 confls 4643356 constrs 1148 vars
c 9737000 confls 4644356 constrs 1148 vars
c 9738000 confls 4645356 constrs 1148 vars
c 9739000 confls 4646356 constrs 1148 vars
c 9740000 confls 4647356 constrs 1148 vars
c 9741000 confls 4648356 constrs 1148 vars
c INPROCESSING 8.04876 proptime 494904 prop/sec 20.1421 prop/ca
c 9742000 confls 4638540 constrs 1148 vars
c 9743000 confls 4639540 constrs 1148 vars
c 9744000 confls 4640540 constrs 1148 vars
c 9745000 confls 4641540 constrs 1148 vars
c 9746000 confls 4642540 constrs 1148 vars
c 9747000 confls 4643540 constrs 1148 vars
c 9748000 confls 4644540 constrs 1148 vars
c 9749000 confls 4645540 constrs 1148 vars
c 9750000 confls 4646540 constrs 1148 vars
c 9751000 confls 4647540 constrs 1148 vars
c 9752000 confls 4648540 constrs 1148 vars
c INPROCESSING 7.73636 proptime 554228 prop/sec 18.4887 prop/ca
c 9753000 confls 4638703 constrs 1148 vars
c 9754000 confls 4639703 constrs 1148 vars
c 9755000 confls 4640703 constrs 1148 vars
c 9756000 confls 4641703 constrs 1148 vars
c 9757000 confls 4642703 constrs 1148 vars
c 9758000 confls 4643703 constrs 1148 vars
c 9759000 confls 4644703 constrs 1148 vars
c 9760000 confls 4645703 constrs 1148 vars
c 9761000 confls 4646703 constrs 1148 vars
c 9762000 confls 4647703 constrs 1148 vars
c 9763000 confls 4648703 constrs 1148 vars
c INPROCESSING 7.85751 proptime 525314 prop/sec 18.7926 prop/ca
c 9764000 confls 4638956 constrs 1148 vars
c 9765000 confls 4639956 constrs 1148 vars
c 9766000 confls 4640956 constrs 1148 vars
c 9767000 confls 4641956 constrs 1148 vars
c 9768000 confls 4642956 constrs 1148 vars
c 9769000 confls 4643956 constrs 1148 vars
c 9770000 confls 4644956 constrs 1148 vars
c 9771000 confls 4645956 constrs 1148 vars
c 9772000 confls 4646956 constrs 1148 vars
c 9773000 confls 4647956 constrs 1148 vars
c INPROCESSING 8.23485 proptime 544305 prop/sec 15.9561 prop/ca
c 9774000 confls 4638330 constrs 1148 vars
c 9775000 confls 4639330 constrs 1148 vars
c 9776000 confls 4640330 constrs 1148 vars
c 9777000 confls 4641330 constrs 1148 vars
c 9778000 confls 4642330 constrs 1148 vars
c 9779000 confls 4643330 constrs 1148 vars
c 9780000 confls 4644330 constrs 1148 vars
c 9781000 confls 4645330 constrs 1148 vars
c 9782000 confls 4646330 constrs 1148 vars
c 9783000 confls 4647330 constrs 1148 vars
c 9784000 confls 4648330 constrs 1148 vars
c INPROCESSING 8.03638 proptime 571526 prop/sec 15.6852 prop/ca
c 9785000 confls 4638085 constrs 1148 vars
c 9786000 confls 4639085 constrs 1148 vars
c 9787000 confls 4640085 constrs 1148 vars
c 9788000 confls 4641085 constrs 1148 vars
c 9789000 confls 4642085 constrs 1148 vars
c 9790000 confls 4643085 constrs 1148 vars
c 9791000 confls 4644085 constrs 1148 vars
c 9792000 confls 4645085 constrs 1148 vars
c 9793000 confls 4646085 constrs 1148 vars
c 9794000 confls 4647085 constrs 1148 vars
c 9795000 confls 4648085 constrs 1148 vars
c INPROCESSING 6.93978 proptime 526559 prop/sec 18.9495 prop/ca
c 9796000 confls 4639786 constrs 1148 vars
c 9797000 confls 4640786 constrs 1148 vars
c 9798000 confls 4641786 constrs 1148 vars
c 9799000 confls 4642786 constrs 1148 vars
c 9800000 confls 4643786 constrs 1148 vars
c 9801000 confls 4644786 constrs 1148 vars
c 9802000 confls 4645786 constrs 1148 vars
c 9803000 confls 4646786 constrs 1148 vars
c 9804000 confls 4647786 constrs 1148 vars
c 9805000 confls 4648786 constrs 1148 vars
c INPROCESSING 7.27059 proptime 538536 prop/sec 19.9774 prop/ca
c 9806000 confls 4639125 constrs 1148 vars
c 9807000 confls 4640125 constrs 1148 vars
c 9808000 confls 4641125 constrs 1148 vars
c 9809000 confls 4642125 constrs 1148 vars
c 9810000 confls 4643125 constrs 1148 vars
c 9811000 confls 4644125 constrs 1148 vars
c 9812000 confls 4645125 constrs 1148 vars
c 9813000 confls 4646125 constrs 1148 vars
c 9814000 confls 4647125 constrs 1148 vars
c 9815000 confls 4648125 constrs 1148 vars
c 9816000 confls 4649125 constrs 1148 vars
c INPROCESSING 7.74986 proptime 509956 prop/sec 19.552 prop/ca
c 9817000 confls 4639186 constrs 1148 vars
c 9818000 confls 4640186 constrs 1148 vars
c 9819000 confls 4641186 constrs 1148 vars
c 9820000 confls 4642186 constrs 1148 vars
c 9821000 confls 4643186 constrs 1148 vars
c 9822000 confls 4644186 constrs 1148 vars
c 9823000 confls 4645186 constrs 1148 vars
c 9824000 confls 4646186 constrs 1148 vars
c 9825000 confls 4647186 constrs 1148 vars
c 9826000 confls 4648186 constrs 1148 vars
c INPROCESSING 7.78804 proptime 477126 prop/sec 21.6284 prop/ca
c 9827000 confls 4639505 constrs 1148 vars
c 9828000 confls 4640505 constrs 1148 vars
c 9829000 confls 4641505 constrs 1148 vars
c 9830000 confls 4642505 constrs 1148 vars
c 9831000 confls 4643505 constrs 1148 vars
c 9832000 confls 4644505 constrs 1148 vars
c 9833000 confls 4645505 constrs 1148 vars
c 9834000 confls 4646505 constrs 1148 vars
c 9835000 confls 4647505 constrs 1148 vars
c 9836000 confls 4648505 constrs 1148 vars
c 9837000 confls 4649505 constrs 1148 vars
c INPROCESSING 7.69826 proptime 522233 prop/sec 19.2595 prop/ca
c 9838000 confls 4638773 constrs 1148 vars
c 9839000 confls 4639773 constrs 1148 vars
c 9840000 confls 4640773 constrs 1148 vars
c 9841000 confls 4641773 constrs 1148 vars
c 9842000 confls 4642773 constrs 1148 vars
c 9843000 confls 4643773 constrs 1148 vars
c 9844000 confls 4644773 constrs 1148 vars
c 9845000 confls 4645773 constrs 1148 vars
c 9846000 confls 4646773 constrs 1148 vars
c 9847000 confls 4647773 constrs 1148 vars
c 9848000 confls 4648773 constrs 1148 vars
c INPROCESSING 7.52032 proptime 518161 prop/sec 19.0911 prop/ca
c 9849000 confls 4639436 constrs 1148 vars
c 9850000 confls 4640436 constrs 1148 vars
c 9851000 confls 4641436 constrs 1148 vars
c 9852000 confls 4642436 constrs 1148 vars
c 9853000 confls 4643436 constrs 1148 vars
c 9854000 confls 4644436 constrs 1148 vars
c 9855000 confls 4645436 constrs 1148 vars
c 9856000 confls 4646436 constrs 1148 vars
c 9857000 confls 4647436 constrs 1148 vars
c 9858000 confls 4648436 constrs 1148 vars
c INPROCESSING 7.267 proptime 538075 prop/sec 18.875 prop/ca
c 9859000 confls 4638465 constrs 1148 vars
c 9860000 confls 4639466 constrs 1148 vars
c 9861000 confls 4640466 constrs 1148 vars
c 9862000 confls 4641466 constrs 1148 vars
c 9863000 confls 4642466 constrs 1148 vars
c 9864000 confls 4643466 constrs 1148 vars
c 9865000 confls 4644466 constrs 1148 vars
c 9866000 confls 4645466 constrs 1148 vars
c 9867000 confls 4646466 constrs 1148 vars
c 9868000 confls 4647466 constrs 1148 vars
c 9869000 confls 4648466 constrs 1148 vars
c INPROCESSING 7.06058 proptime 545515 prop/sec 19.5535 prop/ca
c 9870000 confls 4639633 constrs 1148 vars
c 9871000 confls 4640633 constrs 1148 vars
c 9872000 confls 4641633 constrs 1148 vars
c 9873000 confls 4642633 constrs 1148 vars
c 9874000 confls 4643633 constrs 1148 vars
c 9875000 confls 4644633 constrs 1148 vars
c 9876000 confls 4645633 constrs 1148 vars
c 9877000 confls 4646633 constrs 1148 vars
c 9878000 confls 4647633 constrs 1148 vars
c 9879000 confls 4648633 constrs 1148 vars
c 9880000 confls 4649633 constrs 1148 vars
c INPROCESSING 8.0903 proptime 534048 prop/sec 18.9607 prop/ca
c 9881000 confls 4639036 constrs 1148 vars
c 9882000 confls 4640036 constrs 1148 vars
c 9883000 confls 4641036 constrs 1148 vars
c 9884000 confls 4642036 constrs 1148 vars
c 9885000 confls 4643036 constrs 1148 vars
c 9886000 confls 4644036 constrs 1148 vars
c 9887000 confls 4645036 constrs 1148 vars
c 9888000 confls 4646036 constrs 1148 vars
c 9889000 confls 4647036 constrs 1148 vars
c 9890000 confls 4648036 constrs 1148 vars
c INPROCESSING 8.06509 proptime 541663 prop/sec 18.4483 prop/ca
c 9891000 confls 4638025 constrs 1148 vars
c 9892000 confls 4639025 constrs 1148 vars
c 9893000 confls 4640025 constrs 1148 vars
c 9894000 confls 4641025 constrs 1148 vars
c 9895000 confls 4642025 constrs 1148 vars
c 9896000 confls 4643025 constrs 1148 vars
c 9897000 confls 4644025 constrs 1148 vars
c 9898000 confls 4645025 constrs 1148 vars
c 9899000 confls 4646025 constrs 1148 vars
c 9900000 confls 4647025 constrs 1148 vars
c 9901000 confls 4648025 constrs 1148 vars
c INPROCESSING 7.70143 proptime 498376 prop/sec 20.4417 prop/ca
c 9902000 confls 4639605 constrs 1148 vars
c 9903000 confls 4640605 constrs 1148 vars
c 9904000 confls 4641605 constrs 1148 vars
c 9905000 confls 4642605 constrs 1148 vars
c 9906000 confls 4643605 constrs 1148 vars
c 9907000 confls 4644605 constrs 1148 vars
c 9908000 confls 4645605 constrs 1148 vars
c 9909000 confls 4646605 constrs 1148 vars
c 9910000 confls 4647605 constrs 1148 vars
c 9911000 confls 4648605 constrs 1148 vars
c INPROCESSING 7.61708 proptime 513542 prop/sec 21.3016 prop/ca
c 9912000 confls 4639089 constrs 1148 vars
c 9913000 confls 4640089 constrs 1148 vars
c 9914000 confls 4641089 constrs 1148 vars
c 9915000 confls 4642089 constrs 1148 vars
c 9916000 confls 4643089 constrs 1148 vars
c 9917000 confls 4644089 constrs 1148 vars
c 9918000 confls 4645089 constrs 1148 vars
c 9919000 confls 4646089 constrs 1148 vars
c 9920000 confls 4647089 constrs 1148 vars
c 9921000 confls 4648089 constrs 1148 vars
c 9922000 confls 4649089 constrs 1148 vars
c INPROCESSING 8.19721 proptime 470844 prop/sec 22.1084 prop/ca
c 9923000 confls 4639155 constrs 1148 vars
c 9924000 confls 4640155 constrs 1148 vars
c 9925000 confls 4641155 constrs 1148 vars
c 9926000 confls 4642155 constrs 1148 vars
c 9927000 confls 4643155 constrs 1148 vars
c 9928000 confls 4644155 constrs 1148 vars
c 9929000 confls 4645155 constrs 1148 vars
c 9930000 confls 4646155 constrs 1148 vars
c 9931000 confls 4647155 constrs 1148 vars
c 9932000 confls 4648155 constrs 1148 vars
c 9933000 confls 4649155 constrs 1148 vars
c INPROCESSING 7.4802 proptime 555922 prop/sec 18.6517 prop/ca
c 9934000 confls 4640352 constrs 1148 vars
c 9935000 confls 4641352 constrs 1148 vars
c 9936000 confls 4642352 constrs 1148 vars
c 9937000 confls 4643352 constrs 1148 vars
c 9938000 confls 4644352 constrs 1148 vars
c 9939000 confls 4645352 constrs 1148 vars
c 9940000 confls 4646352 constrs 1148 vars
c 9941000 confls 4647352 constrs 1148 vars
c 9942000 confls 4648352 constrs 1148 vars
c 9943000 confls 4649352 constrs 1148 vars
c INPROCESSING 8.106 proptime 483672 prop/sec 21.6852 prop/ca
c 9944000 confls 4639232 constrs 1148 vars
c 9945000 confls 4640232 constrs 1148 vars
c 9946000 confls 4641232 constrs 1148 vars
c 9947000 confls 4642232 constrs 1148 vars
c 9948000 confls 4643232 constrs 1148 vars
c 9949000 confls 4644232 constrs 1148 vars
c 9950000 confls 4645232 constrs 1148 vars
c 9951000 confls 4646232 constrs 1148 vars
c 9952000 confls 4647232 constrs 1148 vars
c 9953000 confls 4648232 constrs 1148 vars
c 9954000 confls 4649232 constrs 1148 vars
c INPROCESSING 7.12625 proptime 553930 prop/sec 19.3669 prop/ca
c 9955000 confls 4639359 constrs 1148 vars
c 9956000 confls 4640359 constrs 1148 vars
c 9957000 confls 4641359 constrs 1148 vars
c 9958000 confls 4642359 constrs 1148 vars
c 9959000 confls 4643359 constrs 1148 vars
c 9960000 confls 4644359 constrs 1148 vars
c 9961000 confls 4645359 constrs 1148 vars
c 9962000 confls 4646359 constrs 1148 vars
c 9963000 confls 4647359 constrs 1148 vars
c 9964000 confls 4648359 constrs 1148 vars
c 9965000 confls 4649359 constrs 1148 vars
c INPROCESSING 7.93641 proptime 507624 prop/sec 20.8331 prop/ca
c 9966000 confls 4639571 constrs 1148 vars
c 9967000 confls 4640571 constrs 1148 vars
c 9968000 confls 4641571 constrs 1148 vars
c 9969000 confls 4642571 constrs 1148 vars
c 9970000 confls 4643571 constrs 1148 vars
c 9971000 confls 4644571 constrs 1148 vars
c 9972000 confls 4645571 constrs 1148 vars
c 9973000 confls 4646571 constrs 1148 vars
c 9974000 confls 4647571 constrs 1148 vars
c 9975000 confls 4648571 constrs 1148 vars
c INPROCESSING 7.19588 proptime 551541 prop/sec 18.9874 prop/ca
c 9976000 confls 4639307 constrs 1148 vars
c 9977000 confls 4640307 constrs 1148 vars
c 9978000 confls 4641307 constrs 1148 vars
c 9979000 confls 4642307 constrs 1148 vars
c 9980000 confls 4643307 constrs 1148 vars
c 9981000 confls 4644307 constrs 1148 vars
c 9982000 confls 4645307 constrs 1148 vars
c 9983000 confls 4646307 constrs 1148 vars
c 9984000 confls 4647307 constrs 1148 vars
c 9985000 confls 4648307 constrs 1148 vars
c 9986000 confls 4649307 constrs 1148 vars
c INPROCESSING 8.41645 proptime 430919 prop/sec 23.4831 prop/ca
c 9987000 confls 4639876 constrs 1148 vars
c 9988000 confls 4640876 constrs 1148 vars
c 9989000 confls 4641876 constrs 1148 vars
c 9990000 confls 4642876 constrs 1148 vars
c 9991000 confls 4643876 constrs 1148 vars
c 9992000 confls 4644876 constrs 1148 vars
c 9993000 confls 4645876 constrs 1148 vars
c 9994000 confls 4646876 constrs 1148 vars
c 9995000 confls 4647876 constrs 1148 vars
c 9996000 confls 4648876 constrs 1148 vars
c 9997000 confls 4649876 constrs 1148 vars
c INPROCESSING 7.69756 proptime 520423 prop/sec 19.7142 prop/ca
c 9998000 confls 4639632 constrs 1148 vars
c 9999000 confls 4640632 constrs 1148 vars
c 10000000 confls 4641632 constrs 1148 vars
c 10001000 confls 4642632 constrs 1148 vars
c 10002000 confls 4643632 constrs 1148 vars
c 10003000 confls 4644632 constrs 1148 vars
c 10004000 confls 4645632 constrs 1148 vars
c 10005000 confls 4646632 constrs 1148 vars
c 10006000 confls 4647632 constrs 1148 vars
c 10007000 confls 4648632 constrs 1148 vars
c INPROCESSING 8.18445 proptime 564867 prop/sec 16.1919 prop/ca
c 10008000 confls 4637934 constrs 1148 vars
c 10009000 confls 4638934 constrs 1148 vars
c 10010000 confls 4639934 constrs 1148 vars
c 10011000 confls 4640934 constrs 1148 vars
c 10012000 confls 4641934 constrs 1148 vars
c 10013000 confls 4642934 constrs 1148 vars
c 10014000 confls 4643934 constrs 1148 vars
c 10015000 confls 4644934 constrs 1148 vars
c 10016000 confls 4645934 constrs 1148 vars
c 10017000 confls 4646934 constrs 1148 vars
c 10018000 confls 4647934 constrs 1148 vars
c INPROCESSING 8.04141 proptime 574636 prop/sec 16.3776 prop/ca
c 10019000 confls 4638024 constrs 1148 vars
c 10020000 confls 4639024 constrs 1148 vars
c 10021000 confls 4640024 constrs 1148 vars
c 10022000 confls 4641024 constrs 1148 vars
c 10023000 confls 4642024 constrs 1148 vars
c 10024000 confls 4643024 constrs 1148 vars
c 10025000 confls 4644024 constrs 1148 vars
c 10026000 confls 4645024 constrs 1148 vars
c 10027000 confls 4646024 constrs 1148 vars
c 10028000 confls 4647024 constrs 1148 vars
c INPROCESSING 8.14506 proptime 384549 prop/sec 24.5803 prop/ca
c 10029000 confls 4639705 constrs 1148 vars
c 10030000 confls 4640705 constrs 1148 vars
c 10031000 confls 4641705 constrs 1148 vars
c 10032000 confls 4642705 constrs 1148 vars
c 10033000 confls 4643705 constrs 1148 vars
c 10034000 confls 4644705 constrs 1148 vars
c 10035000 confls 4645705 constrs 1148 vars
c 10036000 confls 4646705 constrs 1148 vars
c 10037000 confls 4647705 constrs 1148 vars
c 10038000 confls 4648705 constrs 1148 vars
c 10039000 confls 4649705 constrs 1148 vars
c INPROCESSING 8.77805 proptime 476949 prop/sec 20.0544 prop/ca
c 10040000 confls 4639179 constrs 1148 vars
c 10041000 confls 4640179 constrs 1148 vars
c 10042000 confls 4641179 constrs 1148 vars
c 10043000 confls 4642179 constrs 1148 vars
c 10044000 confls 4643179 constrs 1148 vars
c 10045000 confls 4644179 constrs 1148 vars
c 10046000 confls 4645179 constrs 1148 vars
c 10047000 confls 4646179 constrs 1148 vars
c 10048000 confls 4647179 constrs 1148 vars
c 10049000 confls 4648179 constrs 1148 vars
c 10050000 confls 4649179 constrs 1148 vars
c INPROCESSING 7.94747 proptime 569857 prop/sec 17.4192 prop/ca
c 10051000 confls 4638201 constrs 1148 vars
c 10052000 confls 4639201 constrs 1148 vars
c 10053000 confls 4640201 constrs 1148 vars
c 10054000 confls 4641201 constrs 1148 vars
c 10055000 confls 4642201 constrs 1148 vars
c 10056000 confls 4643201 constrs 1148 vars
c 10057000 confls 4644201 constrs 1148 vars
c 10058000 confls 4645201 constrs 1148 vars
c 10059000 confls 4646201 constrs 1148 vars
c 10060000 confls 4647201 constrs 1148 vars
c INPROCESSING 7.56927 proptime 595773 prop/sec 16.23 prop/ca
c 10061000 confls 4637723 constrs 1148 vars
c 10062000 confls 4638723 constrs 1148 vars
c 10063000 confls 4639723 constrs 1148 vars
c 10064000 confls 4640723 constrs 1148 vars
c 10065000 confls 4641723 constrs 1148 vars
c 10066000 confls 4642723 constrs 1148 vars
c 10067000 confls 4643723 constrs 1148 vars
c 10068000 confls 4644723 constrs 1148 vars
c 10069000 confls 4645723 constrs 1148 vars
c 10070000 confls 4646723 constrs 1148 vars
c 10071000 confls 4647723 constrs 1148 vars
c INPROCESSING 7.71822 proptime 582327 prop/sec 16.2486 prop/ca
c 10072000 confls 4638058 constrs 1148 vars
c 10073000 confls 4639058 constrs 1148 vars
c 10074000 confls 4640058 constrs 1148 vars
c 10075000 confls 4641058 constrs 1148 vars
c 10076000 confls 4642058 constrs 1148 vars
c 10077000 confls 4643058 constrs 1148 vars
c 10078000 confls 4644058 constrs 1148 vars
c 10079000 confls 4645058 constrs 1148 vars
c 10080000 confls 4646058 constrs 1148 vars
c 10081000 confls 4647058 constrs 1148 vars
c 10082000 confls 4648058 constrs 1148 vars
c INPROCESSING 7.36756 proptime 586152 prop/sec 16.7099 prop/ca
c 10083000 confls 4638751 constrs 1148 vars
c 10084000 confls 4639751 constrs 1148 vars
c 10085000 confls 4640751 constrs 1148 vars
c 10086000 confls 4641751 constrs 1148 vars
c 10087000 confls 4642751 constrs 1148 vars
c 10088000 confls 4643751 constrs 1148 vars
c 10089000 confls 4644751 constrs 1148 vars
c 10090000 confls 4645751 constrs 1148 vars
c 10091000 confls 4646751 constrs 1148 vars
c 10092000 confls 4647751 constrs 1148 vars
c INPROCESSING 8.21164 proptime 575442 prop/sec 16.3236 prop/ca
c 10093000 confls 4637488 constrs 1148 vars
c 10094000 confls 4638488 constrs 1148 vars
c 10095000 confls 4639488 constrs 1148 vars
c 10096000 confls 4640488 constrs 1148 vars
c 10097000 confls 4641488 constrs 1148 vars
c 10098000 confls 4642488 constrs 1148 vars
c 10099000 confls 4643488 constrs 1148 vars
c 10100000 confls 4644488 constrs 1148 vars
c 10101000 confls 4645488 constrs 1148 vars
c 10102000 confls 4646488 constrs 1148 vars
c 10103000 confls 4647488 constrs 1148 vars
c INPROCESSING 8.27649 proptime 575177 prop/sec 16.2081 prop/ca
c 10104000 confls 4638052 constrs 1148 vars
c 10105000 confls 4639052 constrs 1148 vars
c 10106000 confls 4640052 constrs 1148 vars
c 10107000 confls 4641052 constrs 1148 vars
c 10108000 confls 4642052 constrs 1148 vars
c 10109000 confls 4643052 constrs 1148 vars
c 10110000 confls 4644052 constrs 1148 vars
c 10111000 confls 4645052 constrs 1148 vars
c 10112000 confls 4646052 constrs 1148 vars
c 10113000 confls 4647052 constrs 1148 vars
c 10114000 confls 4648052 constrs 1148 vars
c INPROCESSING 7.66526 proptime 554130 prop/sec 17.7617 prop/ca
c 10115000 confls 4638622 constrs 1148 vars
c 10116000 confls 4639622 constrs 1148 vars
c 10117000 confls 4640622 constrs 1148 vars
c 10118000 confls 4641622 constrs 1148 vars
c 10119000 confls 4642622 constrs 1148 vars
c 10120000 confls 4643622 constrs 1148 vars
c 10121000 confls 4644622 constrs 1148 vars
c 10122000 confls 4645622 constrs 1148 vars
c 10123000 confls 4646622 constrs 1148 vars
c 10124000 confls 4647622 constrs 1148 vars
c INPROCESSING 7.74478 proptime 588186 prop/sec 16.4676 prop/ca
c 10125000 confls 4637647 constrs 1148 vars
c 10126000 confls 4638647 constrs 1148 vars
c 10127000 confls 4639647 constrs 1148 vars
c 10128000 confls 4640647 constrs 1148 vars
c 10129000 confls 4641647 constrs 1148 vars
c 10130000 confls 4642647 constrs 1148 vars
c 10131000 confls 4643647 constrs 1148 vars
c 10132000 confls 4644647 constrs 1148 vars
c 10133000 confls 4645647 constrs 1148 vars
c 10134000 confls 4646647 constrs 1148 vars
c 10135000 confls 4647647 constrs 1148 vars
c INPROCESSING 8.06723 proptime 567951 prop/sec 16.4324 prop/ca
c 10136000 confls 4638080 constrs 1148 vars
c 10137000 confls 4639080 constrs 1148 vars
c 10138000 confls 4640080 constrs 1148 vars
c 10139000 confls 4641080 constrs 1148 vars
c 10140000 confls 4642080 constrs 1148 vars
c 10141000 confls 4643080 constrs 1148 vars
c 10142000 confls 4644080 constrs 1148 vars
c 10143000 confls 4645080 constrs 1148 vars
c 10144000 confls 4646080 constrs 1148 vars
c 10145000 confls 4647080 constrs 1148 vars
c 10146000 confls 4648080 constrs 1148 vars
c INPROCESSING 8.2408 proptime 559416 prop/sec 16.0803 prop/ca
c 10147000 confls 4638465 constrs 1148 vars
c 10148000 confls 4639465 constrs 1148 vars
c 10149000 confls 4640465 constrs 1148 vars
c 10150000 confls 4641465 constrs 1148 vars
c 10151000 confls 4642465 constrs 1148 vars
c 10152000 confls 4643465 constrs 1148 vars
c 10153000 confls 4644465 constrs 1148 vars
c 10154000 confls 4645465 constrs 1148 vars
c 10155000 confls 4646465 constrs 1148 vars
c 10156000 confls 4647465 constrs 1148 vars
c INPROCESSING 8.07977 proptime 570247 prop/sec 16.7364 prop/ca
c 10157000 confls 4638084 constrs 1148 vars
c 10158000 confls 4639084 constrs 1148 vars
c 10159000 confls 4640084 constrs 1148 vars
c 10160000 confls 4641084 constrs 1148 vars
c 10161000 confls 4642084 constrs 1148 vars
c 10162000 confls 4643084 constrs 1148 vars
c 10163000 confls 4644084 constrs 1148 vars
c 10164000 confls 4645084 constrs 1148 vars
c 10165000 confls 4646084 constrs 1148 vars
c 10166000 confls 4647084 constrs 1148 vars
c 10167000 confls 4648084 constrs 1148 vars
c INPROCESSING 7.01323 proptime 594150 prop/sec 15.7012 prop/ca
c 10168000 confls 4638534 constrs 1148 vars
c 10169000 confls 4639534 constrs 1148 vars
c 10170000 confls 4640534 constrs 1148 vars
c 10171000 confls 4641534 constrs 1148 vars
c 10172000 confls 4642534 constrs 1148 vars
c 10173000 confls 4643534 constrs 1148 vars
c 10174000 confls 4644534 constrs 1148 vars
c 10175000 confls 4645534 constrs 1148 vars
c 10176000 confls 4646534 constrs 1148 vars
c 10177000 confls 4647534 constrs 1148 vars
c 10178000 confls 4648534 constrs 1148 vars
c INPROCESSING 7.87669 proptime 496674 prop/sec 20.3407 prop/ca
c 10179000 confls 4639468 constrs 1148 vars
c 10180000 confls 4640468 constrs 1148 vars
c 10181000 confls 4641468 constrs 1148 vars
c 10182000 confls 4642468 constrs 1148 vars
c 10183000 confls 4643468 constrs 1148 vars
c 10184000 confls 4644468 constrs 1148 vars
c 10185000 confls 4645468 constrs 1148 vars
c 10186000 confls 4646468 constrs 1148 vars
c 10187000 confls 4647468 constrs 1148 vars
c 10188000 confls 4648468 constrs 1148 vars
c INPROCESSING 8.05097 proptime 539823 prop/sec 19.933 prop/ca
c 10189000 confls 4638210 constrs 1148 vars
c 10190000 confls 4639210 constrs 1148 vars
c 10191000 confls 4640210 constrs 1148 vars
c 10192000 confls 4641210 constrs 1148 vars
c 10193000 confls 4642210 constrs 1148 vars
c 10194000 confls 4643210 constrs 1148 vars
c 10195000 confls 4644210 constrs 1148 vars
c 10196000 confls 4645210 constrs 1148 vars
c 10197000 confls 4646210 constrs 1148 vars
c 10198000 confls 4647210 constrs 1148 vars
c 10199000 confls 4648210 constrs 1148 vars
c INPROCESSING 7.59722 proptime 543237 prop/sec 18.3952 prop/ca
c 10200000 confls 4639100 constrs 1148 vars
c 10201000 confls 4640100 constrs 1148 vars
c 10202000 confls 4641100 constrs 1148 vars
c 10203000 confls 4642100 constrs 1148 vars
c 10204000 confls 4643100 constrs 1148 vars
c 10205000 confls 4644100 constrs 1148 vars
c 10206000 confls 4645100 constrs 1148 vars
c 10207000 confls 4646100 constrs 1148 vars
c 10208000 confls 4647100 constrs 1148 vars
c 10209000 confls 4648100 constrs 1148 vars
c 10210000 confls 4649100 constrs 1148 vars
c INPROCESSING 7.41774 proptime 593268 prop/sec 16.5236 prop/ca
c 10211000 confls 4638394 constrs 1148 vars
c 10212000 confls 4639394 constrs 1148 vars
c 10213000 confls 4640394 constrs 1148 vars
c 10214000 confls 4641394 constrs 1148 vars
c 10215000 confls 4642394 constrs 1148 vars
c 10216000 confls 4643394 constrs 1148 vars
c 10217000 confls 4644394 constrs 1148 vars
c 10218000 confls 4645394 constrs 1148 vars
c 10219000 confls 4646394 constrs 1148 vars
c 10220000 confls 4647394 constrs 1148 vars
c INPROCESSING 7.99094 proptime 581262 prop/sec 16.2481 prop/ca
c 10221000 confls 4637705 constrs 1148 vars
c 10222000 confls 4638705 constrs 1148 vars
c 10223000 confls 4639705 constrs 1148 vars
c 10224000 confls 4640705 constrs 1148 vars
c 10225000 confls 4641705 constrs 1148 vars
c 10226000 confls 4642705 constrs 1148 vars
c 10227000 confls 4643705 constrs 1148 vars
c 10228000 confls 4644705 constrs 1148 vars
c 10229000 confls 4645705 constrs 1148 vars
c 10230000 confls 4646705 constrs 1148 vars
c 10231000 confls 4647705 constrs 1148 vars
c INPROCESSING 7.65777 proptime 573582 prop/sec 15.9945 prop/ca
c 10232000 confls 4638735 constrs 1148 vars
c 10233000 confls 4639735 constrs 1148 vars
c 10234000 confls 4640735 constrs 1148 vars
c 10235000 confls 4641735 constrs 1148 vars
c 10236000 confls 4642735 constrs 1148 vars
c 10237000 confls 4643735 constrs 1148 vars
c 10238000 confls 4644735 constrs 1148 vars
c 10239000 confls 4645735 constrs 1148 vars
c 10240000 confls 4646735 constrs 1148 vars
c 10241000 confls 4647735 constrs 1148 vars
c 10242000 confls 4648735 constrs 1148 vars
c INPROCESSING 7.93159 proptime 501825 prop/sec 21.0554 prop/ca
c 10243000 confls 4639415 constrs 1148 vars
c 10244000 confls 4640415 constrs 1148 vars
c 10245000 confls 4641415 constrs 1148 vars
c 10246000 confls 4642415 constrs 1148 vars
c 10247000 confls 4643415 constrs 1148 vars
c 10248000 confls 4644415 constrs 1148 vars
c 10249000 confls 4645415 constrs 1148 vars
c 10250000 confls 4646415 constrs 1148 vars
c 10251000 confls 4647415 constrs 1148 vars
c 10252000 confls 4648415 constrs 1148 vars
c INPROCESSING 7.9159 proptime 573225 prop/sec 16.4631 prop/ca
c 10253000 confls 4637863 constrs 1148 vars
c 10254000 confls 4638863 constrs 1148 vars
c 10255000 confls 4639863 constrs 1148 vars
c 10256000 confls 4640863 constrs 1148 vars
c 10257000 confls 4641863 constrs 1148 vars
c 10258000 confls 4642863 constrs 1148 vars
c 10259000 confls 4643863 constrs 1148 vars
c 10260000 confls 4644863 constrs 1148 vars
c 10261000 confls 4645863 constrs 1148 vars
c 10262000 confls 4646863 constrs 1148 vars
c 10263000 confls 4647863 constrs 1148 vars
c INPROCESSING 8.11094 proptime 582061 prop/sec 16.1838 prop/ca
c 10264000 confls 4638248 constrs 1148 vars
c 10265000 confls 4639248 constrs 1148 vars
c 10266000 confls 4640248 constrs 1148 vars
c 10267000 confls 4641248 constrs 1148 vars
c 10268000 confls 4642248 constrs 1148 vars
c 10269000 confls 4643248 constrs 1148 vars
c 10270000 confls 4644248 constrs 1148 vars
c 10271000 confls 4645248 constrs 1148 vars
c 10272000 confls 4646248 constrs 1148 vars
c 10273000 confls 4647248 constrs 1148 vars
c 10274000 confls 4648248 constrs 1148 vars
c INPROCESSING 7.87881 proptime 583234 prop/sec 15.3752 prop/ca
c 10275000 confls 4638689 constrs 1148 vars
c 10276000 confls 4639689 constrs 1148 vars
c 10277000 confls 4640689 constrs 1148 vars
c 10278000 confls 4641689 constrs 1148 vars
c 10279000 confls 4642689 constrs 1148 vars
c 10280000 confls 4643689 constrs 1148 vars
c 10281000 confls 4644689 constrs 1148 vars
c 10282000 confls 4645689 constrs 1148 vars
c 10283000 confls 4646689 constrs 1148 vars
c 10284000 confls 4647689 constrs 1148 vars
c INPROCESSING 7.60242 proptime 571873 prop/sec 15.9229 prop/ca
c 10285000 confls 4637746 constrs 1148 vars
c 10286000 confls 4638746 constrs 1148 vars
c 10287000 confls 4639746 constrs 1148 vars
c 10288000 confls 4640746 constrs 1148 vars
c 10289000 confls 4641746 constrs 1148 vars
c 10290000 confls 4642746 constrs 1148 vars
c 10291000 confls 4643746 constrs 1148 vars
c 10292000 confls 4644746 constrs 1148 vars
c 10293000 confls 4645746 constrs 1148 vars
c 10294000 confls 4646746 constrs 1148 vars
c 10295000 confls 4647746 constrs 1148 vars
c INPROCESSING 7.68542 proptime 538178 prop/sec 18.0607 prop/ca
c 10296000 confls 4639253 constrs 1148 vars
c 10297000 confls 4640253 constrs 1148 vars
c 10298000 confls 4641253 constrs 1148 vars
c 10299000 confls 4642253 constrs 1148 vars
c 10300000 confls 4643253 constrs 1148 vars
c 10301000 confls 4644253 constrs 1148 vars
c 10302000 confls 4645253 constrs 1148 vars
c 10303000 confls 4646253 constrs 1148 vars
c 10304000 confls 4647253 constrs 1148 vars
c 10305000 confls 4648253 constrs 1148 vars
c 10306000 confls 4649253 constrs 1148 vars
c INPROCESSING 8.00651 proptime 582528 prop/sec 17.2066 prop/ca
c 10307000 confls 4638472 constrs 1148 vars
c 10308000 confls 4639472 constrs 1148 vars
c 10309000 confls 4640472 constrs 1148 vars
c 10310000 confls 4641472 constrs 1148 vars
c 10311000 confls 4642472 constrs 1148 vars
c 10312000 confls 4643472 constrs 1148 vars
c 10313000 confls 4644472 constrs 1148 vars
c 10314000 confls 4645472 constrs 1148 vars
c 10315000 confls 4646472 constrs 1148 vars
c 10316000 confls 4647472 constrs 1148 vars
c INPROCESSING 7.85993 proptime 573472 prop/sec 16.0125 prop/ca
c 10317000 confls 4638130 constrs 1148 vars
c 10318000 confls 4639130 constrs 1148 vars
c 10319000 confls 4640130 constrs 1148 vars
c 10320000 confls 4641130 constrs 1148 vars
c 10321000 confls 4642130 constrs 1148 vars
c 10322000 confls 4643130 constrs 1148 vars
c 10323000 confls 4644130 constrs 1148 vars
c 10324000 confls 4645130 constrs 1148 vars
c 10325000 confls 4646130 constrs 1148 vars
c 10326000 confls 4647130 constrs 1148 vars
c 10327000 confls 4648130 constrs 1148 vars
c INPROCESSING 7.61551 proptime 583804 prop/sec 15.7432 prop/ca
c 10328000 confls 4638741 constrs 1148 vars
c 10329000 confls 4639741 constrs 1148 vars
c 10330000 confls 4640741 constrs 1148 vars
c 10331000 confls 4641741 constrs 1148 vars
c 10332000 confls 4642741 constrs 1148 vars
c 10333000 confls 4643741 constrs 1148 vars
c 10334000 confls 4644741 constrs 1148 vars
c 10335000 confls 4645741 constrs 1148 vars
c 10336000 confls 4646741 constrs 1148 vars
c 10337000 confls 4647741 constrs 1148 vars
c 10338000 confls 4648741 constrs 1148 vars
c INPROCESSING 8.01888 proptime 544137 prop/sec 19.4321 prop/ca
c 10339000 confls 4639084 constrs 1148 vars
c 10340000 confls 4640084 constrs 1148 vars
c 10341000 confls 4641084 constrs 1148 vars
c 10342000 confls 4642084 constrs 1148 vars
c 10343000 confls 4643084 constrs 1148 vars
c 10344000 confls 4644084 constrs 1148 vars
c 10345000 confls 4645084 constrs 1148 vars
c 10346000 confls 4646084 constrs 1148 vars
c 10347000 confls 4647084 constrs 1148 vars
c 10348000 confls 4648084 constrs 1148 vars
c INPROCESSING 8.00932 proptime 558842 prop/sec 16.5365 prop/ca
c 10349000 confls 4638140 constrs 1148 vars
c 10350000 confls 4639140 constrs 1148 vars
c 10351000 confls 4640140 constrs 1148 vars
c 10352000 confls 4641140 constrs 1148 vars
c 10353000 confls 4642140 constrs 1148 vars
c 10354000 confls 4643140 constrs 1148 vars
c 10355000 confls 4644140 constrs 1148 vars
c 10356000 confls 4645140 constrs 1148 vars
c 10357000 confls 4646140 constrs 1148 vars
c 10358000 confls 4647140 constrs 1148 vars
c 10359000 confls 4648140 constrs 1148 vars
c INPROCESSING 7.52574 proptime 569012 prop/sec 15.7725 prop/ca
c 10360000 confls 4638755 constrs 1148 vars
c 10361000 confls 4639755 constrs 1148 vars
c 10362000 confls 4640755 constrs 1148 vars
c 10363000 confls 4641755 constrs 1148 vars
c 10364000 confls 4642755 constrs 1148 vars
c 10365000 confls 4643755 constrs 1148 vars
c 10366000 confls 4644755 constrs 1148 vars
c 10367000 confls 4645755 constrs 1148 vars
c 10368000 confls 4646755 constrs 1148 vars
c 10369000 confls 4647755 constrs 1148 vars
c 10370000 confls 4648755 constrs 1148 vars
c INPROCESSING 8.26469 proptime 560091 prop/sec 17.1817 prop/ca
c 10371000 confls 4638622 constrs 1148 vars
c 10372000 confls 4639622 constrs 1148 vars
c 10373000 confls 4640622 constrs 1148 vars
c 10374000 confls 4641622 constrs 1148 vars
c 10375000 confls 4642622 constrs 1148 vars
c 10376000 confls 4643622 constrs 1148 vars
c 10377000 confls 4644622 constrs 1148 vars
c 10378000 confls 4645622 constrs 1148 vars
c 10379000 confls 4646622 constrs 1148 vars
c 10380000 confls 4647622 constrs 1148 vars
c INPROCESSING 8.21794 proptime 415139 prop/sec 22.1381 prop/ca
c 10381000 confls 4639445 constrs 1148 vars
c 10382000 confls 4640445 constrs 1148 vars
c 10383000 confls 4641445 constrs 1148 vars
c 10384000 confls 4642445 constrs 1148 vars
c 10385000 confls 4643445 constrs 1148 vars
c 10386000 confls 4644445 constrs 1148 vars
c 10387000 confls 4645445 constrs 1148 vars
c 10388000 confls 4646445 constrs 1148 vars
c 10389000 confls 4647445 constrs 1148 vars
c 10390000 confls 4648445 constrs 1148 vars
c 10391000 confls 4649445 constrs 1148 vars
c INPROCESSING 8.13539 proptime 544464 prop/sec 16.6321 prop/ca
c 10392000 confls 4638720 constrs 1148 vars
c 10393000 confls 4639720 constrs 1148 vars
c 10394000 confls 4640720 constrs 1148 vars
c 10395000 confls 4641720 constrs 1148 vars
c 10396000 confls 4642720 constrs 1148 vars
c 10397000 confls 4643720 constrs 1148 vars
c 10398000 confls 4644720 constrs 1148 vars
c 10399000 confls 4645720 constrs 1148 vars
c 10400000 confls 4646720 constrs 1148 vars
c 10401000 confls 4647720 constrs 1148 vars
c 10402000 confls 4648720 constrs 1148 vars
c INPROCESSING 10.0604 proptime 438795 prop/sec 22.5021 prop/ca
c 10403000 confls 4638075 constrs 1148 vars
c 10404000 confls 4639075 constrs 1148 vars
c 10405000 confls 4640075 constrs 1148 vars
c 10406000 confls 4641075 constrs 1148 vars
c 10407000 confls 4642075 constrs 1148 vars
c 10408000 confls 4643075 constrs 1148 vars
c 10409000 confls 4644075 constrs 1148 vars
c 10410000 confls 4645075 constrs 1148 vars
c 10411000 confls 4646075 constrs 1148 vars
c 10412000 confls 4647075 constrs 1148 vars
c INPROCESSING 7.64114 proptime 577986 prop/sec 15.7842 prop/ca
c 10413000 confls 4638491 constrs 1148 vars
c 10414000 confls 4639491 constrs 1148 vars
c 10415000 confls 4640491 constrs 1148 vars
c 10416000 confls 4641491 constrs 1148 vars
c 10417000 confls 4642491 constrs 1148 vars
c 10418000 confls 4643491 constrs 1148 vars
c 10419000 confls 4644491 constrs 1148 vars
c 10420000 confls 4645491 constrs 1148 vars
c 10421000 confls 4646491 constrs 1148 vars
c 10422000 confls 4647491 constrs 1148 vars
c 10423000 confls 4648491 constrs 1148 vars
c INPROCESSING 8.06534 proptime 568306 prop/sec 17.2297 prop/ca
c 10424000 confls 4638152 constrs 1148 vars
c 10425000 confls 4639152 constrs 1148 vars
c 10426000 confls 4640152 constrs 1148 vars
c 10427000 confls 4641152 constrs 1148 vars
c 10428000 confls 4642152 constrs 1148 vars
c 10429000 confls 4643152 constrs 1148 vars
c 10430000 confls 4644152 constrs 1148 vars
c 10431000 confls 4645152 constrs 1148 vars
c 10432000 confls 4646152 constrs 1148 vars
c 10433000 confls 4647152 constrs 1148 vars
c 10434000 confls 4648152 constrs 1148 vars
c INPROCESSING 7.82406 proptime 583264 prop/sec 15.8425 prop/ca
c 10435000 confls 4638710 constrs 1148 vars
c 10436000 confls 4639710 constrs 1148 vars
c 10437000 confls 4640710 constrs 1148 vars
c 10438000 confls 4641710 constrs 1148 vars
c 10439000 confls 4642710 constrs 1148 vars
c 10440000 confls 4643710 constrs 1148 vars
c 10441000 confls 4644710 constrs 1148 vars
c 10442000 confls 4645710 constrs 1148 vars
c 10443000 confls 4646710 constrs 1148 vars
c 10444000 confls 4647710 constrs 1148 vars
c INPROCESSING 7.87903 proptime 492708 prop/sec 20.2367 prop/ca
c 10445000 confls 4639600 constrs 1148 vars
c 10446000 confls 4640600 constrs 1148 vars
c 10447000 confls 4641600 constrs 1148 vars
c 10448000 confls 4642600 constrs 1148 vars
c 10449000 confls 4643600 constrs 1148 vars
c 10450000 confls 4644600 constrs 1148 vars
c 10451000 confls 4645600 constrs 1148 vars
c 10452000 confls 4646600 constrs 1148 vars
c 10453000 confls 4647600 constrs 1148 vars
c 10454000 confls 4648600 constrs 1148 vars
c 10455000 confls 4649600 constrs 1148 vars
c INPROCESSING 7.82475 proptime 555084 prop/sec 18.6064 prop/ca
c 10456000 confls 4639104 constrs 1148 vars
c 10457000 confls 4640104 constrs 1148 vars
c 10458000 confls 4641104 constrs 1148 vars
c 10459000 confls 4642104 constrs 1148 vars
c 10460000 confls 4643104 constrs 1148 vars
c 10461000 confls 4644104 constrs 1148 vars
c 10462000 confls 4645104 constrs 1148 vars
c 10463000 confls 4646104 constrs 1148 vars
c 10464000 confls 4647104 constrs 1148 vars
c 10465000 confls 4648104 constrs 1148 vars
c 10466000 confls 4649104 constrs 1148 vars
c INPROCESSING 7.59386 proptime 564674 prop/sec 17.402 prop/ca
c 10467000 confls 4638893 constrs 1148 vars
c 10468000 confls 4639893 constrs 1148 vars
c 10469000 confls 4640893 constrs 1148 vars
c 10470000 confls 4641893 constrs 1148 vars
c 10471000 confls 4642893 constrs 1148 vars
c 10472000 confls 4643893 constrs 1148 vars
c 10473000 confls 4644893 constrs 1148 vars
c 10474000 confls 4645893 constrs 1148 vars
c 10475000 confls 4646893 constrs 1148 vars
c 10476000 confls 4647893 constrs 1148 vars
c INPROCESSING 7.91326 proptime 525512 prop/sec 18.6388 prop/ca
c 10477000 confls 4637929 constrs 1148 vars
c 10478000 confls 4638929 constrs 1148 vars
c 10479000 confls 4639929 constrs 1148 vars
c 10480000 confls 4640929 constrs 1148 vars
c 10481000 confls 4641929 constrs 1148 vars
c 10482000 confls 4642929 constrs 1148 vars
c 10483000 confls 4643929 constrs 1148 vars
c 10484000 confls 4644929 constrs 1148 vars
c 10485000 confls 4645929 constrs 1148 vars
c 10486000 confls 4646929 constrs 1148 vars
c 10487000 confls 4647929 constrs 1148 vars
c INPROCESSING 8.13319 proptime 567769 prop/sec 15.7731 prop/ca
c 10488000 confls 4638279 constrs 1148 vars
c 10489000 confls 4639279 constrs 1148 vars
c 10490000 confls 4640279 constrs 1148 vars
c 10491000 confls 4641279 constrs 1148 vars
c 10492000 confls 4642279 constrs 1148 vars
c 10493000 confls 4643279 constrs 1148 vars
c 10494000 confls 4644279 constrs 1148 vars
c 10495000 confls 4645279 constrs 1148 vars
c 10496000 confls 4646279 constrs 1148 vars
c 10497000 confls 4647279 constrs 1148 vars
c 10498000 confls 4648279 constrs 1148 vars
c INPROCESSING 7.45814 proptime 623086 prop/sec 15.8679 prop/ca
c 10499000 confls 4638357 constrs 1148 vars
c 10500000 confls 4639357 constrs 1148 vars
c 10501000 confls 4640357 constrs 1148 vars
c 10502000 confls 4641357 constrs 1148 vars
c 10503000 confls 4642357 constrs 1148 vars
c 10504000 confls 4643357 constrs 1148 vars
c 10505000 confls 4644357 constrs 1148 vars
c 10506000 confls 4645357 constrs 1148 vars
c 10507000 confls 4646357 constrs 1148 vars
c 10508000 confls 4647357 constrs 1148 vars
c INPROCESSING 8.01408 proptime 583755 prop/sec 16.2954 prop/ca
c 10509000 confls 4637860 constrs 1148 vars
c 10510000 confls 4638860 constrs 1148 vars
c 10511000 confls 4639860 constrs 1148 vars
c 10512000 confls 4640860 constrs 1148 vars
c 10513000 confls 4641860 constrs 1148 vars
c 10514000 confls 4642860 constrs 1148 vars
c 10515000 confls 4643860 constrs 1148 vars
c 10516000 confls 4644860 constrs 1148 vars
c 10517000 confls 4645860 constrs 1148 vars
c 10518000 confls 4646860 constrs 1148 vars
c 10519000 confls 4647860 constrs 1148 vars
c INPROCESSING 7.02958 proptime 600457 prop/sec 17.0079 prop/ca
c 10520000 confls 4638608 constrs 1148 vars
c 10521000 confls 4639608 constrs 1148 vars
c 10522000 confls 4640608 constrs 1148 vars
c 10523000 confls 4641608 constrs 1148 vars
c 10524000 confls 4642608 constrs 1148 vars
c 10525000 confls 4643608 constrs 1148 vars
c 10526000 confls 4644608 constrs 1148 vars
c 10527000 confls 4645608 constrs 1148 vars
c 10528000 confls 4646608 constrs 1148 vars
c 10529000 confls 4647608 constrs 1148 vars
c 10530000 confls 4648608 constrs 1148 vars
c INPROCESSING 8.16704 proptime 434902 prop/sec 21.9235 prop/ca
c 10531000 confls 4640757 constrs 1148 vars
c 10532000 confls 4641757 constrs 1148 vars
c 10533000 confls 4642757 constrs 1148 vars
c 10534000 confls 4643757 constrs 1148 vars
c 10535000 confls 4644757 constrs 1148 vars
c 10536000 confls 4645757 constrs 1148 vars
c 10537000 confls 4646757 constrs 1148 vars
c 10538000 confls 4647757 constrs 1148 vars
c 10539000 confls 4648757 constrs 1148 vars
c 10540000 confls 4649757 constrs 1148 vars
c INPROCESSING 8.33009 proptime 557762 prop/sec 16.8078 prop/ca
c 10541000 confls 4638108 constrs 1148 vars
c 10542000 confls 4639108 constrs 1148 vars
c 10543000 confls 4640108 constrs 1148 vars
c 10544000 confls 4641108 constrs 1148 vars
c 10545000 confls 4642108 constrs 1148 vars
c 10546000 confls 4643108 constrs 1148 vars
c 10547000 confls 4644108 constrs 1148 vars
c 10548000 confls 4645108 constrs 1148 vars
c 10549000 confls 4646108 constrs 1148 vars
c 10550000 confls 4647108 constrs 1148 vars
c 10551000 confls 4648108 constrs 1148 vars
c INPROCESSING 8.05434 proptime 559545 prop/sec 16.3127 prop/ca
c 10552000 confls 4638628 constrs 1148 vars
c 10553000 confls 4639628 constrs 1148 vars
c 10554000 confls 4640628 constrs 1148 vars
c 10555000 confls 4641628 constrs 1148 vars
c 10556000 confls 4642628 constrs 1148 vars
c 10557000 confls 4643628 constrs 1148 vars
c 10558000 confls 4644628 constrs 1148 vars
c 10559000 confls 4645628 constrs 1148 vars
c 10560000 confls 4646628 constrs 1148 vars
c 10561000 confls 4647628 constrs 1148 vars
c 10562000 confls 4648628 constrs 1148 vars
c INPROCESSING 9.24729 proptime 428939 prop/sec 23.3209 prop/ca
c 10563000 confls 4639209 constrs 1148 vars
c 10564000 confls 4640209 constrs 1148 vars
c 10565000 confls 4641209 constrs 1148 vars
c 10566000 confls 4642209 constrs 1148 vars
c 10567000 confls 4643209 constrs 1148 vars
c 10568000 confls 4644209 constrs 1148 vars
c 10569000 confls 4645209 constrs 1148 vars
c 10570000 confls 4646209 constrs 1148 vars
c 10571000 confls 4647209 constrs 1148 vars
c 10572000 confls 4648209 constrs 1148 vars
c INPROCESSING 7.69341 proptime 519994 prop/sec 20.0395 prop/ca
c 10573000 confls 4638452 constrs 1148 vars
c 10574000 confls 4639452 constrs 1148 vars
c 10575000 confls 4640452 constrs 1148 vars
c 10576000 confls 4641452 constrs 1148 vars
c 10577000 confls 4642452 constrs 1148 vars
c 10578000 confls 4643452 constrs 1148 vars
c 10579000 confls 4644452 constrs 1148 vars
c 10580000 confls 4645452 constrs 1148 vars
c 10581000 confls 4646452 constrs 1148 vars
c 10582000 confls 4647452 constrs 1148 vars
c 10583000 confls 4648452 constrs 1148 vars
c INPROCESSING 7.66556 proptime 540646 prop/sec 18.7045 prop/ca
c 10584000 confls 4638711 constrs 1148 vars
c 10585000 confls 4639711 constrs 1148 vars
c 10586000 confls 4640711 constrs 1148 vars
c 10587000 confls 4641711 constrs 1148 vars
c 10588000 confls 4642711 constrs 1148 vars
c 10589000 confls 4643711 constrs 1148 vars
c 10590000 confls 4644711 constrs 1148 vars
c 10591000 confls 4645711 constrs 1148 vars
c 10592000 confls 4646711 constrs 1148 vars
c 10593000 confls 4647711 constrs 1148 vars
c 10594000 confls 4648711 constrs 1148 vars
c INPROCESSING 8.26749 proptime 570728 prop/sec 16.6449 prop/ca
c 10595000 confls 4638250 constrs 1148 vars
c 10596000 confls 4639250 constrs 1148 vars
c 10597000 confls 4640250 constrs 1148 vars
c 10598000 confls 4641250 constrs 1148 vars
c 10599000 confls 4642250 constrs 1148 vars
c 10600000 confls 4643250 constrs 1148 vars
c 10601000 confls 4644250 constrs 1148 vars
c 10602000 confls 4645250 constrs 1148 vars
c 10603000 confls 4646250 constrs 1148 vars
c 10604000 confls 4647250 constrs 1148 vars
c INPROCESSING 7.79545 proptime 548434 prop/sec 17.0922 prop/ca
c 10605000 confls 4638265 constrs 1148 vars
c 10606000 confls 4639265 constrs 1148 vars
c 10607000 confls 4640265 constrs 1148 vars
c 10608000 confls 4641265 constrs 1148 vars
c 10609000 confls 4642265 constrs 1148 vars
c 10610000 confls 4643265 constrs 1148 vars
c 10611000 confls 4644265 constrs 1148 vars
c 10612000 confls 4645265 constrs 1148 vars
c 10613000 confls 4646265 constrs 1148 vars
c 10614000 confls 4647265 constrs 1148 vars
c 10615000 confls 4648265 constrs 1148 vars
c INPROCESSING 7.73538 proptime 573009 prop/sec 16.5055 prop/ca
c 10616000 confls 4638348 constrs 1148 vars
c 10617000 confls 4639348 constrs 1148 vars
c 10618000 confls 4640348 constrs 1148 vars
c 10619000 confls 4641348 constrs 1148 vars
c 10620000 confls 4642348 constrs 1148 vars
c 10621000 confls 4643348 constrs 1148 vars
c 10622000 confls 4644348 constrs 1148 vars
c 10623000 confls 4645348 constrs 1148 vars
c 10624000 confls 4646348 constrs 1148 vars
c 10625000 confls 4647348 constrs 1148 vars
c 10626000 confls 4648348 constrs 1148 vars
c INPROCESSING 7.41542 proptime 604180 prop/sec 14.8256 prop/ca
c 10627000 confls 4638969 constrs 1148 vars
c 10628000 confls 4639969 constrs 1148 vars
c 10629000 confls 4640969 constrs 1148 vars
c 10630000 confls 4641969 constrs 1148 vars
c 10631000 confls 4642969 constrs 1148 vars
c 10632000 confls 4643969 constrs 1148 vars
c 10633000 confls 4644969 constrs 1148 vars
c 10634000 confls 4645969 constrs 1148 vars
c 10635000 confls 4646969 constrs 1148 vars
c 10636000 confls 4647969 constrs 1148 vars
c INPROCESSING 7.87331 proptime 560073 prop/sec 16.6009 prop/ca
c 10637000 confls 4637843 constrs 1148 vars
c 10638000 confls 4638843 constrs 1148 vars
c 10639000 confls 4639843 constrs 1148 vars
c 10640000 confls 4640843 constrs 1148 vars
c 10641000 confls 4641843 constrs 1148 vars
c 10642000 confls 4642843 constrs 1148 vars
c 10643000 confls 4643843 constrs 1148 vars
c 10644000 confls 4644843 constrs 1148 vars
c 10645000 confls 4645843 constrs 1148 vars
c 10646000 confls 4646843 constrs 1148 vars
c 10647000 confls 4647843 constrs 1148 vars
c INPROCESSING 7.50131 proptime 589916 prop/sec 16.7822 prop/ca
c 10648000 confls 4638514 constrs 1148 vars
c 10649000 confls 4639514 constrs 1148 vars
c 10650000 confls 4640514 constrs 1148 vars
c 10651000 confls 4641514 constrs 1148 vars
c 10652000 confls 4642514 constrs 1148 vars
c 10653000 confls 4643514 constrs 1148 vars
c 10654000 confls 4644514 constrs 1148 vars
c 10655000 confls 4645514 constrs 1148 vars
c 10656000 confls 4646514 constrs 1148 vars
c 10657000 confls 4647514 constrs 1148 vars
c 10658000 confls 4648514 constrs 1148 vars
c INPROCESSING 7.52286 proptime 593304 prop/sec 18.0814 prop/ca
c 10659000 confls 4638786 constrs 1148 vars
c 10660000 confls 4639786 constrs 1148 vars
c 10661000 confls 4640786 constrs 1148 vars
c 10662000 confls 4641786 constrs 1148 vars
c 10663000 confls 4642786 constrs 1148 vars
c 10664000 confls 4643786 constrs 1148 vars
c 10665000 confls 4644786 constrs 1148 vars
c 10666000 confls 4645786 constrs 1148 vars
c 10667000 confls 4646786 constrs 1148 vars
c 10668000 confls 4647786 constrs 1148 vars
c INPROCESSING 7.85377 proptime 589837 prop/sec 16.9287 prop/ca
c 10669000 confls 4637392 constrs 1148 vars
c 10670000 confls 4638392 constrs 1148 vars
c 10671000 confls 4639392 constrs 1148 vars
c 10672000 confls 4640392 constrs 1148 vars
c 10673000 confls 4641392 constrs 1148 vars
c 10674000 confls 4642392 constrs 1148 vars
c 10675000 confls 4643392 constrs 1148 vars
c 10676000 confls 4644392 constrs 1148 vars
c 10677000 confls 4645392 constrs 1148 vars
c 10678000 confls 4646392 constrs 1148 vars
c 10679000 confls 4647392 constrs 1148 vars
c INPROCESSING 7.85636 proptime 538452 prop/sec 18.4025 prop/ca
c 10680000 confls 4638728 constrs 1148 vars
c 10681000 confls 4639728 constrs 1148 vars
c 10682000 confls 4640728 constrs 1148 vars
c 10683000 confls 4641728 constrs 1148 vars
c 10684000 confls 4642728 constrs 1148 vars
c 10685000 confls 4643728 constrs 1148 vars
c 10686000 confls 4644728 constrs 1148 vars
c 10687000 confls 4645728 constrs 1148 vars
c 10688000 confls 4646728 constrs 1148 vars
c 10689000 confls 4647728 constrs 1148 vars
c 10690000 confls 4648728 constrs 1148 vars
c INPROCESSING 7.61753 proptime 556406 prop/sec 18.8378 prop/ca
c 10691000 confls 4639007 constrs 1148 vars
c 10692000 confls 4640007 constrs 1148 vars
c 10693000 confls 4641007 constrs 1148 vars
c 10694000 confls 4642007 constrs 1148 vars
c 10695000 confls 4643007 constrs 1148 vars
c 10696000 confls 4644007 constrs 1148 vars
c 10697000 confls 4645007 constrs 1148 vars
c 10698000 confls 4646007 constrs 1148 vars
c 10699000 confls 4647007 constrs 1148 vars
c 10700000 confls 4648007 constrs 1148 vars
c 10701000 confls 4649007 constrs 1148 vars
c INPROCESSING 7.67645 proptime 602784 prop/sec 15.3015 prop/ca
c 10702000 confls 4638572 constrs 1148 vars
c 10703000 confls 4639572 constrs 1148 vars
c 10704000 confls 4640572 constrs 1148 vars
c 10705000 confls 4641572 constrs 1148 vars
c 10706000 confls 4642572 constrs 1148 vars
c 10707000 confls 4643572 constrs 1148 vars
c 10708000 confls 4644572 constrs 1148 vars
c 10709000 confls 4645572 constrs 1148 vars
c 10710000 confls 4646572 constrs 1148 vars
c 10711000 confls 4647572 constrs 1148 vars
c INPROCESSING 7.81126 proptime 586049 prop/sec 16.4648 prop/ca
c 10712000 confls 4637853 constrs 1148 vars
c 10713000 confls 4638853 constrs 1148 vars
c 10714000 confls 4639853 constrs 1148 vars
c 10715000 confls 4640853 constrs 1148 vars
c 10716000 confls 4641853 constrs 1148 vars
c 10717000 confls 4642853 constrs 1148 vars
c 10718000 confls 4643853 constrs 1148 vars
c 10719000 confls 4644853 constrs 1148 vars
c 10720000 confls 4645853 constrs 1148 vars
c 10721000 confls 4646853 constrs 1148 vars
c 10722000 confls 4647853 constrs 1148 vars
c INPROCESSING 8.44933 proptime 552723 prop/sec 16.9163 prop/ca
c 10723000 confls 4638115 constrs 1148 vars
c 10724000 confls 4639115 constrs 1148 vars
c 10725000 confls 4640115 constrs 1148 vars
c 10726000 confls 4641115 constrs 1148 vars
c 10727000 confls 4642115 constrs 1148 vars
c 10728000 confls 4643115 constrs 1148 vars
c 10729000 confls 4644115 constrs 1148 vars
c 10730000 confls 4645115 constrs 1148 vars
c 10731000 confls 4646115 constrs 1148 vars
c 10732000 confls 4647115 constrs 1148 vars
c 10733000 confls 4648115 constrs 1148 vars
c INPROCESSING 7.5121 proptime 571886 prop/sec 18.2689 prop/ca
c 10734000 confls 4638524 constrs 1148 vars
c 10735000 confls 4639524 constrs 1148 vars
c 10736000 confls 4640524 constrs 1148 vars
c 10737000 confls 4641524 constrs 1148 vars
c 10738000 confls 4642524 constrs 1148 vars
c 10739000 confls 4643524 constrs 1148 vars
c 10740000 confls 4644524 constrs 1148 vars
c 10741000 confls 4645524 constrs 1148 vars
c 10742000 confls 4646524 constrs 1148 vars
c 10743000 confls 4647524 constrs 1148 vars
c INPROCESSING 8.16065 proptime 563568 prop/sec 16.4834 prop/ca
c 10744000 confls 4637567 constrs 1148 vars
c 10745000 confls 4638567 constrs 1148 vars
c 10746000 confls 4639567 constrs 1148 vars
c 10747000 confls 4640567 constrs 1148 vars
c 10748000 confls 4641567 constrs 1148 vars
c 10749000 confls 4642567 constrs 1148 vars
c 10750000 confls 4643567 constrs 1148 vars
c 10751000 confls 4644567 constrs 1148 vars
c 10752000 confls 4645567 constrs 1148 vars
c 10753000 confls 4646567 constrs 1148 vars
c 10754000 confls 4647567 constrs 1148 vars
c INPROCESSING 8.2069 proptime 562863 prop/sec 16.9192 prop/ca
c 10755000 confls 4638273 constrs 1148 vars
c 10756000 confls 4639273 constrs 1148 vars
c 10757000 confls 4640273 constrs 1148 vars
c 10758000 confls 4641273 constrs 1148 vars
c 10759000 confls 4642273 constrs 1148 vars
c 10760000 confls 4643273 constrs 1148 vars
c 10761000 confls 4644273 constrs 1148 vars
c 10762000 confls 4645273 constrs 1148 vars
c 10763000 confls 4646273 constrs 1148 vars
c 10764000 confls 4647273 constrs 1148 vars
c 10765000 confls 4648273 constrs 1148 vars
c INPROCESSING 7.97287 proptime 511814 prop/sec 19.5309 prop/ca
c 10766000 confls 4639050 constrs 1148 vars
c 10767000 confls 4640050 constrs 1148 vars
c 10768000 confls 4641050 constrs 1148 vars
c 10769000 confls 4642050 constrs 1148 vars
c 10770000 confls 4643050 constrs 1148 vars
c 10771000 confls 4644050 constrs 1148 vars
c 10772000 confls 4645050 constrs 1148 vars
c 10773000 confls 4646050 constrs 1148 vars
c 10774000 confls 4647050 constrs 1148 vars
c 10775000 confls 4648050 constrs 1148 vars
c INPROCESSING 7.36728 proptime 532297 prop/sec 19.8909 prop/ca
c 10776000 confls 4639415 constrs 1148 vars
c 10777000 confls 4640415 constrs 1148 vars
c 10778000 confls 4641415 constrs 1148 vars
c 10779000 confls 4642415 constrs 1148 vars
c 10780000 confls 4643415 constrs 1148 vars
c 10781000 confls 4644415 constrs 1148 vars
c 10782000 confls 4645415 constrs 1148 vars
c 10783000 confls 4646415 constrs 1148 vars
c 10784000 confls 4647415 constrs 1148 vars
c 10785000 confls 4648415 constrs 1148 vars
c 10786000 confls 4649415 constrs 1148 vars
c INPROCESSING 8.8584 proptime 588163 prop/sec 17.1791 prop/ca
c 10787000 confls 4637437 constrs 1148 vars
c 10788000 confls 4638437 constrs 1148 vars
c 10789000 confls 4639437 constrs 1148 vars
c 10790000 confls 4640437 constrs 1148 vars
c 10791000 confls 4641437 constrs 1148 vars
c 10792000 confls 4642437 constrs 1148 vars
c 10793000 confls 4643437 constrs 1148 vars
c 10794000 confls 4644437 constrs 1148 vars
c 10795000 confls 4645437 constrs 1148 vars
c 10796000 confls 4646437 constrs 1148 vars
c 10797000 confls 4647437 constrs 1148 vars
c INPROCESSING 7.6723 proptime 533593 prop/sec 18.3658 prop/ca
c 10798000 confls 4638516 constrs 1148 vars
c 10799000 confls 4639516 constrs 1148 vars
c 10800000 confls 4640516 constrs 1148 vars
c 10801000 confls 4641516 constrs 1148 vars
c 10802000 confls 4642516 constrs 1148 vars
c 10803000 confls 4643516 constrs 1148 vars
c 10804000 confls 4644516 constrs 1148 vars
c 10805000 confls 4645516 constrs 1148 vars
c 10806000 confls 4646516 constrs 1148 vars
c 10807000 confls 4647516 constrs 1148 vars
c 10808000 confls 4648516 constrs 1148 vars
c INPROCESSING 7.6176 proptime 598056 prop/sec 16.1025 prop/ca
c 10809000 confls 4638402 constrs 1148 vars
c 10810000 confls 4639402 constrs 1148 vars
c 10811000 confls 4640402 constrs 1148 vars
c 10812000 confls 4641402 constrs 1148 vars
c 10813000 confls 4642402 constrs 1148 vars
c 10814000 confls 4643402 constrs 1148 vars
c 10815000 confls 4644402 constrs 1148 vars
c 10816000 confls 4645402 constrs 1148 vars
c 10817000 confls 4646402 constrs 1148 vars
c 10818000 confls 4647402 constrs 1148 vars
c INPROCESSING 8.13547 proptime 579337 prop/sec 16.4431 prop/ca
c 10819000 confls 4637931 constrs 1148 vars
c 10820000 confls 4638931 constrs 1148 vars
c 10821000 confls 4639931 constrs 1148 vars
c 10822000 confls 4640931 constrs 1148 vars
c 10823000 confls 4641931 constrs 1148 vars
c 10824000 confls 4642931 constrs 1148 vars
c 10825000 confls 4643931 constrs 1148 vars
c 10826000 confls 4644931 constrs 1148 vars
c 10827000 confls 4645931 constrs 1148 vars
c 10828000 confls 4646931 constrs 1148 vars
c 10829000 confls 4647931 constrs 1148 vars
c INPROCESSING 7.59995 proptime 499704 prop/sec 19.2723 prop/ca
c 10830000 confls 4639970 constrs 1148 vars
c 10831000 confls 4640970 constrs 1148 vars
c 10832000 confls 4641970 constrs 1148 vars
c 10833000 confls 4642970 constrs 1148 vars
c 10834000 confls 4643970 constrs 1148 vars
c 10835000 confls 4644970 constrs 1148 vars
c 10836000 confls 4645970 constrs 1148 vars
c 10837000 confls 4646970 constrs 1148 vars
c 10838000 confls 4647970 constrs 1148 vars
c 10839000 confls 4648970 constrs 1148 vars
c 10840000 confls 4649970 constrs 1148 vars
c INPROCESSING 8.37237 proptime 512056 prop/sec 18.6683 prop/ca
c 10841000 confls 4638565 constrs 1148 vars
c 10842000 confls 4639565 constrs 1148 vars
c 10843000 confls 4640565 constrs 1148 vars
c 10844000 confls 4641565 constrs 1148 vars
c 10845000 confls 4642565 constrs 1148 vars
c 10846000 confls 4643565 constrs 1148 vars
c 10847000 confls 4644565 constrs 1148 vars
c 10848000 confls 4645565 constrs 1148 vars
c 10849000 confls 4646565 constrs 1148 vars
c 10850000 confls 4647565 constrs 1148 vars
c INPROCESSING 9.8818 proptime 503773 prop/sec 19.7902 prop/ca
c 10851000 confls 4637454 constrs 1148 vars
c 10852000 confls 4638454 constrs 1148 vars
c 10853000 confls 4639454 constrs 1148 vars
c 10854000 confls 4640454 constrs 1148 vars
c 10855000 confls 4641454 constrs 1148 vars
c 10856000 confls 4642454 constrs 1148 vars
c 10857000 confls 4643454 constrs 1148 vars
c 10858000 confls 4644454 constrs 1148 vars
c 10859000 confls 4645454 constrs 1148 vars
c 10860000 confls 4646454 constrs 1148 vars
c 10861000 confls 4647454 constrs 1148 vars
c INPROCESSING 8.11396 proptime 490617 prop/sec 20.5393 prop/ca
c 10862000 confls 4638847 constrs 1148 vars
c 10863000 confls 4639847 constrs 1148 vars
c 10864000 confls 4640847 constrs 1148 vars
c 10865000 confls 4641847 constrs 1148 vars
c 10866000 confls 4642847 constrs 1148 vars
c 10867000 confls 4643847 constrs 1148 vars
c 10868000 confls 4644847 constrs 1148 vars
c 10869000 confls 4645847 constrs 1148 vars
c 10870000 confls 4646847 constrs 1148 vars
c 10871000 confls 4647847 constrs 1148 vars
c 10872000 confls 4648847 constrs 1148 vars
c INPROCESSING 8.13291 proptime 530706 prop/sec 19.0132 prop/ca
c 10873000 confls 4638899 constrs 1148 vars
c 10874000 confls 4639899 constrs 1148 vars
c 10875000 confls 4640899 constrs 1148 vars
c 10876000 confls 4641899 constrs 1148 vars
c 10877000 confls 4642899 constrs 1148 vars
c 10878000 confls 4643899 constrs 1148 vars
c 10879000 confls 4644899 constrs 1148 vars
c 10880000 confls 4645899 constrs 1148 vars
c 10881000 confls 4646899 constrs 1148 vars
c 10882000 confls 4647899 constrs 1148 vars
c INPROCESSING 7.7615 proptime 567059 prop/sec 18.2239 prop/ca
c 10883000 confls 4637947 constrs 1148 vars
c 10884000 confls 4638947 constrs 1148 vars
c 10885000 confls 4639947 constrs 1148 vars
c 10886000 confls 4640947 constrs 1148 vars
c 10887000 confls 4641947 constrs 1148 vars
c 10888000 confls 4642947 constrs 1148 vars
c 10889000 confls 4643947 constrs 1148 vars
c 10890000 confls 4644947 constrs 1148 vars
c 10891000 confls 4645947 constrs 1148 vars
c 10892000 confls 4646947 constrs 1148 vars
c 10893000 confls 4647947 constrs 1148 vars
c INPROCESSING 7.66416 proptime 560557 prop/sec 17.7486 prop/ca
c 10894000 confls 4638621 constrs 1148 vars
c 10895000 confls 4639621 constrs 1148 vars
c 10896000 confls 4640621 constrs 1148 vars
c 10897000 confls 4641621 constrs 1148 vars
c 10898000 confls 4642621 constrs 1148 vars
c 10899000 confls 4643621 constrs 1148 vars
c 10900000 confls 4644621 constrs 1148 vars
c 10901000 confls 4645621 constrs 1148 vars
c 10902000 confls 4646621 constrs 1148 vars
c 10903000 confls 4647621 constrs 1148 vars
c 10904000 confls 4648621 constrs 1148 vars
c INPROCESSING 7.98205 proptime 487207 prop/sec 20.2305 prop/ca
c 10905000 confls 4638951 constrs 1148 vars
c 10906000 confls 4639951 constrs 1148 vars
c 10907000 confls 4640951 constrs 1148 vars
c 10908000 confls 4641951 constrs 1148 vars
c 10909000 confls 4642951 constrs 1148 vars
c 10910000 confls 4643951 constrs 1148 vars
c 10911000 confls 4644951 constrs 1148 vars
c 10912000 confls 4645951 constrs 1148 vars
c 10913000 confls 4646951 constrs 1148 vars
c 10914000 confls 4647951 constrs 1148 vars
c 10915000 confls 4648951 constrs 1148 vars
c INPROCESSING 8.04064 proptime 562608 prop/sec 18.3099 prop/ca
c 10916000 confls 4639167 constrs 1148 vars
c 10917000 confls 4640167 constrs 1148 vars
c 10918000 confls 4641167 constrs 1148 vars
c 10919000 confls 4642167 constrs 1148 vars
c 10920000 confls 4643167 constrs 1148 vars
c 10921000 confls 4644167 constrs 1148 vars
c 10922000 confls 4645167 constrs 1148 vars
c 10923000 confls 4646167 constrs 1148 vars
c 10924000 confls 4647167 constrs 1148 vars
c 10925000 confls 4648167 constrs 1148 vars
c INPROCESSING 8.99614 proptime 475582 prop/sec 20.9152 prop/ca
c 10926000 confls 4638209 constrs 1148 vars
c 10927000 confls 4639209 constrs 1148 vars
c 10928000 confls 4640209 constrs 1148 vars
c 10929000 confls 4641209 constrs 1148 vars
c 10930000 confls 4642209 constrs 1148 vars
c 10931000 confls 4643209 constrs 1148 vars
c 10932000 confls 4644209 constrs 1148 vars
c 10933000 confls 4645209 constrs 1148 vars
c 10934000 confls 4646209 constrs 1148 vars
c 10935000 confls 4647209 constrs 1148 vars
c 10936000 confls 4648209 constrs 1148 vars
c INPROCESSING 7.74679 proptime 571270 prop/sec 17.5114 prop/ca
c 10937000 confls 4638539 constrs 1148 vars
c 10938000 confls 4639539 constrs 1148 vars
c 10939000 confls 4640539 constrs 1148 vars
c 10940000 confls 4641539 constrs 1148 vars
c 10941000 confls 4642539 constrs 1148 vars
c 10942000 confls 4643539 constrs 1148 vars
c 10943000 confls 4644539 constrs 1148 vars
c 10944000 confls 4645539 constrs 1148 vars
c 10945000 confls 4646539 constrs 1148 vars
c 10946000 confls 4647539 constrs 1148 vars
c 10947000 confls 4648539 constrs 1148 vars
c INPROCESSING 7.88745 proptime 538929 prop/sec 19.2507 prop/ca
c 10948000 confls 4638954 constrs 1148 vars
c 10949000 confls 4639954 constrs 1148 vars
c 10950000 confls 4640954 constrs 1148 vars
c 10951000 confls 4641954 constrs 1148 vars
c 10952000 confls 4642954 constrs 1148 vars
c 10953000 confls 4643954 constrs 1148 vars
c 10954000 confls 4644954 constrs 1148 vars
c 10955000 confls 4645954 constrs 1148 vars
c 10956000 confls 4646954 constrs 1148 vars
c 10957000 confls 4647954 constrs 1148 vars
c INPROCESSING 7.78959 proptime 593513 prop/sec 16.4922 prop/ca
c 10958000 confls 4637527 constrs 1148 vars
c 10959000 confls 4638527 constrs 1148 vars
c 10960000 confls 4639527 constrs 1148 vars
c 10961000 confls 4640527 constrs 1148 vars
c 10962000 confls 4641527 constrs 1148 vars
c 10963000 confls 4642527 constrs 1148 vars
c 10964000 confls 4643527 constrs 1148 vars
c 10965000 confls 4644527 constrs 1148 vars
c 10966000 confls 4645527 constrs 1148 vars
c 10967000 confls 4646527 constrs 1148 vars
c 10968000 confls 4647527 constrs 1148 vars
c INPROCESSING 8.07881 proptime 530329 prop/sec 17.4623 prop/ca
c 10969000 confls 4638782 constrs 1148 vars
c 10970000 confls 4639782 constrs 1148 vars
c 10971000 confls 4640782 constrs 1148 vars
c 10972000 confls 4641782 constrs 1148 vars
c 10973000 confls 4642782 constrs 1148 vars
c 10974000 confls 4643782 constrs 1148 vars
c 10975000 confls 4644782 constrs 1148 vars
c 10976000 confls 4645782 constrs 1148 vars
c 10977000 confls 4646782 constrs 1148 vars
c 10978000 confls 4647782 constrs 1148 vars
c 10979000 confls 4648782 constrs 1148 vars
c INPROCESSING 7.80201 proptime 564438 prop/sec 17.3209 prop/ca
c 10980000 confls 4638818 constrs 1148 vars
c 10981000 confls 4639818 constrs 1148 vars
c 10982000 confls 4640818 constrs 1148 vars
c 10983000 confls 4641818 constrs 1148 vars
c 10984000 confls 4642818 constrs 1148 vars
c 10985000 confls 4643818 constrs 1148 vars
c 10986000 confls 4644818 constrs 1148 vars
c 10987000 confls 4645818 constrs 1148 vars
c 10988000 confls 4646818 constrs 1148 vars
c 10989000 confls 4647818 constrs 1148 vars
c INPROCESSING 7.73426 proptime 579528 prop/sec 16.0992 prop/ca
c 10990000 confls 4638474 constrs 1148 vars
c 10991000 confls 4639474 constrs 1148 vars
c 10992000 confls 4640474 constrs 1148 vars
c 10993000 confls 4641474 constrs 1148 vars
c 10994000 confls 4642474 constrs 1148 vars
c 10995000 confls 4643474 constrs 1148 vars
c 10996000 confls 4644474 constrs 1148 vars
c 10997000 confls 4645474 constrs 1148 vars
c 10998000 confls 4646474 constrs 1148 vars
c 10999000 confls 4647474 constrs 1148 vars
c 11000000 confls 4648474 constrs 1148 vars
c INPROCESSING 8.38924 proptime 568053 prop/sec 15.9672 prop/ca
c 11001000 confls 4637784 constrs 1148 vars
c 11002000 confls 4638784 constrs 1148 vars
c 11003000 confls 4639784 constrs 1148 vars
c 11004000 confls 4640784 constrs 1148 vars
c 11005000 confls 4641784 constrs 1148 vars
c 11006000 confls 4642784 constrs 1148 vars
c 11007000 confls 4643784 constrs 1148 vars
c 11008000 confls 4644784 constrs 1148 vars
c 11009000 confls 4645784 constrs 1148 vars
c 11010000 confls 4646784 constrs 1148 vars
c 11011000 confls 4647784 constrs 1148 vars
c INPROCESSING 7.98002 proptime 559337 prop/sec 16.688 prop/ca
c 11012000 confls 4638098 constrs 1148 vars
c 11013000 confls 4639098 constrs 1148 vars
c 11014000 confls 4640098 constrs 1148 vars
c 11015000 confls 4641098 constrs 1148 vars
c 11016000 confls 4642098 constrs 1148 vars
c 11017000 confls 4643098 constrs 1148 vars
c 11018000 confls 4644098 constrs 1148 vars
c 11019000 confls 4645098 constrs 1148 vars
c 11020000 confls 4646098 constrs 1148 vars
c 11021000 confls 4647098 constrs 1148 vars
c 11022000 confls 4648098 constrs 1148 vars
c INPROCESSING 8.02589 proptime 482593 prop/sec 20.4793 prop/ca
c 11023000 confls 4639384 constrs 1148 vars
c 11024000 confls 4640384 constrs 1148 vars
c 11025000 confls 4641384 constrs 1148 vars
c 11026000 confls 4642384 constrs 1148 vars
c 11027000 confls 4643384 constrs 1148 vars
c 11028000 confls 4644384 constrs 1148 vars
c 11029000 confls 4645384 constrs 1148 vars
c 11030000 confls 4646384 constrs 1148 vars
c 11031000 confls 4647384 constrs 1148 vars
c 11032000 confls 4648384 constrs 1148 vars
c INPROCESSING 7.65503 proptime 575602 prop/sec 18.4285 prop/ca
c 11033000 confls 4637975 constrs 1148 vars
c 11034000 confls 4638975 constrs 1148 vars
c 11035000 confls 4639975 constrs 1148 vars
c 11036000 confls 4640975 constrs 1148 vars
c 11037000 confls 4641975 constrs 1148 vars
c 11038000 confls 4642975 constrs 1148 vars
c 11039000 confls 4643975 constrs 1148 vars
c 11040000 confls 4644975 constrs 1148 vars
c 11041000 confls 4645975 constrs 1148 vars
c 11042000 confls 4646975 constrs 1148 vars
c 11043000 confls 4647975 constrs 1148 vars
c INPROCESSING 8.23913 proptime 501041 prop/sec 19.6971 prop/ca
c 11044000 confls 4638058 constrs 1148 vars
c 11045000 confls 4639058 constrs 1148 vars
c 11046000 confls 4640058 constrs 1148 vars
c 11047000 confls 4641058 constrs 1148 vars
c 11048000 confls 4642058 constrs 1148 vars
c 11049000 confls 4643058 constrs 1148 vars
c 11050000 confls 4644058 constrs 1148 vars
c 11051000 confls 4645058 constrs 1148 vars
c 11052000 confls 4646058 constrs 1148 vars
c 11053000 confls 4647058 constrs 1148 vars
c 11054000 confls 4648058 constrs 1148 vars
c INPROCESSING 8.17233 proptime 537189 prop/sec 16.3739 prop/ca
c 11055000 confls 4638898 constrs 1148 vars
c 11056000 confls 4639898 constrs 1148 vars
c 11057000 confls 4640898 constrs 1148 vars
c 11058000 confls 4641898 constrs 1148 vars
c 11059000 confls 4642898 constrs 1148 vars
c 11060000 confls 4643898 constrs 1148 vars
c 11061000 confls 4644898 constrs 1148 vars
c 11062000 confls 4645898 constrs 1148 vars
c 11063000 confls 4646898 constrs 1148 vars
c 11064000 confls 4647898 constrs 1148 vars
c INPROCESSING 7.98635 proptime 595212 prop/sec 15.2576 prop/ca
c 11065000 confls 4637611 constrs 1148 vars
c 11066000 confls 4638611 constrs 1148 vars
c 11067000 confls 4639611 constrs 1148 vars
c 11068000 confls 4640611 constrs 1148 vars
c 11069000 confls 4641611 constrs 1148 vars
c 11070000 confls 4642611 constrs 1148 vars
c 11071000 confls 4643611 constrs 1148 vars
c 11072000 confls 4644611 constrs 1148 vars
c 11073000 confls 4645611 constrs 1148 vars
c 11074000 confls 4646611 constrs 1148 vars
c 11075000 confls 4647611 constrs 1148 vars
c INPROCESSING 8.0424 proptime 568924 prop/sec 15.6993 prop/ca
c 11076000 confls 4638051 constrs 1148 vars
c 11077000 confls 4639051 constrs 1148 vars
c 11078000 confls 4640051 constrs 1148 vars
c 11079000 confls 4641051 constrs 1148 vars
c 11080000 confls 4642051 constrs 1148 vars
c 11081000 confls 4643051 constrs 1148 vars
c 11082000 confls 4644051 constrs 1148 vars
c 11083000 confls 4645051 constrs 1148 vars
c 11084000 confls 4646051 constrs 1148 vars
c 11085000 confls 4647051 constrs 1148 vars
c 11086000 confls 4648051 constrs 1148 vars
c INPROCESSING 7.73393 proptime 567708 prop/sec 16.9108 prop/ca
c 11087000 confls 4638606 constrs 1148 vars
c 11088000 confls 4639606 constrs 1148 vars
c 11089000 confls 4640606 constrs 1148 vars
c 11090000 confls 4641606 constrs 1148 vars
c 11091000 confls 4642606 constrs 1148 vars
c 11092000 confls 4643606 constrs 1148 vars
c 11093000 confls 4644606 constrs 1148 vars
c 11094000 confls 4645606 constrs 1148 vars
c 11095000 confls 4646606 constrs 1148 vars
c 11096000 confls 4647606 constrs 1148 vars
c 11097000 confls 4648606 constrs 1148 vars
c INPROCESSING 8.14586 proptime 556787 prop/sec 16.7295 prop/ca
c 11098000 confls 4638864 constrs 1148 vars
c 11099000 confls 4639864 constrs 1148 vars
c 11100000 confls 4640864 constrs 1148 vars
c 11101000 confls 4641864 constrs 1148 vars
c 11102000 confls 4642864 constrs 1148 vars
c 11103000 confls 4643864 constrs 1148 vars
c 11104000 confls 4644864 constrs 1148 vars
c 11105000 confls 4645864 constrs 1148 vars
c 11106000 confls 4646864 constrs 1148 vars
c 11107000 confls 4647864 constrs 1148 vars
c INPROCESSING 8.54966 proptime 516519 prop/sec 19.7505 prop/ca
c 11108000 confls 4637804 constrs 1148 vars
c 11109000 confls 4638804 constrs 1148 vars
c 11110000 confls 4639804 constrs 1148 vars
c 11111000 confls 4640804 constrs 1148 vars
c 11112000 confls 4641804 constrs 1148 vars
c 11113000 confls 4642804 constrs 1148 vars
c 11114000 confls 4643804 constrs 1148 vars
c 11115000 confls 4644804 constrs 1148 vars
c 11116000 confls 4645804 constrs 1148 vars
c 11117000 confls 4646804 constrs 1148 vars
c 11118000 confls 4647804 constrs 1148 vars
c INPROCESSING 8.04103 proptime 547793 prop/sec 15.7896 prop/ca
c 11119000 confls 4638270 constrs 1148 vars
c 11120000 confls 4639270 constrs 1148 vars
c 11121000 confls 4640270 constrs 1148 vars
c 11122000 confls 4641270 constrs 1148 vars
c 11123000 confls 4642270 constrs 1148 vars
c 11124000 confls 4643270 constrs 1148 vars
c 11125000 confls 4644270 constrs 1148 vars
c 11126000 confls 4645270 constrs 1148 vars
c 11127000 confls 4646270 constrs 1148 vars
c 11128000 confls 4647270 constrs 1148 vars
c 11129000 confls 4648270 constrs 1148 vars
c INPROCESSING 8.80218 proptime 516317 prop/sec 15.444 prop/ca
c 11130000 confls 4638745 constrs 1148 vars
c 11131000 confls 4639745 constrs 1148 vars
c 11132000 confls 4640745 constrs 1148 vars
c 11133000 confls 4641745 constrs 1148 vars
c 11134000 confls 4642745 constrs 1148 vars
c 11135000 confls 4643745 constrs 1148 vars
c 11136000 confls 4644745 constrs 1148 vars
c 11137000 confls 4645745 constrs 1148 vars
c 11138000 confls 4646745 constrs 1148 vars
c 11139000 confls 4647745 constrs 1148 vars
c 11140000 confls 4648745 constrs 1148 vars
c INPROCESSING 8.29432 proptime 485369 prop/sec 19.614 prop/ca
c 11141000 confls 4639184 constrs 1148 vars
c 11142000 confls 4640184 constrs 1148 vars
c 11143000 confls 4641184 constrs 1148 vars
c 11144000 confls 4642184 constrs 1148 vars
c 11145000 confls 4643184 constrs 1148 vars
c 11146000 confls 4644184 constrs 1148 vars
c 11147000 confls 4645184 constrs 1148 vars
c 11148000 confls 4646184 constrs 1148 vars
c 11149000 confls 4647184 constrs 1148 vars
c 11150000 confls 4648184 constrs 1148 vars
c INPROCESSING 11.7398 proptime 448089 prop/sec 19.7679 prop/ca
c 11151000 confls 4637763 constrs 1148 vars
c 11152000 confls 4638763 constrs 1148 vars
c 11153000 confls 4639763 constrs 1148 vars
c 11154000 confls 4640763 constrs 1148 vars
c 11155000 confls 4641763 constrs 1148 vars
c 11156000 confls 4642763 constrs 1148 vars
c 11157000 confls 4643763 constrs 1148 vars
c 11158000 confls 4644763 constrs 1148 vars
c 11159000 confls 4645763 constrs 1148 vars
c 11160000 confls 4646763 constrs 1148 vars
c 11161000 confls 4647763 constrs 1148 vars
c INPROCESSING 7.85939 proptime 515959 prop/sec 18.7652 prop/ca
c 11162000 confls 4638811 constrs 1148 vars
c 11163000 confls 4639811 constrs 1148 vars
c 11164000 confls 4640811 constrs 1148 vars
c 11165000 confls 4641811 constrs 1148 vars
c 11166000 confls 4642811 constrs 1148 vars
c 11167000 confls 4643811 constrs 1148 vars
c 11168000 confls 4644811 constrs 1148 vars
c 11169000 confls 4645811 constrs 1148 vars
c 11170000 confls 4646811 constrs 1148 vars
c 11171000 confls 4647811 constrs 1148 vars
c 11172000 confls 4648811 constrs 1148 vars
c INPROCESSING 8.26448 proptime 529029 prop/sec 16.9614 prop/ca
c 11173000 confls 4638771 constrs 1148 vars
c 11174000 confls 4639771 constrs 1148 vars
c 11175000 confls 4640771 constrs 1148 vars
c 11176000 confls 4641771 constrs 1148 vars
c 11177000 confls 4642771 constrs 1148 vars
c 11178000 confls 4643771 constrs 1148 vars
c 11179000 confls 4644771 constrs 1148 vars
c 11180000 confls 4645771 constrs 1148 vars
c 11181000 confls 4646771 constrs 1148 vars
c 11182000 confls 4647771 constrs 1148 vars
c INPROCESSING 8.46251 proptime 551065 prop/sec 16.7253 prop/ca
c 11183000 confls 4637828 constrs 1148 vars
c 11184000 confls 4638828 constrs 1148 vars
c 11185000 confls 4639828 constrs 1148 vars
c 11186000 confls 4640828 constrs 1148 vars
c 11187000 confls 4641828 constrs 1148 vars
c 11188000 confls 4642828 constrs 1148 vars
c 11189000 confls 4643828 constrs 1148 vars
c 11190000 confls 4644828 constrs 1148 vars
c 11191000 confls 4645828 constrs 1148 vars
c 11192000 confls 4646828 constrs 1148 vars
c 11193000 confls 4647828 constrs 1148 vars
c INPROCESSING 8.44254 proptime 535426 prop/sec 16.2879 prop/ca
c 11194000 confls 4638053 constrs 1148 vars
c 11195000 confls 4639053 constrs 1148 vars
c 11196000 confls 4640053 constrs 1148 vars
c 11197000 confls 4641053 constrs 1148 vars
c 11198000 confls 4642053 constrs 1148 vars
c 11199000 confls 4643053 constrs 1148 vars
c 11200000 confls 4644053 constrs 1148 vars
c 11201000 confls 4645053 constrs 1148 vars
c 11202000 confls 4646053 constrs 1148 vars
c 11203000 confls 4647053 constrs 1148 vars
c 11204000 confls 4648053 constrs 1148 vars
c INPROCESSING 8.38026 proptime 543996 prop/sec 15.93 prop/ca
c 11205000 confls 4638390 constrs 1148 vars
c 11206000 confls 4639390 constrs 1148 vars
c 11207000 confls 4640390 constrs 1148 vars
c 11208000 confls 4641390 constrs 1148 vars
c 11209000 confls 4642390 constrs 1148 vars
c 11210000 confls 4643390 constrs 1148 vars
c 11211000 confls 4644390 constrs 1148 vars
c 11212000 confls 4645390 constrs 1148 vars
c 11213000 confls 4646390 constrs 1148 vars
c 11214000 confls 4647390 constrs 1148 vars
c 11215000 confls 4648390 constrs 1148 vars
c INPROCESSING 8.23213 proptime 543130 prop/sec 17.0822 prop/ca
c 11216000 confls 4639013 constrs 1148 vars
c 11217000 confls 4640013 constrs 1148 vars
c 11218000 confls 4641013 constrs 1148 vars
c 11219000 confls 4642013 constrs 1148 vars
c 11220000 confls 4643013 constrs 1148 vars
c 11221000 confls 4644013 constrs 1148 vars
c 11222000 confls 4645013 constrs 1148 vars
c 11223000 confls 4646013 constrs 1148 vars
c 11224000 confls 4647013 constrs 1148 vars
c 11225000 confls 4648013 constrs 1148 vars
c INPROCESSING 8.40916 proptime 524440 prop/sec 16.0995 prop/ca
c 11226000 confls 4638191 constrs 1148 vars
c 11227000 confls 4639191 constrs 1148 vars
c 11228000 confls 4640191 constrs 1148 vars
c 11229000 confls 4641191 constrs 1148 vars
c 11230000 confls 4642191 constrs 1148 vars
c 11231000 confls 4643191 constrs 1148 vars
c 11232000 confls 4644191 constrs 1148 vars
c 11233000 confls 4645191 constrs 1148 vars
c 11234000 confls 4646191 constrs 1148 vars
c 11235000 confls 4647191 constrs 1148 vars
c 11236000 confls 4648191 constrs 1148 vars
c INPROCESSING 7.98447 proptime 518701 prop/sec 18.5974 prop/ca
c 11237000 confls 4638460 constrs 1148 vars
c 11238000 confls 4639460 constrs 1148 vars
c 11239000 confls 4640460 constrs 1148 vars
c 11240000 confls 4641460 constrs 1148 vars
c 11241000 confls 4642460 constrs 1148 vars
c 11242000 confls 4643460 constrs 1148 vars
c 11243000 confls 4644460 constrs 1148 vars
c 11244000 confls 4645460 constrs 1148 vars
c 11245000 confls 4646460 constrs 1148 vars
c 11246000 confls 4647460 constrs 1148 vars
c 11247000 confls 4648460 constrs 1148 vars
c INPROCESSING 8.10475 proptime 565622 prop/sec 16.2518 prop/ca
c 11248000 confls 4638507 constrs 1148 vars
c 11249000 confls 4639507 constrs 1148 vars
c 11250000 confls 4640507 constrs 1148 vars
c 11251000 confls 4641507 constrs 1148 vars
c 11252000 confls 4642507 constrs 1148 vars
c 11253000 confls 4643507 constrs 1148 vars
c 11254000 confls 4644507 constrs 1148 vars
c 11255000 confls 4645507 constrs 1148 vars
c 11256000 confls 4646507 constrs 1148 vars
c 11257000 confls 4647507 constrs 1148 vars
c INPROCESSING 8.34968 proptime 543105 prop/sec 16.2337 prop/ca
c 11258000 confls 4637820 constrs 1148 vars
c 11259000 confls 4638820 constrs 1148 vars
c 11260000 confls 4639820 constrs 1148 vars
c 11261000 confls 4640820 constrs 1148 vars
c 11262000 confls 4641820 constrs 1148 vars
c 11263000 confls 4642820 constrs 1148 vars
c 11264000 confls 4643820 constrs 1148 vars
c 11265000 confls 4644820 constrs 1148 vars
c 11266000 confls 4645820 constrs 1148 vars
c 11267000 confls 4646820 constrs 1148 vars
c 11268000 confls 4647820 constrs 1148 vars
c INPROCESSING 8.4223 proptime 538287 prop/sec 16.7203 prop/ca
c 11269000 confls 4638352 constrs 1148 vars
c 11270000 confls 4639352 constrs 1148 vars
c 11271000 confls 4640352 constrs 1148 vars
c 11272000 confls 4641352 constrs 1148 vars
c 11273000 confls 4642352 constrs 1148 vars
c 11274000 confls 4643352 constrs 1148 vars
c 11275000 confls 4644352 constrs 1148 vars
c 11276000 confls 4645352 constrs 1148 vars
c 11277000 confls 4646352 constrs 1148 vars
c 11278000 confls 4647352 constrs 1148 vars
c 11279000 confls 4648352 constrs 1148 vars
c INPROCESSING 8.1937 proptime 537649 prop/sec 16.8794 prop/ca
c 11280000 confls 4638311 constrs 1148 vars
c 11281000 confls 4639311 constrs 1148 vars
c 11282000 confls 4640311 constrs 1148 vars
c 11283000 confls 4641311 constrs 1148 vars
c 11284000 confls 4642311 constrs 1148 vars
c 11285000 confls 4643311 constrs 1148 vars
c 11286000 confls 4644311 constrs 1148 vars
c 11287000 confls 4645311 constrs 1148 vars
c 11288000 confls 4646311 constrs 1148 vars
c 11289000 confls 4647311 constrs 1148 vars
c 11290000 confls 4648311 constrs 1148 vars
c INPROCESSING 8.72974 proptime 445367 prop/sec 18.4726 prop/ca
c 11291000 confls 4639471 constrs 1148 vars
c 11292000 confls 4640471 constrs 1148 vars
c 11293000 confls 4641471 constrs 1148 vars
c 11294000 confls 4642471 constrs 1148 vars
c 11295000 confls 4643471 constrs 1148 vars
c 11296000 confls 4644471 constrs 1148 vars
c 11297000 confls 4645471 constrs 1148 vars
c 11298000 confls 4646471 constrs 1148 vars
c 11299000 confls 4647471 constrs 1148 vars
c 11300000 confls 4648471 constrs 1148 vars
c INPROCESSING 8.58787 proptime 546704 prop/sec 17.5227 prop/ca
c 11301000 confls 4637548 constrs 1148 vars
c 11302000 confls 4638548 constrs 1148 vars
c 11303000 confls 4639548 constrs 1148 vars
c 11304000 confls 4640548 constrs 1148 vars
c 11305000 confls 4641548 constrs 1148 vars
c 11306000 confls 4642548 constrs 1148 vars
c 11307000 confls 4643548 constrs 1148 vars
c 11308000 confls 4644548 constrs 1148 vars
c 11309000 confls 4645548 constrs 1148 vars
c 11310000 confls 4646548 constrs 1148 vars
c 11311000 confls 4647548 constrs 1148 vars
c INPROCESSING 8.53392 proptime 484385 prop/sec 19.5788 prop/ca
c 11312000 confls 4638752 constrs 1148 vars
c 11313000 confls 4639752 constrs 1148 vars
c 11314000 confls 4640752 constrs 1148 vars
c 11315000 confls 4641752 constrs 1148 vars
c 11316000 confls 4642752 constrs 1148 vars
c 11317000 confls 4643752 constrs 1148 vars
c 11318000 confls 4644752 constrs 1148 vars
c 11319000 confls 4645752 constrs 1148 vars
c 11320000 confls 4646752 constrs 1148 vars
c 11321000 confls 4647752 constrs 1148 vars
c 11322000 confls 4648752 constrs 1148 vars
c INPROCESSING 8.14359 proptime 493191 prop/sec 20.3191 prop/ca
c 11323000 confls 4639614 constrs 1148 vars
c 11324000 confls 4640614 constrs 1148 vars
c 11325000 confls 4641614 constrs 1148 vars
c 11326000 confls 4642614 constrs 1148 vars
c 11327000 confls 4643614 constrs 1148 vars
c 11328000 confls 4644614 constrs 1148 vars
c 11329000 confls 4645614 constrs 1148 vars
c 11330000 confls 4646614 constrs 1148 vars
c 11331000 confls 4647614 constrs 1148 vars
c 11332000 confls 4648614 constrs 1148 vars
c 11333000 confls 4649614 constrs 1148 vars
c INPROCESSING 8.6355 proptime 462493 prop/sec 19.7434 prop/ca
c 11334000 confls 4639565 constrs 1148 vars
c 11335000 confls 4640565 constrs 1148 vars
c 11336000 confls 4641565 constrs 1148 vars
c 11337000 confls 4642565 constrs 1148 vars
c 11338000 confls 4643565 constrs 1148 vars
c 11339000 confls 4644565 constrs 1148 vars
c 11340000 confls 4645565 constrs 1148 vars
c 11341000 confls 4646565 constrs 1148 vars
c 11342000 confls 4647565 constrs 1148 vars
c 11343000 confls 4648565 constrs 1148 vars
c INPROCESSING 7.96655 proptime 542592 prop/sec 17.7186 prop/ca
c 11344000 confls 4638323 constrs 1148 vars
c 11345000 confls 4639323 constrs 1148 vars
c 11346000 confls 4640323 constrs 1148 vars
c 11347000 confls 4641323 constrs 1148 vars
c 11348000 confls 4642323 constrs 1148 vars
c 11349000 confls 4643323 constrs 1148 vars
c 11350000 confls 4644323 constrs 1148 vars
c 11351000 confls 4645323 constrs 1148 vars
c 11352000 confls 4646323 constrs 1148 vars
c 11353000 confls 4647323 constrs 1148 vars
c 11354000 confls 4648323 constrs 1148 vars
c INPROCESSING 8.75591 proptime 476277 prop/sec 19.1112 prop/ca
c 11355000 confls 4638753 constrs 1148 vars
c 11356000 confls 4639753 constrs 1148 vars
c 11357000 confls 4640753 constrs 1148 vars
c 11358000 confls 4641753 constrs 1148 vars
c 11359000 confls 4642753 constrs 1148 vars
c 11360000 confls 4643753 constrs 1148 vars
c 11361000 confls 4644753 constrs 1148 vars
c 11362000 confls 4645753 constrs 1148 vars
c 11363000 confls 4646753 constrs 1148 vars
c 11364000 confls 4647753 constrs 1148 vars
c 11365000 confls 4648753 constrs 1148 vars
c INPROCESSING 9.29816 proptime 436799 prop/sec 19.6215 prop/ca
c 11366000 confls 4639575 constrs 1148 vars
c 11367000 confls 4640575 constrs 1148 vars
c 11368000 confls 4641575 constrs 1148 vars
c 11369000 confls 4642575 constrs 1148 vars
c 11370000 confls 4643575 constrs 1148 vars
c 11371000 confls 4644575 constrs 1148 vars
c 11372000 confls 4645575 constrs 1148 vars
c 11373000 confls 4646575 constrs 1148 vars
c 11374000 confls 4647575 constrs 1148 vars
c 11375000 confls 4648575 constrs 1148 vars
c 11376000 confls 4649575 constrs 1148 vars
c INPROCESSING 9.1288 proptime 419103 prop/sec 22.1296 prop/ca
c 11377000 confls 4639646 constrs 1148 vars
c 11378000 confls 4640646 constrs 1148 vars
c 11379000 confls 4641646 constrs 1148 vars
c 11380000 confls 4642646 constrs 1148 vars
c 11381000 confls 4643646 constrs 1148 vars
c 11382000 confls 4644646 constrs 1148 vars
c 11383000 confls 4645646 constrs 1148 vars
c 11384000 confls 4646646 constrs 1148 vars
c 11385000 confls 4647646 constrs 1148 vars
c 11386000 confls 4648646 constrs 1148 vars
c INPROCESSING 9.27118 proptime 443248 prop/sec 20.8951 prop/ca
c 11387000 confls 4639139 constrs 1148 vars
c 11388000 confls 4640139 constrs 1148 vars
c 11389000 confls 4641139 constrs 1148 vars
c 11390000 confls 4642139 constrs 1148 vars
c 11391000 confls 4643139 constrs 1148 vars
c 11392000 confls 4644139 constrs 1148 vars
c 11393000 confls 4645139 constrs 1148 vars
c 11394000 confls 4646139 constrs 1148 vars
c 11395000 confls 4647139 constrs 1148 vars
c 11396000 confls 4648139 constrs 1148 vars
c 11397000 confls 4649139 constrs 1148 vars
c INPROCESSING 9.99675 proptime 445134 prop/sec 18.1839 prop/ca
c 11398000 confls 4638044 constrs 1148 vars
c 11399000 confls 4639044 constrs 1148 vars
c 11400000 confls 4640044 constrs 1148 vars
c 11401000 confls 4641044 constrs 1148 vars
c 11402000 confls 4642044 constrs 1148 vars
c 11403000 confls 4643044 constrs 1148 vars
c 11404000 confls 4644044 constrs 1148 vars
c 11405000 confls 4645044 constrs 1148 vars
c 11406000 confls 4646044 constrs 1148 vars
c 11407000 confls 4647044 constrs 1148 vars
c 11408000 confls 4648044 constrs 1148 vars
c INPROCESSING 8.18668 proptime 519104 prop/sec 19.1866 prop/ca
c 11409000 confls 4639047 constrs 1148 vars
c 11410000 confls 4640047 constrs 1148 vars
c 11411000 confls 4641047 constrs 1148 vars
c 11412000 confls 4642047 constrs 1148 vars
c 11413000 confls 4643047 constrs 1148 vars
c 11414000 confls 4644047 constrs 1148 vars
c 11415000 confls 4645047 constrs 1148 vars
c 11416000 confls 4646047 constrs 1148 vars
c 11417000 confls 4647047 constrs 1148 vars
c 11418000 confls 4648047 constrs 1148 vars
c INPROCESSING 8.40938 proptime 542076 prop/sec 18.1798 prop/ca
c 11419000 confls 4637576 constrs 1148 vars
c 11420000 confls 4638576 constrs 1148 vars
c 11421000 confls 4639576 constrs 1148 vars
c 11422000 confls 4640576 constrs 1148 vars
c 11423000 confls 4641576 constrs 1148 vars
c 11424000 confls 4642576 constrs 1148 vars
c 11425000 confls 4643576 constrs 1148 vars
c 11426000 confls 4644576 constrs 1148 vars
c 11427000 confls 4645576 constrs 1148 vars
c 11428000 confls 4646576 constrs 1148 vars
c 11429000 confls 4647576 constrs 1148 vars
c INPROCESSING 8.65843 proptime 445252 prop/sec 18.5172 prop/ca
c 11430000 confls 4639296 constrs 1147 vars
c 11431000 confls 4640296 constrs 1147 vars
c 11432000 confls 4641296 constrs 1147 vars
c 11433000 confls 4642296 constrs 1147 vars
c 11434000 confls 4643296 constrs 1147 vars
c 11435000 confls 4644296 constrs 1147 vars
c 11436000 confls 4645296 constrs 1147 vars
c 11437000 confls 4646296 constrs 1147 vars
c 11438000 confls 4647296 constrs 1147 vars
c 11439000 confls 4648296 constrs 1147 vars
c 11440000 confls 4649296 constrs 1147 vars
c INPROCESSING 8.15942 proptime 537396 prop/sec 18.4912 prop/ca
c 11441000 confls 4565341 constrs 1147 vars
c 11442000 confls 4566341 constrs 1147 vars
c 11443000 confls 4567341 constrs 1147 vars
c 11444000 confls 4568341 constrs 1147 vars
c 11445000 confls 4569341 constrs 1147 vars
c 11446000 confls 4570341 constrs 1147 vars
c 11447000 confls 4571341 constrs 1147 vars
c 11448000 confls 4572341 constrs 1147 vars
c 11449000 confls 4573341 constrs 1147 vars
c 11450000 confls 4574341 constrs 1147 vars
c 11451000 confls 4575341 constrs 1147 vars
c INPROCESSING 9.79755 proptime 481483 prop/sec 17.87 prop/ca
c 11452000 confls 4565137 constrs 1147 vars
c 11453000 confls 4566137 constrs 1147 vars
c 11454000 confls 4567137 constrs 1147 vars
c 11455000 confls 4568137 constrs 1147 vars
c 11456000 confls 4569137 constrs 1147 vars
c 11457000 confls 4570137 constrs 1147 vars
c 11458000 confls 4571137 constrs 1147 vars
c 11459000 confls 4572137 constrs 1147 vars
c 11460000 confls 4573137 constrs 1147 vars
c 11461000 confls 4574137 constrs 1147 vars
c INPROCESSING 9.28958 proptime 515804 prop/sec 17.1284 prop/ca
c 11462000 confls 4564133 constrs 1147 vars
c 11463000 confls 4565133 constrs 1147 vars
c 11464000 confls 4566133 constrs 1147 vars
c 11465000 confls 4567133 constrs 1147 vars
c 11466000 confls 4568133 constrs 1147 vars
c 11467000 confls 4569133 constrs 1147 vars
c 11468000 confls 4570133 constrs 1147 vars
c 11469000 confls 4571133 constrs 1147 vars
c 11470000 confls 4572133 constrs 1147 vars
c 11471000 confls 4573133 constrs 1147 vars
c 11472000 confls 4574133 constrs 1147 vars
c INPROCESSING 8.84697 proptime 532269 prop/sec 16.9265 prop/ca
c 11473000 confls 4564382 constrs 1147 vars
c 11474000 confls 4565382 constrs 1147 vars
c 11475000 confls 4566382 constrs 1147 vars
c 11476000 confls 4567382 constrs 1147 vars
c 11477000 confls 4568382 constrs 1147 vars
c 11478000 confls 4569382 constrs 1147 vars
c 11479000 confls 4570382 constrs 1147 vars
c 11480000 confls 4571382 constrs 1147 vars
c 11481000 confls 4572382 constrs 1147 vars
c 11482000 confls 4573382 constrs 1147 vars
c 11483000 confls 4574382 constrs 1147 vars
c INPROCESSING 8.91161 proptime 517917 prop/sec 16.6061 prop/ca
c 11484000 confls 4564905 constrs 1147 vars
c 11485000 confls 4565905 constrs 1147 vars
c 11486000 confls 4566905 constrs 1147 vars
c 11487000 confls 4567905 constrs 1147 vars
c 11488000 confls 4568905 constrs 1147 vars
c 11489000 confls 4569905 constrs 1147 vars
c 11490000 confls 4570905 constrs 1147 vars
c 11491000 confls 4571905 constrs 1147 vars
c 11492000 confls 4572905 constrs 1147 vars
c 11493000 confls 4573905 constrs 1147 vars
c 11494000 confls 4574905 constrs 1147 vars
c INPROCESSING 10.0965 proptime 428673 prop/sec 21.3809 prop/ca
c 11495000 confls 4566255 constrs 1147 vars
c 11496000 confls 4567255 constrs 1147 vars
c 11497000 confls 4568255 constrs 1147 vars
c 11498000 confls 4569255 constrs 1147 vars
c 11499000 confls 4570255 constrs 1147 vars
c 11500000 confls 4571255 constrs 1147 vars
c 11501000 confls 4572255 constrs 1147 vars
c 11502000 confls 4573255 constrs 1147 vars
c 11503000 confls 4574255 constrs 1147 vars
c 11504000 confls 4575255 constrs 1147 vars
c INPROCESSING 9.02273 proptime 515591 prop/sec 17.1531 prop/ca
c 11505000 confls 4564040 constrs 1147 vars
c 11506000 confls 4565040 constrs 1147 vars
c 11507000 confls 4566040 constrs 1147 vars
c 11508000 confls 4567040 constrs 1147 vars
c 11509000 confls 4568040 constrs 1147 vars
c 11510000 confls 4569040 constrs 1147 vars
c 11511000 confls 4570040 constrs 1147 vars
c 11512000 confls 4571040 constrs 1147 vars
c 11513000 confls 4572040 constrs 1147 vars
c 11514000 confls 4573040 constrs 1147 vars
c 11515000 confls 4574040 constrs 1147 vars
c INPROCESSING 8.92538 proptime 445387 prop/sec 20.697 prop/ca
c 11516000 confls 4565354 constrs 1147 vars
c 11517000 confls 4566354 constrs 1147 vars
c 11518000 confls 4567354 constrs 1147 vars
c 11519000 confls 4568354 constrs 1147 vars
c 11520000 confls 4569354 constrs 1147 vars
c 11521000 confls 4570354 constrs 1147 vars
c 11522000 confls 4571354 constrs 1147 vars
c 11523000 confls 4572354 constrs 1147 vars
c 11524000 confls 4573354 constrs 1147 vars
c 11525000 confls 4574354 constrs 1147 vars
c 11526000 confls 4575354 constrs 1147 vars
c INPROCESSING 9.36248 proptime 500128 prop/sec 17.6632 prop/ca
c 11527000 confls 4564933 constrs 1147 vars
c 11528000 confls 4565933 constrs 1147 vars
c 11529000 confls 4566933 constrs 1147 vars
c 11530000 confls 4567933 constrs 1147 vars
c 11531000 confls 4568933 constrs 1147 vars
c 11532000 confls 4569933 constrs 1147 vars
c 11533000 confls 4570933 constrs 1147 vars
c 11534000 confls 4571933 constrs 1147 vars
c 11535000 confls 4572933 constrs 1147 vars
c 11536000 confls 4573933 constrs 1147 vars
c 11537000 confls 4574933 constrs 1147 vars
c INPROCESSING 9.11278 proptime 486656 prop/sec 19.1028 prop/ca
c 11538000 confls 4564797 constrs 1147 vars
c 11539000 confls 4565797 constrs 1147 vars
c 11540000 confls 4566797 constrs 1147 vars
c 11541000 confls 4567797 constrs 1147 vars
c 11542000 confls 4568797 constrs 1147 vars
c 11543000 confls 4569797 constrs 1147 vars
c 11544000 confls 4570797 constrs 1147 vars
c 11545000 confls 4571797 constrs 1147 vars
c 11546000 confls 4572797 constrs 1147 vars
c 11547000 confls 4573797 constrs 1147 vars
c INPROCESSING 9.1419 proptime 501314 prop/sec 17.0891 prop/ca
c 11548000 confls 4564476 constrs 1147 vars
c 11549000 confls 4565476 constrs 1147 vars
c 11550000 confls 4566476 constrs 1147 vars
c 11551000 confls 4567476 constrs 1147 vars
c 11552000 confls 4568476 constrs 1147 vars
c 11553000 confls 4569476 constrs 1147 vars
c 11554000 confls 4570476 constrs 1147 vars
c 11555000 confls 4571476 constrs 1147 vars
c 11556000 confls 4572476 constrs 1147 vars
c 11557000 confls 4573476 constrs 1147 vars
c 11558000 confls 4574476 constrs 1147 vars
c INPROCESSING 8.87612 proptime 496707 prop/sec 18.1268 prop/ca
c 11559000 confls 4565095 constrs 1147 vars
c 11560000 confls 4566095 constrs 1147 vars
c 11561000 confls 4567095 constrs 1147 vars
c 11562000 confls 4568095 constrs 1147 vars
c 11563000 confls 4569095 constrs 1147 vars
c 11564000 confls 4570095 constrs 1147 vars
c 11565000 confls 4571095 constrs 1147 vars
c 11566000 confls 4572095 constrs 1147 vars
c 11567000 confls 4573095 constrs 1147 vars
c 11568000 confls 4574095 constrs 1147 vars
c 11569000 confls 4575095 constrs 1147 vars
c INPROCESSING 9.244 proptime 501920 prop/sec 17.6712 prop/ca
c Program interrupted by user.
c cpu time 12185
c parse time 7.83441
c solve time 12177.2
c solve time det 24957.9
c optimization time 12.4087
c top-down time 12164.8
c top-down time det 24921.7
c bottom-up solve time 0
c bottom-up solve time det 0
c conflict analysis time 524.773
c learned minimize time 4.19193
c propagation time 9991.21
c constraint cleanup time 718.786
c inprocessing time 1566.4
c garbage collection time 163.735
c constraint learning time 925.299
c time spent in activity heuristic 96.0971
c at-most-one detection time 1565.3
c at-most-one detection time det 2494.49
c symbolic bound improvements 0
c added constraints with symbolic bounds 0
c cores 0
c solutions 0
c propagations 4847289641
c decisions 17918758
c conflicts 11569377
c restarts 16382
c inprocessing phases 1162
c original variables 1180
c auxiliary variables 0
c input clauses 7309567
c input cardinalities 0
c input general constraints 23
c input length average 2.99333
c input degree average 1.0054
c learned clauses 14261309
c learned cardinalities 14660
c learned general constraints 2800530
c learned length average 285.287
c learned degree average 58.116
c learned LBD average 5.83789
c unit literals derived 33
c pure literals 0
c constraints satisfied at root 2706161
c constraints simplified during database reduction 2891507
c small coef constraints 2800553
c large coef constraints 0
c arbitrary coef constraints 0
c probing calls 1804149
c probing inprocessing time 17.4038
c unit lits due to probing 0
c equalities due to probing 0
c implications added due to probing 1970
c max implications in memory due to probing 17404
c detected at-most-ones 626
c units derived during at-most-one detection 12
c resolve steps 308492823
c self-subsumptions 231633219
c gcd simplifications 4074948
c detected cardinalities 13552
c weakened non-implied 4929783286
c weakened non-implying 0
c fully weakened reason literals 0
c multiply-weakens on reason 224718
c multiply-weakens on conflict 17485
c direct multiply-weakens 3493
c indirect multiply-weakens 221763
c clausal propagations 1917269778
c cardinality propagations 1762961
c watched propagations 2823660859
c counting propagations 0
c watch lookups 164220339155
c watch backjump lookups 388692537
c watch checks 2493013428795
c propagation checks 49942109441
c blocking literal success 46320609
c blocking literal fails 82099135
c literal additions 6353009090
c saturation steps 18419569605
c unknown literals rounded up 0
c trail pops 4876777755
c formula constraints 7309590
c dominance breaking constraints 0
c learned constraints 14396183
c bound constraints 0
c core-guided constraints 0
c reduced constraints 2677296
c encountered formula constraints 270867832
c encountered dominance breaking constraints 0
c encountered learned constraints 32977992
c encountered bound constraints 0
c encountered core-guided constraints 0
c encountered reduced constraints 1393
c encountered detected at-most-ones 106038
c encountered detected equalities 0
c encountered detected implications 4539568
c CG unit cores 0
c CG non-clausal cores 0
c best upper bound 1
c best lower bound 0
c time spent in subsetsum optimizations 34.5525
c lifted degrees 177
c superfluous literals 63644
c partially superfluous literals 4758
s UNKNOWN
