c --- [ banner ] -------------------------------------------------------------
c 
c CaDiCaL SAT Solver
c Copyright (c) 2016-2026
c A. Biere, M. Fleury, N. Froleyks, K. Fazekas, F. Pollitt, T. Faller
c JKU Linz, University of Freiburg, TU Wien
c 
c Version 3.0.1 c60730422e758ef1cebe7aeddf2dda31c996bf04
c Apple clang version 17.0.0 (clang-1700.6.3.2) -Wall -Wextra -O3 -DNDEBUG -DNCLOSEFROM
c Wed Aug 12 12:29:40 CEST 2026 Darwin 192.168.1.2 24.6.0 arm64
c 
c --- [ limit ] --------------------------------------------------------------
c 
c setting time limit to 1800 seconds real time (due to '-t 1800')
c 
c --- [ parsing input ] ------------------------------------------------------
c 
c reading DIMACS file from 'results/cnf/probe_incl1.cnf'
c opening file to read 'results/cnf/probe_incl1.cnf'
c found 'p cnf 16856 28850112' header
c parsed 28850112 clauses in 3.15 seconds process time
c 
c --- [ options ] ------------------------------------------------------------
c 
c all options are set to their default value
c 
c --- [ solving ] ------------------------------------------------------------
c 
c time measured in process time since initialization
c 
c  seconds  reduction conflicts       size tier2          variables
c         MB    restarts   redundant    glue  trail            remaining
c          level     rate       size/glu tier1   irredundant
c 
c *  3.15  0  0 0   0  0    0    0 0.0 0 0 2 6  0% 20695306 16637 99%
c )  3.73  0  0 0   0  0    0    0 0.0 1 0 2 6  1% 20695306 16631 99%
c {  3.76  0  0 0   0  0    0    0 0.0 1 0 2 6  1% 20695306 16631 99%
c i  3.76  0  0 0   0  0    0    0 0.0 1 0 2 6  1% 20695306 16631 99%
c i  3.76  0  0 0   0  5    1    0 0.0 1 0 2 6  1% 20695306 16630 99%
c i  3.76  0  0 0   0  7    2    0 0.0 1 0 2 6  1% 20695306 16629 99%
c -  4.18  0 272 1   3  4  303  278 1.5 3 2 2 6  5% 20694061 16629 99%
c i  4.20  0 348 1   3  4  407  373 1.5 3 2 2 6  6% 20694061 16625 99%
c i  4.21  0 598 1   4  4  757  691 1.5 3 2 2 6 11% 20694061 16622 99%
c i  4.21  0 598 1   4  4  758  691 1.5 3 2 2 6 11% 20694061 16618 99%
c i  4.21  0 606 1   8  9  789  720 1.5 3 2 2 6 11% 20694061 16615 99%
c i  4.21  0 626 1  30 25  874  804 1.5 3 2 2 6 11% 20694061 16613 99%
c }  4.21  0 699 1  32 26 1001  925 1.5 3 2 2 6 12% 20694061 16613 99%
c [  4.21  0  0 1  32  0 1001  925 0.0 0 0 2 6  0% 20694061 16613 99%
c ]  4.28  0  0 1  32  0 1001  925 0.0 0 0 2 6  0% 20694061 16613 99%
c {  4.28  0 699 1  32 26 1001  925 1.5 3 2 2 6 12% 20694061 16613 99%
c O  4.28  0 699 1  32 26 1002  926 1.5 3 2 2 6 12% 20694061 16613 99%
c i  4.28  0 682 1  32 25 1028  946 1.5 3 2 2 6 13% 20694061 16609 99%
c i  4.29  0 681 1  32 25 1034  948 1.5 3 2 2 6 13% 20694061 16607 99%
c }  4.30  0 665 1  32 24 1072  977 1.5 3 2 2 6 13% 20694061 16607 99%
c 
c  seconds  reduction conflicts       size tier2          variables
c         MB    restarts   redundant    glue  trail            remaining
c          level     rate       size/glu tier1   irredundant
c 
c [  4.30  0  0 1  32  0 1072  977 0.0 0 0 2 6  0% 20694061 16607 99%
c i  4.31  0 167 1  32  2 1075  979 1.6 3 2 2 6 33% 20694061 16605 99%
c ]  4.31  0 126 1  32  2 1081  984 1.4 4 3 2 6 28% 20694061 16605 99%
c {  4.31  0 665 1  32 24 1081  984 1.5 3 2 2 6 13% 20694061 16605 99%
c }  4.35  0 637 1  43 24 1149 1040 1.6 3 2 2 6 14% 20694061 16603 98%
c [  4.35  0 126 1  43  2 1149 1040 1.4 4 3 2 6 28% 20694061 16603 98%
c ]  4.38  0 126 1  43  2 1149 1040 1.4 4 3 2 6 28% 20694061 16603 98%
c {  4.38  0 637 1  43 24 1149 1040 1.6 3 2 2 6 14% 20694061 16603 98%
c }  4.42  0 621 1  51 23 1182 1064 1.6 3 2 2 6 14% 20694061 16603 98%
c [  4.42  0 126 1  51  2 1182 1064 1.4 4 3 2 6 28% 20694061 16603 98%
c ]  4.46  0 126 1  51  2 1182 1064 1.4 4 3 2 6 28% 20694061 16603 98%
c {  4.46  0 621 1  51 23 1182 1064 1.6 3 2 2 6 14% 20694061 16603 98%
c i  4.51  0 596 1  64 23 1234 1108 1.6 4 2 2 6 14% 20694061 16602 98%
c }  4.54  0 578 1  76 23 1281 1147 1.6 4 2 2 6 15% 20694061 16602 98%
c [  4.54  0 126 1  76  2 1281 1147 1.4 4 3 2 6 28% 20694061 16602 98%
c -  7.29  0 276 2  76  3 1745 1401 3.4 25 7 2 6 84% 20693892 16602 98%
c i  7.31  0 261 2  76  2 1936 1558 3.8 30 8 2 6 83% 20693892 16601 98%
c ]  7.31  0 261 2  76  2 1937 1559 3.8 30 8 2 6 83% 20693892 16601 98%
c {  7.31  0 578 2  76 23 1937 1559 1.6 4 2 2 6 15% 20693892 16601 98%
c i  7.41  0 560 2  84 23 1995 1608 1.6 4 2 2 6 15% 20693892 16599 98%
c 
c  seconds   reduction conflicts       size tier2          variables
c         MB     restarts   redundant    glue  trail            remaining
c           level     rate       size/glu tier1   irredundant
c 
c i  7.41  0 560 2  84 23 1996 1608 1.6 4 2 2 6 15% 20693892 16593 98%
c i  7.42  0 554 2  87 23 2010 1618 1.6 4 2 2 6 16% 20693892 16592 98%
c }  7.42  0 550 2  91 23 2019 1625 1.6 4 2 2 6 16% 20693892 16592 98%
c [  7.42  0 261 2  91  2 2019 1625 3.8 30 8 2 6 83% 20693892 16592 98%
c i  7.46  0 259 2  91  4 2331 1907 3.5 24 7 2 6 79% 20693892 16591 98%
c i  7.47  0 259 2  91  4 2436 1997 3.5 25 7 2 6 78% 20693892 16590 98%
c ]  7.50  0 305 2  92  4 2807 2335 3.4 24 7 2 6 77% 20693892 16590 98%
c {  7.50  0 550 2  92 23 2807 2335 1.6 4 2 2 6 16% 20693892 16590 98%
c i  7.56  0 502 2 111 21 2953 2453 1.6 4 2 2 6 16% 20693892 16589 98%
c i  7.56  0 501 2 111 21 2955 2454 1.6 4 2 2 6 16% 20693892 16588 98%
c i  7.57  0 499 2 111 21 2962 2460 1.6 4 2 2 6 16% 20693892 16587 98%
c i  7.57  0 495 2 111 21 2973 2468 1.6 4 2 2 6 16% 20693892 16585 98%
c i  7.57  0 492 2 112 21 2984 2477 1.6 4 2 2 6 16% 20693892 16584 98%
c O  7.58  0 485 2 114 21 3005 2494 1.6 4 2 2 6 17% 20693892 16584 98%
c i  7.58  0 484 2 114 21 3008 2495 1.6 4 2 2 6 17% 20693892 16583 98%
c i  7.59  0 480 2 116 21 3023 2497 1.6 4 2 2 6 17% 20693892 16582 98%
c i  7.60  0 466 2 127 20 3071 2536 1.6 4 2 2 6 17% 20693892 16581 98%
c }  7.63  0 458 2 133 20 3108 2567 1.6 4 2 2 6 18% 20693892 16581 98%
c [  7.63  0 305 2 133  4 3108 2567 3.4 24 7 2 6 77% 20693892 16581 98%
c i  7.63  0 302 2 133  4 3152 2608 3.4 24 7 2 6 76% 20693892 16579 98%
c 
c  seconds   reduction conflicts       size  tier2          variables
c         MB     restarts   redundant     glue  trail            remaining
c           level     rate       size/glue tier1   irredundant
c 
c i  7.63  0 302 2 133  4 3153 2608 3.4 24 7 2 6 76% 20693892 16576 98%
c i  7.63  0 301 2 133  4 3160 2614 3.4 24 7 2 6 76% 20693892 16574 98%
c i  7.63  0 299 2 133  4 3171 2623 3.4 24 7 2 6 75% 20693892 16570 98%
c i  7.63  0 298 2 133  4 3173 2624 3.4 24 7 2 6 75% 20693892 16569 98%
c i  7.65  0 282 2 133  4 3275 2705 3.3 23 7 2 6 71% 20693892 16568 98%
c i  7.65  0 281 2 133  4 3284 2713 3.3 22 7 2 6 71% 20693892 16567 98%
c i  7.68  0 262 2 133  4 3428 2837 3.3 21 6 2 6 67% 20693892 16566 98%
c i  7.69  0 260 2 133  4 3451 2855 3.3 21 6 2 6 67% 20693892 16565 98%
c i  7.69  0 259 2 133  4 3457 2858 3.3 21 6 2 6 67% 20693892 16564 98%
c i  7.69  0 256 2 133  4 3495 2892 3.3 21 6 2 6 66% 20693892 16563 98%
c i  7.70  0 245 2 133  4 3663 3039 3.2 20 6 2 6 65% 20693892 16560 98%
c i  7.71  0 240 2 133  4 3765 3129 3.2 19 6 2 6 64% 20693892 16558 98%
c ]  7.74  0 230 2 134  5 3895 3247 3.2 19 6 2 6 62% 20693892 16558 98%
c {  7.74  0 458 2 134 20 3895 3247 1.6 4 2 2 6 18% 20693892 16558 98%
c }  7.88  0 432 2 154 20 4008 3350 1.6 4 2 2 6 18% 20693892 16558 98%
c [  7.88  0 230 2 154  5 4008 3350 3.2 19 6 2 6 62% 20693892 16558 98%
c i  7.91  0 194 2 154  4 4660 3935 3.1 17 5 2 6 57% 20693892 16557 98%
c i  7.92  0 194 2 154  4 4692 3965 3.1 17 5 2 6 57% 20693892 16554 98%
c i  7.93  0 188 2 154  4 4984 4215 3.0 16 5 2 6 56% 20693892 16551 98%
c -  8.81  0 181 3 154  4 5206 3921 3.0 16 5 2 3 55% 20693564 16551 98%
c 
c  seconds   reduction conflicts       size  tier2          variables
c         MB     restarts   redundant     glue  trail            remaining
c           level     rate       size/glue tier1   irredundant
c 
c 2  8.91  0 182 3 154  4 5352 4045 3.0 16 5 2 3 54% 20158992 16551 98%
c d  9.26  0 182 3 154  4 5352 4027 3.0 16 5 2 3 54% 20158152 16184 96%
c d  9.55  0 182 3 154  4 5352 4026 3.0 16 5 2 3 54% 20157997 16143 96%
c p  9.61  0 182 3 154  4 5352 11572 3.0 16 5 2 3 54% 20157997 16143 96%
c c 208.31  0 182 3 154  4 5352 11572 3.0 16 5 2 3 54% 20192112 15985 95%
c d 208.68  0 182 3 154  4 5352 11478 3.0 16 5 2 3 54% 20187815 14439 86%
c d 208.99  0 182 3 154  4 5352 11474 3.0 16 5 2 3 54% 20187791 14430 86%
c 2 209.04  0 182 3 154  4 5352 10682 3.0 16 5 2 3 54% 20186153 14430 86%
c t 209.09  0 182 3 154  4 5352 10682 3.0 16 5 2 3 54% 20185180 14430 86%
c i 210.30  0 181 3 154  4 5355 10684 3.0 16 5 2 3 10% 20185180 14429 86%
c i 210.31  0 180 3 154  4 5386 10709 3.0 15 5 2 3 18% 20185180 14428 86%
c i 210.32  0 179 3 154  4 5415 10733 3.0 15 5 2 3 18% 20185180 14426 86%
c i 210.32  0 179 3 154  4 5419 10736 3.0 15 5 2 3 18% 20185180 14425 86%
c i 210.32  0 179 3 154  4 5441 10755 3.0 15 5 2 3 19% 20185180 14424 86%
c i 210.33  0 177 3 154  4 5670 10963 2.9 15 5 2 3 32% 20185180 14422 86%
c i 210.34  0 177 3 154  4 5771 11054 2.9 15 5 2 3 35% 20185180 14418 86%
c i 210.34  0 177 3 154  4 5810 11092 2.9 15 5 2 3 36% 20185180 14417 86%
c i 210.35  0 179 3 154  4 5984 11241 2.8 15 5 2 3 40% 20185180 14416 86%
c I 210.35  0 180 3 154  4 6009 11266 2.8 15 5 2 3 41% 20185180 14413 86%
c i 210.36  0 179 3 154  4 6024 11277 2.8 14 5 2 3 40% 20185180 14411 85%
c 
c  seconds    reduction conflicts        size  tier2          variables
c          MB     restarts    redundant     glue  trail            remaining
c            level     rate        size/glue tier1   irredundant
c 
c ] 210.37  0 178 3 154  4 6038 11291 2.8 14 5 2 3 40% 20185180 14411 85%
c { 210.37  0 432 3 154 20 6038 11291 1.6 4 2 2 6 21% 20185180 14411 85%
c i 210.45  0 396 3 185 19 6214 11445 1.7 4 2 2 6 22% 20185180 14406 85%
c i 210.46  0 395 3 185 19 6218 11447 1.7 4 2 2 6 22% 20185180 14396 85%
c i 210.46  0 395 3 185 19 6219 11447 1.7 4 2 2 6 22% 20185180 14395 85%
c i 210.46  0 394 3 185 19 6222 11449 1.7 4 2 2 6 22% 20185180 14394 85%
c i 210.47  0 394 3 185 19 6225 11450 1.7 4 2 2 6 22% 20185180 14393 85%
c i 210.49  0 384 3 191 18 6279 11493 1.7 4 2 2 6 22% 20185180 14392 85%
c i 210.51  0 378 3 198 18 6314 11522 1.7 4 2 2 6 22% 20185180 14390 85%
c i 210.55  0 370 3 212 18 6364 11563 1.7 4 2 2 6 22% 20185180 14387 85%
c i 210.55  0 370 3 212 18 6365 11563 1.7 4 2 2 6 22% 20185180 14386 85%
c i 210.56  0 363 3 224 18 6414 11601 1.7 4 2 2 6 22% 20185180 14385 85%
c i 210.58  0 359 3 230 18 6438 11623 1.7 4 2 2 6 22% 20185180 14383 85%
c } 210.60  0 355 3 236 18 6473 11653 1.7 4 2 2 6 22% 20185180 14383 85%
c [ 210.60  0 178 3 236  4 6473 11653 2.8 14 5 2 3 40% 20185180 14383 85%
c i 210.75  0 176 3 236  4 6528 11694 2.8 14 5 2 3 39% 20185180 14382 85%
c ] 210.79  0 176 3 236  4 6546 11709 2.8 14 5 2 3 39% 20185180 14382 85%
c { 210.79  0 355 3 236 18 6546 11709 1.7 4 2 2 6 22% 20185180 14382 85%
c i 210.95  0 342 3 247 18 6653 11799 1.7 4 2 2 6 22% 20185180 14377 85%
c i 210.98  0 337 3 251 17 6701 11839 1.7 4 2 2 6 22% 20185180 14376 85%
c 
c  seconds    reduction conflicts        size tier2          variables
c          MB     restarts    redundant    glue  trail            remaining
c            level     rate        size/glu tier1   irredundant
c 
c i 210.99  0 331 3 254 17 6748 11877 1.7 4 2 2 6 22% 20185180 14375 85%
c i 210.99  0 331 3 254 17 6750 11877 1.7 4 2 2 6 22% 20185180 14374 85%
c } 211.01  0 322 3 267 17 6821 11935 1.7 4 2 2 6 22% 20185180 14374 85%
c [ 211.01  0 176 3 267  4 6821 11935 2.8 14 5 2 3 39% 20185180 14374 85%
c i 211.02  0 175 3 268  4 6889 11997 2.8 14 5 2 3 39% 20185180 14369 85%
c i 211.03  0 174 3 268  4 6910 12015 2.8 14 5 2 3 39% 20185180 14365 85%
c i 211.03  0 174 3 268  4 6911 12015 2.8 14 5 2 3 39% 20185180 14364 85%
c i 211.03  0 174 3 268  4 6917 12020 2.8 14 5 2 3 39% 20185180 14363 85%
c i 211.11  0 166 3 269  4 8034 13010 2.7 15 5 2 3 63% 20185180 14361 85%
c i 211.12  0 166 3 269  4 8152 13117 2.7 14 5 2 3 63% 20185180 14359 85%
c i 211.26  0 158 3 269  4 8649 13563 2.6 14 5 2 3 59% 20185180 14356 85%
c ] 211.31  0 157 3 269  4 8759 13664 2.6 14 5 2 3 58% 20185180 14356 85%
c { 211.31  0 322 3 269 17 8759 13664 1.7 4 2 2 6 22% 20185180 14356 85%
c i 211.34  0 308 3 295 16 8890 13770 1.7 4 2 2 6 22% 20185180 14355 85%
c i 211.37  0 303 3 305 16 8943 13815 1.7 4 3 2 6 22% 20185180 14352 85%
c i 211.52  0 294 3 330 16 9040 13898 1.7 4 3 2 6 22% 20185180 14349 85%
c i 211.52  0 294 3 331 16 9042 13899 1.7 4 3 2 6 22% 20185180 14348 85%
c i 211.53  0 293 3 332 16 9048 13904 1.7 4 3 2 6 22% 20185180 14346 85%
c i 211.54  0 293 3 332 16 9054 13907 1.7 4 3 2 6 22% 20185180 14345 85%
c i 211.55  0 292 3 332 16 9066 13916 1.7 4 3 2 6 22% 20185180 14344 85%
c 
c  seconds    reduction conflicts        size tier2          variables
c          MB     restarts    redundant    glue  trail            remaining
c            level     rate        size/glu tier1   irredundant
c 
c i 211.58  0 290 3 332 16 9087 13933 1.7 4 3 2 6 22% 20185180 14343 85%
c i 211.59  0 290 3 332 16 9088 13933 1.7 4 3 2 6 22% 20185180 14341 85%
c i 211.60  0 288 3 335 16 9118 13961 1.7 4 3 2 3 22% 20185180 14338 85%
c i 211.60  0 287 3 335 16 9119 13961 1.7 4 3 2 3 22% 20185180 14336 85%
c } 211.61  0 285 3 340 16 9144 13984 1.7 4 3 2 3 22% 20185180 14336 85%
c [ 211.61  0 157 3 340  4 9144 13984 2.6 14 5 2 3 58% 20185180 14336 85%
c B 211.67  0 152 3 341  4 10010 14764 2.6 15 6 2 3 61% 20185180 14336 85%
c ] 211.86  0 148 3 341  4 10279 15008 2.6 15 6 2 3 58% 20185180 14336 85%
c { 211.86  0 285 3 341 16 10279 15008 1.7 4 3 2 3 22% 20185180 14336 85%
c i 211.93  0 271 3 354 15 10459 15155 1.7 4 3 2 3 22% 20185180 14335 85%
c i 211.97  0 269 3 363 15 10501 15188 1.7 4 3 2 3 22% 20185180 14334 85%
c i 212.13  0 263 3 388 16 10600 15271 1.7 4 3 2 3 22% 20185180 14329 85%
c } 212.19  0 258 3 405 16 10675 15336 1.7 4 3 2 3 22% 20185180 14329 85%
c [ 212.19  0 148 3 405  4 10675 15336 2.6 15 6 2 3 58% 20185180 14329 85%
c i 212.30  0 143 3 405  4 11035 15647 2.6 15 6 2 3 57% 20185180 14328 85%
c - 213.40  0 141 4 405  4 11185 6418 2.6 14 6 2 3 56% 20184509 14328 85%
c 2 213.43  0 141 4 405  4 11185 6394 2.6 14 6 2 3 56% 20184500 14328 85%
c d 213.78  0 141 4 405  4 11185 6392 2.6 14 6 2 3 56% 20184372 14268 85%
c c 218.63  0 141 4 405  4 11185 6389 2.6 14 6 2 3 56% 20188230 14268 85%
c d 218.97  0 141 4 405  4 11185 6380 2.6 14 6 2 3 56% 20187816 14086 84%
c 
c  seconds    reductions conflicts       size  tier2          variables
c          MB     restarts    redundant     glue  trail            remaining
c            level     rate        size/glue tier1   irredundant
c 
c k 219.01  0 141 4 405  4 11185 6380 2.6 14 6 2 3 56% 20187816 14013 83%
c 2 219.04  0 141 4 405  4 11185 6369 2.6 14 6 2 3 56% 20187582 14013 83%
c t 219.12  0 141 4 405  4 11185 6369 2.6 14 6 2 3 56% 20186238 14013 83%
c k 219.13  0 141 4 405  4 11185 6369 2.6 14 6 2 3 56% 20186238 14011 83%
c i 219.17  0 139 4 405  4 11353 6516 2.6 14 6 2 3 56% 20186238 14010 83%
c i 219.20  0 139 4 405  4 11889 7006 2.5 14 6 2 3 58% 20186238 14007 83%
c i 219.22  0 139 4 405  4 11951 7061 2.5 14 6 2 3 58% 20186238 14005 83%
c ] 219.33  0 136 4 406  4 12324 7388 2.5 14 6 2 3 58% 20186238 14005 83%
c { 219.33  0 258 4 406 16 12324 7388 1.7 4 3 2 3 22% 20186238 14005 83%
c i 219.42  0 255 4 419 16 12372 7430 1.7 4 3 2 3 22% 20186238 14002 83%
c i 219.42  0 254 4 421 16 12384 7436 1.7 4 3 2 3 22% 20186238 14000 83%
c i 219.45  0 250 4 430 16 12447 7491 1.7 4 3 2 3 22% 20186238 13999 83%
c i 219.47  0 248 4 439 16 12479 7518 1.7 4 3 2 3 22% 20186238 13998 83%
c i 219.76  0 239 4 478 16 12656 7663 1.7 5 3 2 3 22% 20186238 13996 83%
c i 219.76  0 238 4 480 16 12662 7668 1.7 5 3 2 3 22% 20186238 13995 83%
c } 219.77  0 236 4 481 16 12694 7697 1.7 5 3 2 3 22% 20186238 13994 83%
c [ 219.77  0 136 4 481  4 12694 7697 2.5 14 6 2 3 58% 20186238 13994 83%
c W 221.00  0 125 4 481  4 15011 9742 2.5 14 6 1 2 55% 20185619 13994 83%
c i 221.00  0 124 4 481  4 15020 9749 2.5 14 6 1 2 55% 20185619 13993 83%
c i 221.09  0 132 4 482  4 16869 11449 2.9 21 7 1 2 56% 20185619 13989 83%
c 
c  seconds    reductions conflicts        size  tier2          variables
c          MB     restarts     redundant     glue  trail            remaining
c            level     rate         size/glue tier1   irredundant
c 
c i 221.14  0 131 4 482  4 17071 11617 2.9 20 7 1 2 56% 20185619 13988 83%
c i 221.18  0 130 4 482  4 17220 11751 2.9 20 7 1 2 55% 20185619 13987 83%
c ] 221.19  0 130 4 482  4 17258 11787 2.9 20 7 1 2 55% 20185619 13987 83%
c { 221.19  0 236 4 482 16 17258 11787 1.7 5 3 2 3 22% 20185619 13987 83%
c i 221.27  0 234 4 492 16 17308 11829 1.7 5 3 2 3 22% 20185619 13986 83%
c i 221.43  0 230 4 506 15 17389 11897 1.7 5 3 2 3 22% 20185619 13982 83%
c i 221.45  0 224 4 530 15 17496 11990 1.7 5 3 2 3 22% 20185619 13980 83%
c i 221.46  0 224 4 530 15 17499 11990 1.7 5 3 2 3 22% 20185619 13977 83%
c i 221.58  0 213 4 586 15 17722 12177 1.7 5 3 2 3 22% 20185619 13975 83%
c i 221.63  0 205 4 618 15 17918 12352 1.7 5 3 2 3 22% 20185619 13970 83%
c } 221.70  0 200 4 654 15 18057 12478 1.7 5 3 2 3 22% 20185619 13970 83%
c [ 221.70  0 130 4 654  4 18057 12478 2.9 20 7 1 2 55% 20185619 13970 83%
c i 221.78  0 131 4 655  4 18780 13145 2.8 21 7 1 2 54% 20185619 13969 83%
c i 221.78  0 131 4 655  4 18847 13206 2.8 21 7 1 2 54% 20185619 13967 83%
c i 221.79  0 131 4 655  4 18902 13254 2.8 20 7 1 2 54% 20185619 13965 83%
c i 221.82  0 130 4 655  4 19292 13614 2.8 21 7 1 2 54% 20185619 13964 83%
c - 222.80  0 128 5 656  4 19920 9699 2.8 21 7 1 2 53% 20185418 13964 83%
c 2 222.85  0 128 5 656  4 19920 9678 2.8 21 7 1 2 53% 20185398 13964 83%
c d 223.17  0 128 5 656  4 19920 9671 2.8 21 7 1 2 53% 20185251 13895 82%
c c 228.54  0 128 5 656  4 19920 9670 2.8 21 7 1 2 53% 20185984 13895 82%
c 
c  seconds    reductions conflicts       size  tier2          variables
c          MB     restarts    redundant     glue  trail            remaining
c            level     rate        size/glue tier1   irredundant
c 
c d 228.86  0 128 5 656  4 19920 9664 2.8 21 7 1 2 53% 20185953 13880 82%
c k 228.91  0 128 5 656  4 19920 9664 2.8 21 7 1 2 53% 20185953 13852 82%
c 2 228.94  0 128 5 656  4 19920 9661 2.8 21 7 1 2 53% 20185938 13852 82%
c t 229.01  0 128 5 656  4 19920 9661 2.8 21 7 1 2 53% 20185727 13851 82%
c i 229.04  0 127 5 656  4 19936 9673 2.8 21 7 1 2 53% 20185727 13850 82%
c s 229.46  0 126 5 656  4 20563 10250 2.8 21 7 1 2 54% 20010423 13850 82%
c t 229.71  0 126 5 656  4 20563 10250 2.8 21 7 1 2 54% 20000206 13850 82%
c e 230.24  0 126 5 656  4 20563 8339 2.8 21 7 1 2 54% 19997104 12669 75%
c s 230.52  0 126 5 656  4 20563 8339 2.8 21 7 1 2 54% 19927431 12669 75%
c i 232.25  0 126 5 656  4 20711 8435 2.8 21 7 1 2 19% 19927431 12668 75%
c O 232.37  0 125 5 656  4 21012 8701 2.8 21 7 1 2 22% 19927430 12668 75%
c i 232.37  0 125 5 656  4 21014 8702 2.8 21 7 1 2 22% 19927430 12666 75%
c ] 232.37  0 125 5 656  4 21020 8708 2.8 21 7 1 2 22% 19927430 12666 75%
c { 232.37  0 200 5 656 15 21020 8708 1.7 5 3 2 3 25% 19927430 12666 75%
c i 232.53  0 190 5 714 14 21315 8967 1.7 5 3 2 3 25% 19927427 12664 75%
c i 232.53  0 190 5 717 14 21324 8973 1.7 5 3 2 3 25% 19927427 12663 75%
c i 232.64  0 182 5 749 14 21549 9161 1.7 5 3 1 2 24% 19927425 12662 75%
c i 232.72  0 179 5 774 14 21677 9267 1.7 5 3 1 2 24% 19927423 12660 75%
c i 232.87  0 174 5 818 14 21861 9422 1.7 5 3 1 2 24% 19927421 12659 75%
c i 232.87  0 173 5 821 14 21878 9434 1.7 5 3 1 2 24% 19927421 12658 75%
c 
c  seconds    reductions conflicts       size tier2          variables
c          MB     restarts    redundant    glue  trail            remaining
c            level     rate        size/glu tier1   irredundant
c 
c } 232.88  0 173 5 822 14 21882 9437 1.7 5 3 1 2 24% 19927421 12658 75%
c [ 232.88  0 125 5 822  4 21882 9437 2.8 21 7 1 2 22% 19927421 12658 75%
c i 233.01  0 123 5 823  4 23718 11131 2.8 21 7 1 2 52% 19927419 12655 75%
c ] 233.30  0 116 5 825  4 25629 12886 2.7 20 8 1 2 51% 19927418 12655 75%
c { 233.30  0 173 5 825 14 25629 12886 1.7 5 3 1 2 24% 19927418 12655 75%
c i 233.49  0 163 5 917 14 26081 13263 1.7 5 3 1 2 23% 19927417 12651 75%
c i 233.55  0 157 5 932 13 26365 13506 1.8 5 3 1 2 24% 19927413 12650 75%
c i 233.57  0 156 5 938 13 26417 13552 1.8 5 3 1 2 24% 19927413 12649 75%
c i 233.57  0 155 5 947 13 26477 13601 1.8 5 3 1 2 24% 19927412 12644 75%
c i 233.62  0 153 5 947 13 26569 13681 1.8 5 3 1 2 24% 19927410 12643 75%
c i 233.82  0 151 5 981 13 26712 13806 1.7 5 3 1 2 24% 19927408 12642 75%
c } 233.90  0 148 5 999 13 26848 13922 1.7 5 3 1 2 24% 19927408 12642 75%
c [ 233.90  0 116 5 999  4 26848 13922 2.7 20 8 1 2 51% 19927408 12642 75%
c i 233.93  0 116 5 999  4 26891 13957 2.7 20 8 1 2 51% 19927408 12641 75%
c i 233.96  0 115 5 999  4 26991 14046 2.7 20 7 1 2 50% 19927408 12640 75%
c i 234.01  0 115 5 999  4 27208 14243 2.7 20 7 1 2 49% 19927408 12638 75%
c B 234.10  0 114 5 999  4 28013 14974 2.8 21 7 1 2 48% 19927408 12638 75%
c i 234.23  0 115 5 1000  4 28915 15777 2.7 21 8 1 2 48% 19927406 12637 75%
c ] 234.40  0 114 5 1000  3 29369 16190 2.6 22 8 1 2 48% 19927406 12637 75%
c { 234.40  0 148 5 1000 13 29369 16190 1.7 5 3 1 2 24% 19927406 12637 75%
c 
c  seconds    reductions  conflicts        size tier2          variables
c          MB     restarts      redundant    glue  trail            remaining
c            level      rate         size/glu tier1   irredundant
c 
c i 234.45  0 147 5 1024 13 29456 16268 1.7 5 3 1 2 24% 19927406 12636 75%
c i 234.58  0 143 5 1071 13 29666 16447 1.7 5 3 1 2 24% 19927406 12635 75%
c i 234.61  0 142 5 1071 13 29749 16511 1.7 5 3 1 2 24% 19927406 12634 75%
c i 234.75  0 139 5 1089 12 29998 16712 1.8 5 3 1 2 24% 19927405 12632 75%
c i 234.81  0 138 5 1099 12 30071 16780 1.8 5 3 1 2 24% 19927405 12631 75%
c } 235.03  0 135 5 1131 12 30261 16932 1.8 5 3 1 2 24% 19927405 12631 75%
c [ 235.03  0 114 5 1131  3 30261 16932 2.6 22 8 1 2 48% 19927405 12631 75%
c i 235.16  0 113 5 1131  3 31045 17631 2.6 21 8 1 2 48% 19927404 12630 75%
c - 236.17  0 112 6 1131  3 31584 10395 2.6 22 8 1 2 49% 19927071 12630 75%
c 2 236.21  0 112 6 1131  3 31584 10368 2.6 22 8 1 2 49% 19925872 12613 75%
c d 236.53  0 112 6 1131  3 31584 10344 2.6 22 8 1 2 49% 19925675 12592 75%
c d 236.83  0 112 6 1131  3 31584 10342 2.6 22 8 1 2 49% 19925657 12585 75%
c c 241.59  0 112 6 1131  3 31584 10336 2.6 22 8 1 2 49% 19926028 12585 75%
c d 241.91  0 112 6 1131  3 31584 10329 2.6 22 8 1 2 49% 19925989 12567 75%
c k 241.95  0 112 6 1131  3 31584 10329 2.6 22 8 1 2 49% 19925989 12555 74%
c 2 241.98  0 112 6 1131  3 31584 10326 2.6 22 8 1 2 49% 19925970 12555 74%
c = 243.12  0 112 6 1131  3 31584 10252 2.6 22 8 1 2 49% 19924657 12279 73%
c t 243.24  0 112 6 1131  3 31584 10252 2.6 22 8 1 2 49% 19924113 12279 73%
c ] 243.69  0 113 6 1132  3 33552 11992 2.6 22 8 1 2 47% 19924113 12279 73%
c { 243.69  0 135 6 1132 12 33552 11992 1.8 5 3 1 2 24% 19924113 12279 73%
c 
c  seconds    reductions  conflicts        size tier2          variables
c          MB     restarts      redundant    glue  trail            remaining
c            level      rate         size/glu tier1   irredundant
c 
c i 243.87  0 133 6 1172 12 33720 12135 1.8 5 3 1 2 24% 19924113 12277 73%
c i 244.14  0 129 6 1223 12 34030 12399 1.8 5 3 1 2 24% 19924112 12274 73%
c i 244.31  0 126 6 1284 12 34308 12640 1.8 5 3 1 2 24% 19924112 12272 73%
c i 244.39  0 124 6 1314 12 34434 12751 1.8 5 3 1 2 24% 19924112 12270 73%
c i 244.41  0 124 6 1321 12 34465 12776 1.8 5 3 1 2 24% 19924112 12268 73%
c i 244.41  0 124 6 1321 12 34466 12776 1.8 5 3 1 2 24% 19924112 12266 73%
c } 244.57  0 121 6 1378 12 34722 13006 1.8 5 3 1 2 24% 19924111 12266 73%
c [ 244.57  0 113 6 1378  3 34722 13006 2.6 22 8 1 2 47% 19924111 12266 73%
c i 244.59  0 112 6 1378  3 34849 13125 2.6 21 8 1 2 47% 19924111 12265 73%
c W 245.76  0 113 6 1378  3 36016 14144 2.6 21 8 1 2 48% 19924001 12264 73%
c i 245.79  0 114 6 1378  3 36407 14512 2.6 22 8 1 2 48% 19924001 12263 73%
c ] 246.35  0 119 6 1378  3 39550 17388 2.7 25 9 1 2 50% 19924001 12263 73%
c { 246.35  0 121 6 1378 12 39550 17388 1.8 5 3 1 2 24% 19924001 12263 73%
c i 246.85  0 117 6 1452 12 40128 17882 1.8 5 3 1 2 24% 19924000 12262 73%
c i 247.08  0 116 6 1476 12 40225 17968 1.8 6 3 1 2 24% 19924000 12261 73%
c i 247.11  0 115 6 1493 12 40320 18049 1.8 6 3 1 2 24% 19924000 12260 73%
c i 247.11  0 115 6 1494 12 40323 18050 1.8 6 3 1 2 24% 19924000 12258 73%
c i 247.14  0 115 6 1500 12 40380 18096 1.8 6 3 1 2 24% 19924000 12256 73%
c } 247.20  0 112 6 1509 11 40584 18270 1.8 6 3 1 2 24% 19924000 12256 73%
c [ 247.20  0 119 6 1509  3 40584 18270 2.7 25 9 1 2 50% 19924000 12256 73%
c 
c  seconds    reductions  conflicts        size  tier2          variables
c          MB     restarts      redundant     glue  trail            remaining
c            level      rate         size/glue tier1   irredundant
c 
c ] 247.87  0 111 6 1509  3 43793 21225 2.9 25 9 1 2 48% 19923998 12256 73%
c { 247.87  0 112 6 1509 11 43793 21225 1.8 6 3 1 2 24% 19923998 12256 73%
c i 248.24  0 107 6 1674 11 44475 21803 1.8 6 3 1 2 24% 19923995 12255 73%
c i 248.24  0 107 6 1676 11 44486 21812 1.8 6 3 1 2 24% 19923995 12254 73%
c i 248.24  0 107 6 1679 11 44506 21830 1.8 6 3 1 2 24% 19923995 12251 73%
c i 248.36  0 105 6 1734 11 44800 22082 1.8 6 3 1 2 24% 19923995 12250 73%
c i 248.36  0 105 6 1734 11 44801 22082 1.8 6 3 1 2 24% 19923995 12249 73%
c i 248.42  0 104 6 1757 11 44984 22240 1.8 6 3 1 2 24% 19923995 12248 73%
c i 248.45  0 104 6 1764 11 45010 22262 1.8 6 3 1 2 24% 19923995 12245 73%
c # 248.46  0 104 6 1766 11 45018 22268 1.8 6 3 1 2 24% 19923995 12245 73%
c i 248.55  0 103 6 1813 11 45262 22481 1.8 6 3 1 2 24% 19923995 12244 73%
c } 248.78  0 101 6 1863 11 45563 22748 1.8 6 3 1 2 24% 19923995 12244 73%
c [ 248.78  0 111 6 1863  3 45563 22748 2.9 25 9 1 2 48% 19923995 12244 73%
c - 250.11  0 110 7 1864  3 46241 14147 2.8 25 9 1 2 48% 19923834 12244 73%
c 2 250.18  0 110 7 1864  3 46241 14132 2.8 25 9 1 2 48% 19923797 12241 73%
c d 250.53  0 110 7 1864  3 46241 14112 2.8 25 9 1 2 48% 19923721 12221 73%
c c 255.63  0 110 7 1864  3 46241 14109 2.8 25 9 1 2 48% 19924041 12220 72%
c d 255.94  0 110 7 1864  3 46241 14109 2.8 25 9 1 2 48% 19924037 12218 72%
c k 255.98  0 110 7 1864  3 46241 14109 2.8 25 9 1 2 48% 19924037 12216 72%
c 2 256.02  0 110 7 1864  3 46241 14109 2.8 25 9 1 2 48% 19924033 12216 72%
c 
c  seconds    reductions  conflicts        size  tier2          variables
c          MB     restarts      redundant     glue  trail            remaining
c            level      rate         size/glue tier1   irredundant
c 
c t 256.11  0 110 7 1864  3 46241 14109 2.8 25 9 1 2 48% 19923185 12216 72%
c ] 256.85  0 108 7 1866  3 48112 15842 2.8 25 9 1 2 46% 19923183 12216 72%
c { 256.85  0 101 7 1866 11 48112 15842 1.8 6 3 1 2 24% 19923183 12216 72%
c i 257.28  0 99 7 1923 11 48422 16102 1.8 6 3 1 2 24% 19923181 12215 72%
c i 257.58  0 97 7 1996 11 48809 16440 1.8 6 3 1 2 24% 19923177 12211 72%
c } 257.87  0 95 7 2063 11 49223 16807 1.8 6 3 1 2 23% 19923175 12211 72%
c [ 257.87  0 108 7 2063  3 49223 16807 2.8 25 9 1 2 46% 19923175 12211 72%
c i 257.93  0 107 7 2063  3 49682 17227 2.8 25 9 1 2 46% 19923175 12209 72%
c ] 258.68  0 104 7 2064  3 52301 19640 2.9 25 9 1 2 46% 19923173 12209 72%
c { 258.68  0 95 7 2064 11 52301 19640 1.8 6 3 1 2 23% 19923173 12209 72%
c } 259.80  0 89 7 2329 11 53710 20910 1.8 6 3 1 2 23% 19923173 12209 72%
c [ 259.80  0 104 7 2329  3 53710 20910 2.9 25 9 1 2 46% 19923173 12209 72%
c I 260.08  0 102 7 2331  3 55019 22078 2.9 25 9 1 2 46% 19923173 12209 72%
c i 260.13  0 101 7 2331  3 55382 22406 2.9 25 9 1 2 46% 19923173 12208 72%
c i 260.33  0 99 7 2331  3 56222 23165 2.9 25 9 1 2 47% 19923173 12207 72%
c ] 260.71  0 96 7 2332  3 58217 24916 2.9 24 9 1 2 48% 19923173 12207 72%
c { 260.71  0 89 7 2332 11 58217 24916 1.8 6 3 1 2 23% 19923173 12207 72%
c i 261.46  0 88 7 2463 11 58750 25394 1.8 6 3 1 2 23% 19923172 12206 72%
c } 261.72  0 87 7 2529 11 59078 25690 1.8 6 3 1 2 23% 19923172 12206 72%
c [ 261.72  0 96 7 2529  3 59078 25690 2.9 24 9 1 2 48% 19923172 12206 72%
c 
c  seconds   reductions  conflicts        size  tier2          variables
c          MB    restarts      redundant     glue  trail            remaining
c           level      rate         size/glue tier1   irredundant
c 
c s 262.96  0 89 7 2530  3 63041 29291 3.0 26 9 1 2 49% 19695408 12206 72%
c t 263.26  0 89 7 2530  3 63041 29291 3.0 26 9 1 2 49% 19683023 12206 72%
c e 263.77  0 89 7 2530  3 63041 25199 3.0 26 9 1 2 49% 19681702 11871 70%
c s 264.09  0 89 7 2530  3 63041 25199 3.0 26 9 1 2 49% 19496380 11871 70%
c ] 264.82  0 89 7 2530  3 63198 25328 3.0 26 9 1 2 49% 19496380 11871 70%
c { 264.83  0 87 7 2530 11 63198 25328 1.8 6 3 1 2 23% 19496380 11871 70%
c i 264.94  0 87 7 2544 11 63248 25371 1.8 6 3 1 2 24% 19496380 11870 70%
c i 264.98  0 86 7 2563 11 63318 25437 1.8 6 3 1 2 24% 19496379 11867 70%
c i 264.98  0 86 7 2563 11 63339 25452 1.8 6 3 1 2 24% 19496379 11866 70%
c i 265.02  0 86 7 2563 11 63463 25559 1.8 6 3 1 2 23% 19496379 11863 70%
c i 265.02  0 86 7 2563 11 63476 25568 1.8 6 3 1 2 23% 19496379 11862 70%
c i 265.02  0 86 7 2563 11 63523 25601 1.8 6 3 1 2 23% 19496379 11861 70%
c i 265.04  0 85 7 2563 11 63604 25668 1.8 6 3 1 2 23% 19496379 11859 70%
c i 265.05  0 85 7 2563 11 63633 25689 1.8 6 3 1 2 23% 19496379 11856 70%
c i 265.05  0 85 7 2565 11 63671 25724 1.8 6 3 1 2 23% 19496379 11855 70%
c - 266.44  0 85 8 2617 11 63975 16360 1.8 6 3 1 2 23% 19496253 11855 70%
c 2 266.47  0 85 8 2617 11 63975 16332 1.8 6 3 1 2 23% 19485837 11854 70%
c d 266.83  0 85 8 2617 11 63975 16317 1.8 6 3 1 2 23% 19485781 11840 70%
c k 271.28  0 85 8 2617 11 63975 16316 1.8 6 3 1 2 23% 19486104 11839 70%
c = 271.79  0 85 8 2617 11 63975 16313 1.8 6 3 1 2 23% 19486066 11835 70%
c 
c  seconds   reductions  conflicts        size tier2          variables
c          MB    restarts      redundant    glue  trail            remaining
c           level      rate         size/glu tier1   irredundant
c 
c t 271.87  0 85 8 2617 11 63975 16313 1.8 6 3 1 2 23% 19486005 11835 70%
c i 272.48  0 84 8 2689 11 64320 16606 1.8 6 3 1 2 23% 19486005 11834 70%
c } 272.56  0 84 8 2702 11 64361 16645 1.8 6 3 1 2 23% 19486005 11834 70%
c [ 272.56  0 89 8 2702  3 64361 16645 3.0 26 9 1 2 49% 19486005 11834 70%
c B 272.96  0 88 8 2704  3 66022 18126 3.0 26 9 1 2 49% 19486005 11834 70%
c ] 273.55  0 85 8 2705  3 67853 19695 3.0 26 9 1 2 50% 19486004 11834 70%
c { 273.55  0 84 8 2705 11 67853 19695 1.8 6 3 1 2 23% 19486004 11834 70%
c i 274.43  0 83 8 2844 11 68491 20268 1.8 6 4 1 2 24% 19486002 11832 70%
c } 274.86  0 81 8 2926 11 69087 20792 1.8 6 4 1 2 24% 19486000 11832 70%
c [ 274.86  0 85 8 2926  3 69087 20792 3.0 26 9 1 2 50% 19486000 11832 70%
c i 274.91  0 85 8 2926  3 69366 21043 3.0 26 9 1 2 50% 19485999 11830 70%
c ] 276.01  0 82 8 2929  3 73449 24728 2.9 26 9 1 2 51% 19485999 11830 70%
c { 276.01  0 81 8 2929 11 73449 24728 1.8 6 4 1 2 24% 19485999 11830 70%
c i 276.17  0 81 8 2964 11 73625 24883 1.8 6 4 1 2 24% 19485999 11829 70%
c i 276.23  0 80 8 2988 11 73911 25133 1.8 6 4 1 2 24% 19485999 11828 70%
c i 276.23  0 80 8 2988 11 73913 25134 1.8 6 4 1 2 24% 19485999 11827 70%
c i 276.23  0 80 8 2990 11 73922 25140 1.8 6 4 1 2 24% 19485999 11826 70%
c i 276.23  0 80 8 2993 11 73935 25150 1.8 6 4 1 2 24% 19485999 11825 70%
c i 276.24  0 80 8 2993 11 73963 25171 1.8 6 4 1 2 24% 19485998 11824 70%
c i 277.23  0 77 8 3153 10 75280 26340 1.8 6 4 1 2 24% 19485996 11823 70%
c 
c  seconds   reductions  conflicts        size tier2          variables
c          MB    restarts      redundant    glue  trail            remaining
c           level      rate         size/glu tier1   irredundant
c 
c i 277.35  0 77 8 3184 10 75474 26505 1.8 6 4 1 2 24% 19485996 11822 70%
c i 277.44  0 76 8 3200 10 75763 26749 1.8 7 4 1 2 24% 19485995 11821 70%
c } 277.50  0 76 8 3226 10 75883 26862 1.8 7 4 1 2 24% 19485995 11821 70%
c [ 277.50  0 82 8 3226  3 75883 26862 2.9 26 9 1 2 51% 19485995 11821 70%
c i 277.71  0 82 8 3226  3 76294 27229 2.9 26 9 1 2 51% 19485995 11820 70%
c W 279.60  0 81 8 3226  3 78023 28810 2.9 26 9 1 2 50% 19485867 11820 70%
c ] 280.59  0 81 8 3227  3 83040 33448 3.0 29 9 1 2 50% 19485864 11820 70%
c { 280.59  0 76 8 3227 10 83040 33448 1.8 7 4 1 2 24% 19485864 11820 70%
c i 281.29  0 75 8 3332 10 83463 33821 1.8 7 4 1 2 24% 19485864 11819 70%
c i 281.45  0 74 8 3414 10 83949 34246 1.8 7 4 1 2 24% 19485864 11818 70%
c i 281.47  0 74 8 3415 10 84025 34314 1.8 7 4 1 2 24% 19485864 11817 70%
c i 281.91  0 73 8 3470 10 84303 34562 1.8 7 4 1 2 24% 19485863 11814 70%
c - 283.28  0 72 9 3564 10 84777 21141 1.8 7 4 1 2 24% 19485816 11814 70%
c 2 283.32  0 72 9 3564 10 84777 21136 1.8 7 4 1 2 24% 19485815 11814 70%
c d 283.65  0 72 9 3564 10 84777 21119 1.8 7 4 1 2 24% 19485746 11794 70%
c k 283.72  0 72 9 3564 10 84777 21119 1.8 7 4 1 2 24% 19485746 11791 70%
c 2 283.76  0 72 9 3564 10 84777 21118 1.8 7 4 1 2 24% 19485743 11791 70%
c = 285.05  0 72 9 3564 10 84777 21102 1.8 7 4 1 2 24% 19485628 11771 70%
c t 285.18  0 72 9 3564 10 84777 21101 1.8 7 4 1 2 24% 19483678 11771 70%
c } 285.29  0 72 9 3581 10 84870 21184 1.8 7 4 1 2 24% 19483678 11771 70%
c 
c  seconds   reductions  conflicts        size  tier2          variables
c          MB    restarts      redundant     glue  trail            remaining
c           level      rate         size/glue tier1   irredundant
c 
c [ 285.29  0 81 9 3581  3 84870 21184 3.0 29 9 1 2 50% 19483678 11771 70%
c i 285.69  0 81 9 3581  3 85382 21656 3.0 29 9 1 2 50% 19483678 11770 70%
c ] 286.71  0 80 9 3581  3 86766 22922 3.0 28 9 1 2 49% 19483678 11770 70%
c { 286.71  0 72 9 3581 10 86766 22922 1.8 7 4 1 2 24% 19483678 11770 70%
c i 287.03  0 71 9 3650 10 87196 23297 1.8 7 4 1 2 24% 19483678 11768 70%
c i 287.17  0 71 9 3664 10 87541 23611 1.8 7 4 1 2 24% 19483678 11766 70%
c i 288.19  0 68 9 4062 10 90400 26152 1.8 7 4 1 2 25% 19483674 11765 70%
c } 288.61  0 67 9 4111 10 90695 26420 1.8 7 4 1 2 25% 19483674 11765 70%
c [ 288.61  0 80 9 4111  3 90695 26420 3.0 28 9 1 2 49% 19483674 11765 70%
c O 288.74  0 80 9 4111  3 91024 26716 3.0 28 9 1 2 49% 19483674 11765 70%
c i 288.74  0 80 9 4111  3 91025 26716 3.0 28 9 1 2 49% 19483674 11764 70%
c i 288.74  0 80 9 4111  3 91026 26716 3.0 28 9 1 2 49% 19483674 11763 70%
c i 288.84  0 79 9 4111  3 91392 27051 3.0 28 9 1 2 49% 19483674 11762 70%
c i 289.15  0 78 9 4111  3 93737 29122 3.0 28 9 1 2 48% 19483673 11761 70%
c ] 289.90  0 76 9 4112  3 96783 31845 3.0 27 9 1 2 46% 19483673 11761 70%
c { 289.90  0 67 9 4112 10 96783 31845 1.8 7 4 1 2 25% 19483673 11761 70%
c i 290.93  0 65 9 4358 10 98472 33344 1.8 7 4 1 2 25% 19483671 11760 70%
c i 291.02  0 65 9 4382 10 98571 33433 1.8 7 4 1 2 25% 19483671 11759 70%
c i 291.03  0 65 9 4382 10 98708 33525 1.8 7 4 1 2 25% 19483671 11758 70%
c i 291.05  0 65 9 4387 10 98764 33575 1.8 7 4 1 2 25% 19483671 11756 70%
c 
c  seconds   reductions  conflicts        size tier2          variables
c          MB    restarts      redundant    glue  trail            remaining
c           level      rate         size/glu tier1   irredundant
c 
c i 291.41  0 64 9 4535 10 99726 34434 1.8 7 4 1 2 25% 19483669 11755 70%
c i 291.63  0 64 9 4597 10 100060 34739 1.8 7 4 1 2 25% 19483669 11754 70%
c } 291.77  0 63 9 4626  9 100363 35007 1.8 7 4 1 2 24% 19483669 11754 70%
c [ 291.77  0 76 9 4626  3 100363 35007 3.0 27 9 1 2 46% 19483669 11754 70%
c ] 293.16  0 76 9 4626  3 103504 37912 3.0 27 9 1 2 46% 19483667 11754 70%
c { 293.16  0 63 9 4626  9 103504 37912 1.8 7 4 1 2 24% 19483667 11754 70%
c B 294.48  0 62 9 4879  9 105025 39289 1.9 7 4 1 2 25% 19483665 11754 70%
c i 294.60  0 62 9 4906  9 105179 39427 1.9 7 4 1 2 25% 19483665 11753 70%
c i 295.11  0 61 9 5114  9 106423 40533 1.9 7 4 1 2 25% 19483663 11751 70%
c } 295.25  0 61 9 5181  9 106724 40791 1.9 7 4 1 2 25% 19483663 11751 70%
c [ 295.25  0 76 9 5181  3 106724 40791 3.0 27 9 1 2 46% 19483663 11751 70%
c i 295.26  0 76 9 5181  3 106786 40848 3.0 27 9 1 2 46% 19483663 11749 70%
c i 295.32  0 76 9 5181  3 106922 40972 3.0 27 9 1 2 46% 19483663 11748 70%
c i 295.36  0 76 9 5181  3 107165 41179 3.0 27 9 1 2 46% 19483663 11747 70%
c - 296.52  0 75 10 5181  3 108722 27441 2.9 27 9 1 2 45% 19483456 11747 70%
c 2 296.56  0 75 10 5181  3 108722 27432 2.9 27 9 1 2 45% 19483455 11747 70%
c d 296.88  0 75 10 5181  3 108722 27401 2.9 27 9 1 2 45% 19483413 11728 70%
c c 301.36  0 75 10 5181  3 108722 27400 2.9 27 9 1 2 45% 19483904 11728 70%
c d 301.68  0 75 10 5181  3 108722 27399 2.9 27 9 1 2 45% 19483900 11726 70%
c k 301.73  0 75 10 5181  3 108722 27399 2.9 27 9 1 2 45% 19483900 11723 70%
c 
c  seconds   reductions   conflicts         size  tier2          variables
c          MB     restarts       redundant     glue  trail            remaining
c           level       rate          size/glue tier1   irredundant
c 
c 2 301.76  0 75 10 5181  3 108722 27399 2.9 27 9 1 2 45% 19483896 11723 70%
c = 303.19  0 75 10 5181  3 108722 27318 2.9 27 9 1 2 45% 19483746 11678 69%
c t 303.34  0 75 10 5181  3 108722 27318 2.9 27 9 1 2 45% 19480897 11678 69%
c i 304.10  0 74 10 5181  3 111269 29708 3.0 27 9 1 2 45% 19480897 11677 69%
c ] 304.66  0 73 10 5181  3 112645 30990 3.0 28 9 1 2 45% 19480897 11677 69%
c { 304.66  0 61 10 5181  9 112645 30990 1.9 7 4 1 2 25% 19480897 11677 69%
c i 305.02  0 61 10 5240  9 113068 31370 1.9 7 4 1 2 25% 19480895 11676 69%
c i 305.02  0 61 10 5240  9 113069 31370 1.9 7 4 1 2 25% 19480895 11674 69%
c i 306.15  0 60 10 5465  9 114377 32543 1.9 7 4 1 2 25% 19480894 11673 69%
c i 306.43  0 60 10 5565  9 114928 33028 1.9 7 4 1 2 25% 19480894 11672 69%
c i 306.52  0 60 10 5608  9 115265 33324 1.9 7 4 1 2 25% 19480894 11671 69%
c } 306.83  0 59 10 5665  9 115541 33583 1.9 7 4 1 2 25% 19480894 11671 69%
c [ 306.83  0 73 10 5665  3 115541 33583 3.0 28 9 1 2 45% 19480894 11671 69%
c i 307.36  0 73 10 5665  3 117893 35796 3.0 28 9 1 2 45% 19480894 11669 69%
c B 307.90  0 72 10 5665  3 120026 37756 3.0 28 10 1 2 44% 19480894 11669 69%
c ] 308.67  0 71 10 5666  3 121307 38845 2.9 28 10 1 2 45% 19480894 11669 69%
c { 308.67  0 59 10 5666  9 121307 38845 1.9 7 4 1 2 25% 19480894 11669 69%
c i 309.34  0 59 10 5898  9 122623 40030 1.9 7 4 1 2 25% 19480894 11668 69%
c i 309.41  0 58 10 5921  9 122928 40317 1.9 7 4 1 2 25% 19480894 11667 69%
c i 309.43  0 58 10 5932  9 122972 40357 1.9 7 4 1 2 25% 19480894 11664 69%
c 
c  seconds   reductions   conflicts         size tier2          variables
c          MB     restarts       redundant    glue  trail            remaining
c           level       rate          size/glu tier1   irredundant
c 
c } 310.81  0 58 10 6225  9 124614 41818 1.9 7 4 1 2 25% 19480892 11664 69%
c [ 310.81  0 71 10 6225  3 124614 41818 2.9 28 10 1 2 45% 19480892 11664 69%
c s 313.02  0 70 10 6227  3 127131 44071 2.9 28 10 1 2 44% 19015734 11664 69%
c t 313.39  0 70 10 6227  3 127131 44071 2.9 28 10 1 2 44% 18986742 11664 69%
c e 313.83  0 70 10 6227  3 127131 38647 2.9 28 10 1 2 44% 18986231 11513 68%
c s 314.23  0 70 10 6227  3 127131 38647 2.9 28 10 1 2 44% 18578885 11513 68%
c ] 314.88  0 70 10 6227  3 127243 38755 2.9 28 10 1 2 44% 18578885 11513 68%
c { 314.88  0 58 10 6227  9 127243 38755 1.9 7 4 1 2 25% 18578885 11513 68%
c } 317.34  0 57 10 6678  9 129545 40829 1.9 8 4 1 2 25% 18578884 11513 68%
c [ 317.34  0 70 10 6678  3 129545 40829 2.9 28 10 1 2 44% 18578884 11513 68%
c ] 319.24  0 69 10 6680  3 131651 42710 2.9 28 10 1 2 44% 18578884 11513 68%
c { 319.24  0 57 10 6680  9 131651 42710 1.9 8 4 1 2 25% 18578884 11513 68%
c i 319.27  0 57 10 6684  9 131691 42735 1.9 8 4 1 2 25% 18578884 11512 68%
c i 320.20  0 56 10 6927  9 132933 43847 1.9 8 4 1 2 25% 18578883 11511 68%
c } 321.65  0 55 10 7209  9 135057 45748 1.9 8 4 1 2 26% 18578882 11511 68%
c [ 321.65  0 69 10 7209  3 135057 45748 2.9 28 10 1 2 44% 18578882 11511 68%
c - 323.18  0 69 11 7209  3 135838 31026 2.9 28 10 1 2 44% 18208134 11511 68%
c 2 323.21  0 69 11 7209  3 135838 31001 2.9 28 10 1 2 44% 18202640 11511 68%
c d 323.54  0 69 11 7209  3 135838 30984 2.9 28 10 1 2 44% 18202632 11506 68%
c p 323.66  0 69 11 7209  3 135838 32316 2.9 28 10 1 2 44% 18202632 11506 68%
c 
c  seconds   reductions   conflicts         size   tier2          variables
c          MB     restarts       redundant     glue   trail            remaining
c           level       rate          size/glue  tier1   irredundant
c 
c c 327.95  0 69 11 7209  3 135838 32316 2.9 28 10 1 2 44% 18203529 11506 68%
c d 328.29  0 69 11 7209  3 135838 32312 2.9 28 10 1 2 44% 18203522 11503 68%
c 2 328.36  0 69 11 7209  3 135838 32310 2.9 28 10 1 2 44% 18203517 11503 68%
c = 330.51  0 69 11 7209  3 135838 32266 2.9 28 10 1 2 44% 18203472 11487 68%
c u 331.78  0 69 11 7209  3 135838 29787 2.9 28 10 1 2 44% 18203472 11486 68%
c v 332.73  0 69 11 7209  3 135838 29583 2.9 28 10 1 2 44% 18203472 11486 68%
c w 332.80  0 69 11 7209  3 135838 29582 2.9 28 10 1 2 44% 18203472 11486 68%
c x 333.65  0 69 11 7209  3 135838 29582 2.9 28 10 1 2 44% 18203459 11486 68%
c t 333.74  0 69 11 7209  3 135838 29582 2.9 28 10 1 2 44% 18202309 11486 68%
c W 337.08  0 69 11 7209  3 136027 29735 2.9 28 10 1 2 44% 18202300 11486 68%
c ] 338.46  0 67 11 7211  3 140459 33800 2.9 28 10 1 2 44% 18202300 11486 68%
c { 338.46  0 55 11 7211  9 140459 33800 1.9 8 4 1 2 26% 18202300 11486 68%
c i 339.75  0 55 11 7440  9 142108 35270 1.9 8 4 1 2 26% 18202300 11485 68%
c } 341.45  0 54 11 7765  9 144263 37213 1.9 8 4 1 2 26% 18202297 11485 68%
c [ 341.45  0 67 11 7765  3 144263 37213 2.9 28 10 1 2 44% 18202297 11485 68%
c ] 343.63  0 67 11 7768  2 148770 41404 2.8 28 10 1 2 42% 18202296 11485 68%
c { 343.63  0 54 11 7768  9 148770 41404 1.9 8 4 1 2 26% 18202296 11485 68%
c i 344.28  0 54 11 7957  9 149920 42423 1.9 8 4 1 2 26% 18202296 11484 68%
c W 347.77  0 53 11 8477  9 153028 45207 1.9 8 4 1 2 26% 18202275 11484 68%
c } 348.03  0 53 11 8560  9 153550 45677 1.9 8 4 1 2 26% 18202275 11484 68%
c 
c  seconds   reductions   conflicts         size   tier2          variables
c          MB     restarts       redundant     glue   trail            remaining
c           level       rate          size/glue  tier1   irredundant
c 
c [ 348.03  0 67 11 8560  2 153550 45677 2.8 28 10 1 2 42% 18202275 11484 68%
c ] 351.03  0 66 11 8564  2 159808 51426 2.9 28 10 1 2 41% 18202275 11484 68%
c { 351.03  0 53 11 8564  9 159808 51426 1.9 8 4 1 2 26% 18202275 11484 68%
c i 353.54  0 52 11 9240  9 164437 55594 1.9 8 4 1 2 26% 18202274 11483 68%
c i 354.09  0 52 11 9352  9 165227 56299 1.9 8 4 1 2 26% 18202273 11481 68%
c - 355.27  0 52 12 9428  9 165882 35690 1.9 8 4 1 2 26% 18202247 11481 68%
c 2 355.31  0 52 12 9428  9 165882 35684 1.9 8 4 1 2 26% 18200551 11481 68%
c d 355.62  0 52 12 9428  9 165882 35661 1.9 8 4 1 2 26% 18200529 11475 68%
c c 360.01  0 52 12 9428  9 165882 35660 1.9 8 4 1 2 26% 18200798 11475 68%
c d 360.33  0 52 12 9428  9 165882 35659 1.9 8 4 1 2 26% 18200796 11474 68%
c k 360.37  0 52 12 9428  9 165882 35659 1.9 8 4 1 2 26% 18200796 11472 68%
c 2 360.40  0 52 12 9428  9 165882 35657 1.9 8 4 1 2 26% 18200796 11472 68%
c = 362.37  0 52 12 9428  9 165882 35644 1.9 8 4 1 2 26% 18200745 11459 68%
c t 362.54  0 52 12 9428  9 165882 35644 1.9 8 4 1 2 26% 18196720 11459 68%
c } 362.70  0 51 12 9458  9 166065 35819 1.9 8 4 1 2 26% 18196720 11459 68%
c [ 362.70  0 66 12 9458  2 166065 35819 2.9 28 10 1 2 41% 18196720 11459 68%
c I 363.82  0 64 12 9459  2 171030 40346 2.8 28 10 1 2 41% 18196720 11459 68%
c ] 365.34  0 61 12 9459  2 175922 44627 2.8 28 10 1 2 41% 18196720 11459 68%
c { 365.34  0 51 12 9459  9 175922 44627 1.9 8 4 1 2 26% 18196720 11459 68%
c i 367.05  0 51 12 9737  9 177924 46437 1.9 8 4 1 2 27% 18196713 11458 68%
c 
c  seconds   reductions    conflicts         size tier2          variables
c          MB      restarts       redundant    glue  trail            remaining
c           level        rate          size/glu tier1   irredundant
c 
c i 368.46  0 50 12 10022  9 180755 48926 1.9 8 4 1 2 27% 18196711 11457 68%
c } 368.72  0 50 12 10044  9 180905 49059 1.9 8 4 1 2 27% 18196711 11457 68%
c [ 368.72  0 61 12 10044  2 180905 49059 2.8 28 10 1 2 41% 18196711 11457 68%
c ] 371.03  0 60 12 10045  2 184264 52191 2.8 28 10 1 2 41% 18196711 11457 68%
c { 371.03  0 50 12 10045  9 184264 52191 1.9 8 4 1 2 27% 18196711 11457 68%
c i 373.70  0 50 12 10622  8 187632 55276 1.9 9 4 1 2 27% 18196710 11456 68%
c i 374.23  0 49 12 10710  8 188126 55718 1.9 9 4 1 2 27% 18196709 11455 68%
c } 374.53  0 49 12 10778  8 188620 56157 1.9 9 4 1 2 27% 18196709 11455 68%
c [ 374.53  0 60 12 10778  2 188620 56157 2.8 28 10 1 2 41% 18196709 11455 68%
c B 375.44  0 60 12 10780  2 190031 57402 2.8 28 10 1 2 41% 18196709 11455 68%
c ] 377.29  0 60 12 10780  2 191768 59033 2.8 28 10 1 2 41% 18196709 11455 68%
c { 377.29  0 49 12 10780  8 191768 59033 1.9 9 4 1 2 27% 18196709 11455 68%
c } 380.99  0 48 12 11721  8 197478 64227 2.0 9 5 1 2 27% 18196707 11455 68%
c [ 380.99  0 60 12 11721  2 197478 64227 2.8 28 10 1 2 41% 18196707 11455 68%
c - 382.35  0 59 13 11723  2 199076 42377 2.8 28 10 1 2 41% 18196676 11455 68%
c 2 382.38  0 59 13 11723  2 199076 42371 2.8 28 10 1 2 41% 18196671 11455 68%
c d 382.72  0 59 13 11723  2 199076 42352 2.8 28 10 1 2 41% 18196654 11450 68%
c p 383.01  0 59 13 11723  2 199076 47376 2.8 28 10 1 2 41% 18196654 11450 68%
c k 387.08  0 59 13 11723  2 199076 47376 2.8 28 10 1 2 41% 18197476 11449 68%
c = 389.47  0 59 13 11723  2 199076 47364 2.8 28 10 1 2 41% 18197447 11444 68%
c 
c  seconds   reductions    conflicts         size   tier2          variables
c          MB      restarts       redundant     glue   trail            remaining
c           level        rate          size/glue  tier1   irredundant
c 
c t 389.65  0 59 13 11723  2 199076 47364 2.8 28 10 1 2 41% 18191320 11444 68%
c ] 391.77  0 57 13 11725  2 204502 52107 2.8 27 10 1 2 43% 18191320 11444 68%
c { 391.77  0 48 13 11725  8 204502 52107 2.0 9 5 1 2 27% 18191320 11444 68%
c i 393.91  0 48 13 12146  8 207200 54562 2.0 9 5 1 2 27% 18191319 11443 68%
c } 395.46  0 48 13 12494  8 209361 56511 2.0 9 5 1 2 27% 18191318 11442 68%
c [ 395.46  0 57 13 12494  2 209361 56511 2.8 27 10 1 2 43% 18191318 11442 68%
c W 400.45  0 57 13 12494  2 210033 57113 2.8 28 10 1 2 42% 18191303 11442 68%
c s 402.33  0 57 13 12496  2 212381 59223 2.7 28 10 1 2 42% 17817707 11442 68%
c t 402.59  0 57 13 12496  2 212381 59222 2.7 28 10 1 2 42% 17814071 11442 68%
c e 403.04  0 57 13 12496  2 212381 57346 2.7 28 10 1 2 42% 17813871 11385 68%
c s 403.51  0 57 13 12496  2 212381 57346 2.7 28 10 1 2 42% 17502779 11385 68%
c ] 406.52  0 57 13 12497  2 214596 59363 2.7 28 10 1 2 48% 17502779 11385 68%
c { 406.52  0 48 13 12497  8 214596 59363 2.0 9 5 1 2 30% 17502779 11385 68%
c } 410.89  0 47 13 13428  8 220825 64961 2.0 9 5 1 2 30% 17502777 11385 68%
c [ 410.89  0 57 13 13428  2 220825 64961 2.7 28 10 1 2 48% 17502777 11385 68%
c O 414.06  0 53 13 13433  2 231035 73997 2.6 27 10 1 2 31% 17502776 11385 68%
c ] 414.16  0 53 13 13433  2 231105 74055 2.6 27 10 1 2 31% 17502776 11385 68%
c { 414.16  0 47 13 13433  8 231105 74055 2.0 9 5 1 2 30% 17502776 11385 68%
c - 418.32  0 46 14 14115  8 235438 47223 2.0 10 5 1 2 30% 17502772 11385 68%
c 2 418.36  0 46 14 14115  8 235438 47211 2.0 10 5 1 2 30% 17501155 11385 68%
c 
c  seconds   reductions    conflicts         size  tier2          variables
c          MB      restarts       redundant     glue  trail            remaining
c           level        rate          size/glue tier1   irredundant
c 
c d 418.72  0 46 14 14115  8 235438 47199 2.0 10 5 1 2 30% 17501147 11382 68%
c p 418.88  0 46 14 14115  8 235438 51873 2.0 10 5 1 2 30% 17501147 11382 68%
c = 421.41  0 46 14 14115  8 235438 51873 2.0 10 5 1 2 30% 17501138 11379 68%
c u 423.00  0 46 14 14115  8 235438 50640 2.0 10 5 1 2 30% 17501138 11379 68%
c v 423.64  0 46 14 14115  8 235438 50313 2.0 10 5 1 2 30% 17501138 11379 68%
c w 423.64  0 46 14 14115  8 235438 50313 2.0 10 5 1 2 30% 17501138 11379 68%
c x 424.68  0 46 14 14115  8 235438 50313 2.0 10 5 1 2 30% 17500666 11379 68%
c t 424.80  0 46 14 14115  8 235438 50313 2.0 10 5 1 2 30% 17497250 11379 68%
c } 426.13  0 46 14 14345  8 237887 52507 2.0 10 5 1 2 30% 17497248 11379 68%
c [ 426.13  0 53 14 14345  2 237887 52507 2.6 27 10 1 2 31% 17497248 11379 68%
c ] 429.80  0 50 14 14346  2 245529 59280 2.7 28 10 1 2 34% 17497248 11379 68%
c { 429.80  0 46 14 14346  8 245529 59280 2.0 10 5 1 2 30% 17497248 11379 68%
c i 430.70  0 46 14 14540  8 247158 60708 2.0 10 5 1 2 30% 17497248 11378 68%
c } 434.29  0 45 14 15214  8 251724 64844 2.0 10 5 1 2 30% 17497247 11378 68%
c [ 434.29  0 50 14 15214  2 251724 64844 2.7 28 10 1 2 34% 17497247 11378 68%
c B 435.28  0 50 14 15214  2 253038 66030 2.8 28 10 1 2 34% 17497247 11378 68%
c ] 437.76  0 50 14 15214  2 255984 68749 2.8 29 10 1 2 35% 17497247 11378 68%
c { 437.76  0 45 14 15214  8 255984 68749 2.0 10 5 1 2 30% 17497247 11378 68%
c } 442.54  0 45 14 16035  8 260986 73303 2.1 10 5 1 2 30% 17497244 11378 68%
c [ 442.54  0 50 14 16035  2 260986 73303 2.8 29 10 1 2 35% 17497244 11378 68%
c 
c  seconds   reductions    conflicts         size   tier2          variables
c          MB      restarts       redundant     glue   trail            remaining
c           level        rate          size/glue  tier1   irredundant
c 
c ] 447.11  0 47 14 16035  2 270566 82181 2.8 28 10 1 2 32% 17497244 11378 68%
c { 447.11  0 45 14 16035  8 270566 82181 2.1 10 5 1 2 30% 17497244 11378 68%
c - 452.41  0 44 15 16646  8 274776 53534 2.1 11 5 1 2 30% 17497231 11378 68%
c 2 452.45  0 44 15 16646  8 274776 53527 2.1 11 5 1 2 30% 17496346 11378 68%
c d 452.79  0 44 15 16646  8 274776 53492 2.1 11 5 1 2 30% 17496336 11374 67%
c p 453.04  0 44 15 16646  8 274776 63641 2.1 11 5 1 2 30% 17496336 11374 67%
c c 457.06  0 44 15 16646  8 274776 63640 2.1 11 5 1 2 30% 17498950 11374 67%
c d 457.43  0 44 15 16646  8 274776 63637 2.1 11 5 1 2 30% 17498948 11373 67%
c 2 457.50  0 44 15 16646  8 274776 63636 2.1 11 5 1 2 30% 17498948 11373 67%
c t 457.88  0 44 15 16646  8 274776 63631 2.1 11 5 1 2 30% 17403127 11373 67%
c F 458.95  0 44 15 16811  8 276039 64774 2.1 11 5 1 2 30% 17403127 11373 67%
c } 458.95  0 44 15 16811  8 276039 64774 2.1 11 5 1 2 30% 17403127 11373 67%
c [ 458.95  0 47 15 16811  2 276039 64774 2.8 28 10 1 2 32% 17403127 11373 67%
c ] 463.27  0 45 15 16812  2 283354 70934 2.8 29 10 1 2 35% 17403127 11373 67%
c { 463.27  0 44 15 16812  8 283354 70934 2.1 11 5 1 2 30% 17403127 11373 67%
c i 464.54  0 44 15 17053  8 285350 72713 2.1 11 5 1 2 30% 17403127 11372 67%
c } 468.83  0 43 15 17834  8 290544 77291 2.1 11 5 1 2 30% 17403127 11372 67%
c [ 468.83  0 45 15 17834  2 290544 77291 2.8 29 10 1 2 35% 17403127 11372 67%
c i 469.13  0 45 15 17834  2 291084 77729 2.8 29 10 1 2 35% 17403127 11370 67%
c ] 472.68  0 44 15 17834  2 293901 80310 2.8 29 10 1 2 36% 17403127 11370 67%
c 
c  seconds   reductions    conflicts         size  tier2          variables
c          MB      restarts       redundant     glue  trail            remaining
c           level        rate          size/glue tier1   irredundant
c 
c { 472.68  0 43 15 17834  8 293901 80310 2.1 11 5 1 2 30% 17403127 11370 67%
c B 477.48  0 42 15 18796  8 300040 85851 2.2 11 5 1 2 30% 17403126 11370 67%
c } 478.51  0 42 15 18987  8 301358 87034 2.2 11 5 1 2 30% 17403126 11370 67%
c [ 478.51  0 44 15 18987  2 301358 87034 2.8 29 10 1 2 36% 17403126 11370 67%
c ] 482.89  0 42 15 18987  2 310737 95209 2.9 30 10 1 2 35% 17403126 11370 67%
c { 482.89  0 42 15 18987  8 310737 95209 2.2 11 5 1 2 30% 17403126 11370 67%
c i 486.53  0 41 15 19663  8 315325 99378 2.2 11 5 1 2 30% 17403126 11369 67%
c - 489.36  0 41 16 19985  8 317271 60941 2.2 12 5 1 2 30% 16948110 11369 67%
c 2 489.43  0 41 16 19985  8 317271 60941 2.2 12 5 1 2 30% 16948109 11369 67%
c d 489.79  0 41 16 19985  8 317271 60908 2.2 12 5 1 2 30% 16948100 11364 67%
c p 490.13  0 41 16 19985  8 317271 80566 2.2 12 5 1 2 30% 16948100 11364 67%
c = 496.11  0 41 16 19985  8 317271 80563 2.2 12 5 1 2 30% 16976750 11361 67%
c u 497.98  0 41 16 19985  8 317271 79543 2.2 12 5 1 2 30% 16976750 11361 67%
c v 498.68  0 41 16 19985  8 317271 79371 2.2 12 5 1 2 30% 16976750 11361 67%
c w 498.68  0 41 16 19985  8 317271 79371 2.2 12 5 1 2 30% 16976750 11361 67%
c x 499.70  0 41 16 19985  8 317271 79371 2.2 12 5 1 2 30% 16975601 11361 67%
c t 499.95  0 41 16 19985  8 317271 78827 2.2 12 5 1 2 30% 16940651 11361 67%
c s 501.29  0 41 16 20099  7 318244 79718 2.2 12 5 1 2 30% 16753918 11361 67%
c t 501.49  0 41 16 20099  7 318244 79718 2.2 12 5 1 2 30% 16752005 11361 67%
c e 501.90  0 41 16 20099  7 318244 77546 2.2 12 5 1 2 30% 16751742 11284 67%
c 
c  seconds   reductions    conflicts         size  tier2          variables
c          MB      restarts       redundant     glue  trail            remaining
c           level        rate          size/glue tier1   irredundant
c 
c s 502.34  0 41 16 20099  7 318244 77546 2.2 12 5 1 2 30% 16610167 11284 67%
c e 502.71  0 41 16 20099  7 318244 77530 2.2 12 5 1 2 30% 16610157 11279 67%
c } 503.26  0 41 16 20135  7 318611 77855 2.2 12 5 1 2 30% 16610157 11279 67%
c [ 503.26  0 42 16 20135  2 318611 77855 2.9 30 10 1 2 35% 16610157 11279 67%
c ] 507.44  0 42 16 20135  2 323074 81918 2.9 31 10 1 2 36% 16610157 11279 67%
c { 507.44  0 41 16 20135  7 323074 81918 2.2 12 5 1 2 30% 16610157 11279 67%
c W 514.46  0 41 16 20469  7 325041 83722 2.2 12 5 1 2 30% 16610157 11279 67%
c i 517.71  0 40 16 20930  7 328404 86739 2.3 12 5 1 2 30% 16610155 11278 67%
c } 518.80  0 40 16 21096  7 329673 87913 2.3 12 5 1 2 30% 16610155 11278 67%
c [ 518.80  0 42 16 21096  2 329673 87913 2.9 31 10 1 2 36% 16610155 11278 67%
c ] 524.39  0 37 16 21101  2 347330 103898 3.0 30 10 1 2 32% 16610155 11278 67%
c { 524.39  0 40 16 21101  7 347330 103898 2.3 12 5 1 2 30% 16610155 11278 67%
c # 527.84  0 40 16 21713  7 351044 107263 2.3 12 5 1 2 30% 16610154 11278 67%
c } 531.69  0 39 16 22356  7 355481 111256 2.3 13 5 1 2 30% 16610152 11278 67%
c [ 531.69  0 37 16 22356  2 355481 111256 3.0 30 10 1 2 32% 16610152 11278 67%
c ] 536.22  0 38 16 22358  2 360339 115793 3.0 31 10 1 2 32% 16610152 11278 67%
c { 536.22  0 39 16 22358  7 360339 115793 2.3 13 5 1 2 30% 16610152 11278 67%
c i 537.38  0 39 16 22534  7 361929 117161 2.3 13 5 1 2 30% 16610151 11277 67%
c - 538.76  0 39 17 22612  7 362741 67577 2.3 13 5 1 2 30% 16610130 11277 67%
c 2 538.80  0 39 17 22612  7 362741 67565 2.3 13 5 1 2 30% 16609130 11277 67%
c 
c  seconds   reductions    conflicts         size  tier2          variables
c          MB      restarts       redundant     glue  trail            remaining
c           level        rate          size/glue tier1   irredundant
c 
c d 539.10  0 39 17 22612  7 362741 67542 2.3 13 5 1 2 30% 16609126 11275 67%
c p 539.57  0 39 17 22612  7 362741 92130 2.3 13 5 1 2 30% 16609126 11275 67%
c = 542.33  0 39 17 22612  7 362741 92129 2.3 13 5 1 2 30% 16609126 11274 67%
c t 542.55  0 39 17 22612  7 362741 92084 2.3 13 5 1 2 30% 16577238 11274 67%
c i 548.06  0 38 17 23287  7 368509 97101 2.3 13 6 1 2 30% 16577237 11269 67%
c } 548.15  0 38 17 23299  7 368609 97192 2.3 13 6 1 2 30% 16577237 11269 67%
c [ 548.15  0 38 17 23299  2 368609 97192 3.0 31 10 1 2 32% 16577237 11269 67%
c ] 553.62  0 38 17 23305  2 376710 104695 3.0 33 11 1 2 32% 16577237 11269 67%
c { 553.62  0 38 17 23305  7 376710 104695 2.3 13 6 1 2 30% 16577237 11269 67%
c B 555.29  0 38 17 23563  7 378045 105901 2.3 13 6 1 2 30% 16577237 11269 67%
c i 556.75  0 38 17 23793  7 379899 107529 2.4 13 6 1 2 30% 16577237 11260 67%
c } 561.10  0 37 17 24274  7 384434 111465 2.4 13 6 1 2 30% 16577237 11260 67%
c [ 561.10  0 38 17 24274  2 384434 111465 3.0 33 11 1 2 32% 16577237 11260 67%
c ] 566.41  0 38 17 24276  2 393832 119772 3.0 34 11 1 2 33% 16577237 11260 67%
c { 566.41  0 37 17 24276  7 393832 119772 2.4 13 6 1 2 30% 16577237 11260 67%
c i 569.07  0 37 17 24649  7 397003 122473 2.4 13 6 1 2 31% 16577237 11259 67%
c i 572.06  0 37 17 25079  7 399603 124788 2.4 14 6 1 2 31% 16577237 11258 67%
c } 573.80  0 37 17 25338  7 401764 126716 2.4 14 6 1 2 31% 16577237 11258 67%
c [ 573.80  0 38 17 25338  2 401764 126716 3.0 34 11 1 2 33% 16577237 11258 67%
c W 579.00  0 37 17 25338  2 406046 123124 3.0 34 11 1 2 32% 15835360 11258 67%
c 
c  seconds   reductions    conflicts         size   tier2          variables
c          MB      restarts       redundant     glue   trail            remaining
c           level        rate          size/glue  tier1   irredundant
c 
c - 582.10  0 38 18 25342  2 411226 73889 3.0 34 12 1 2 32% 15835360 11258 67%
c d 582.43  0 38 18 25342  2 411226 73881 3.0 34 12 1 2 32% 15835349 11253 67%
c p 582.79  0 38 18 25342  2 411226 84250 3.0 34 12 1 2 32% 15835349 11253 67%
c c 586.06  0 38 18 25342  2 411226 84243 3.0 34 12 1 2 32% 15871211 11253 67%
c d 586.38  0 38 18 25342  2 411226 84241 3.0 34 12 1 2 32% 15871209 11252 67%
c 2 586.45  0 38 18 25342  2 411226 84223 3.0 34 12 1 2 32% 15871206 11252 67%
c = 589.69  0 38 18 25342  2 411226 84217 3.0 34 12 1 2 32% 15871178 11244 67%
c u 591.46  0 38 18 25342  2 411226 82827 3.0 34 12 1 2 32% 15871178 11244 67%
c v 592.23  0 38 18 25342  2 411226 82679 3.0 34 12 1 2 32% 15871178 11244 67%
c w 592.24  0 38 18 25342  2 411226 82679 3.0 34 12 1 2 32% 15871178 11244 67%
c x 593.39  0 38 18 25342  2 411226 82678 3.0 34 12 1 2 32% 15870677 11244 67%
c t 593.63  0 38 18 25342  2 411226 82616 3.0 34 12 1 2 32% 15832868 11244 67%
c ] 596.95  0 36 18 25345  2 417802 88277 2.9 33 11 1 2 31% 15832868 11244 67%
c { 596.95  0 37 18 25345  7 417802 88277 2.4 14 6 1 2 31% 15832868 11244 67%
c i 600.60  0 36 18 25889  7 422206 92139 2.4 14 6 1 2 31% 15832867 11243 67%
c } 605.13  0 36 18 26670  7 427343 96794 2.4 14 6 1 2 31% 15832867 11243 67%
c [ 605.14  0 36 18 26670  2 427343 96794 2.9 33 11 1 2 31% 15832867 11243 67%
c I 610.18  0 36 18 26675  2 435048 103920 3.0 34 11 1 2 30% 15832867 11243 67%
c ] 611.62  0 35 18 26677  2 439347 107900 3.0 34 11 1 2 30% 15832867 11243 67%
c { 611.62  0 36 18 26677  7 439347 107900 2.4 14 6 1 2 31% 15832867 11243 67%
c 
c  seconds   reductions    conflicts          size  tier2          variables
c          MB      restarts       redundant      glue  trail            remaining
c           level        rate           size/glue tier1   irredundant
c 
c i 611.76  0 36 18 26693  7 439641 108149 2.4 14 6 1 2 31% 15832867 11242 67%
c s 617.03  0 36 18 27336  7 444536 112529 2.5 14 6 1 2 31% 15744416 11242 67%
c t 617.24  0 36 18 27336  7 444536 112527 2.5 14 6 1 2 31% 15743051 11242 67%
c e 617.65  0 36 18 27336  7 444536 109336 2.5 14 6 1 2 31% 15597263 11215 67%
c s 618.04  0 36 18 27336  7 444536 109335 2.5 14 6 1 2 31% 15512794 11215 67%
c } 621.46  0 36 18 27779  7 447457 111981 2.5 15 6 1 2 31% 15512794 11215 67%
c [ 621.46  0 35 18 27779  2 447457 111981 3.0 34 11 1 2 30% 15512794 11215 67%
c ] 626.80  0 35 18 27780  2 455264 118739 3.0 35 12 1 2 31% 15512794 11215 67%
c { 626.80  0 36 18 27780  7 455264 118739 2.5 15 6 1 2 31% 15512794 11215 67%
c i 627.87  0 35 18 27930  7 456607 119893 2.5 15 6 1 2 31% 15512794 11213 67%
c } 634.95  0 35 18 28961  7 462044 124796 2.5 15 6 1 2 31% 15512794 11213 67%
c [ 634.95  0 35 18 28961  2 462044 124796 3.0 35 12 1 2 31% 15512794 11213 67%
c - 635.97  0 35 19 28961  2 462519 78704 3.0 35 12 1 2 31% 15347707 11213 67%
c 2 636.00  0 35 19 28961  2 462519 78692 3.0 35 12 1 2 31% 15347653 11213 67%
c d 636.27  0 35 19 28961  2 462519 78674 3.0 35 12 1 2 31% 15347647 11210 67%
c p 636.72  0 35 19 28961  2 462519 106050 3.0 35 12 1 2 31% 15347647 11210 67%
c c 639.93  0 35 19 28961  2 462519 106047 3.0 35 12 1 2 31% 15381549 11210 67%
c d 640.26  0 35 19 28961  2 462519 106043 3.0 35 12 1 2 31% 15381547 11209 66%
c 2 640.32  0 35 19 28961  2 462519 106032 3.0 35 12 1 2 31% 15381546 11209 66%
c = 644.13  0 35 19 28961  2 462519 106025 3.0 35 12 1 2 31% 15381527 11203 66%
c 
c  seconds   reductions    conflicts          size   tier2          variables
c          MB      restarts       redundant      glue   trail            remaining
c           level        rate           size/glue  tier1   irredundant
c 
c t 644.28  0 35 19 28961  2 462519 105998 3.0 35 12 1 2 31% 15367453 11203 66%
c B 645.63  0 35 19 28962  2 465051 108354 3.0 35 12 1 2 32% 15367453 11203 66%
c ] 649.85  0 35 19 28962  2 472424 114744 2.9 34 12 1 2 32% 15367453 11203 66%
c { 649.85  0 35 19 28962  7 472424 114744 2.5 15 6 1 2 31% 15367453 11203 66%
c } 658.54  0 35 19 30117  7 481990 123183 2.5 16 6 1 2 31% 15367453 11203 66%
c [ 658.54  0 35 19 30117  2 481990 123183 2.9 34 12 1 2 32% 15367453 11203 66%
c ] 664.57  0 34 19 30117  2 489402 129857 3.1 36 12 1 2 32% 15367453 11203 66%
c { 664.57  0 35 19 30117  7 489402 129857 2.5 16 6 1 2 31% 15367453 11203 66%
c i 668.79  0 34 19 30570  6 494105 133786 2.6 16 6 1 2 31% 15367453 11202 66%
c i 669.05  0 34 19 30583  6 494433 134029 2.6 16 6 1 2 32% 15367453 11201 66%
c W 674.95  0 34 19 30781  6 496052 134461 2.6 16 6 1 2 32% 15046663 11201 66%
c i 676.40  0 33 19 30952  6 497974 136022 2.6 16 6 1 2 32% 15046663 11200 66%
c } 677.70  0 33 19 31087  6 499375 137272 2.6 16 6 1 2 32% 15046663 11200 66%
c [ 677.70  0 34 19 31087  2 499375 137272 3.1 36 12 1 2 32% 15046663 11200 66%
c - 684.71  0 32 20 31097  2 516688 87010 2.9 34 12 1 2 30% 14878731 11200 66%
c 2 684.75  0 32 20 31097  2 516688 87005 2.9 34 12 1 2 30% 14878729 11200 66%
c d 685.00  0 32 20 31097  2 516688 86978 2.9 34 12 1 2 30% 14878718 11194 66%
c p 685.54  0 32 20 31097  2 516688 106650 2.9 34 12 1 2 30% 14878718 11194 66%
c = 692.40  0 32 20 31097  2 516688 106631 2.9 34 12 1 2 30% 14902920 11190 66%
c u 694.14  0 32 20 31097  2 516688 104164 2.9 34 12 1 2 30% 14902920 11190 66%
c 
c  seconds   reductions    conflicts          size   tier2          variables
c          MB      restarts       redundant      glue   trail            remaining
c           level        rate           size/glue  tier1   irredundant
c 
c v 695.31  0 32 20 31097  2 516688 103951 2.9 34 12 1 2 30% 14902920 11190 66%
c w 695.32  0 32 20 31097  2 516688 103951 2.9 34 12 1 2 30% 14902920 11190 66%
c x 696.85  0 32 20 31097  2 516688 103951 2.9 34 12 1 2 30% 14902915 11190 66%
c t 697.10  0 32 20 31097  2 516688 103883 2.9 34 12 1 2 30% 14855569 11190 66%
c ] 697.78  0 32 20 31097  2 517633 104756 2.9 34 12 1 2 30% 14855569 11190 66%
c { 697.78  0 33 20 31097  6 517633 104756 2.6 16 6 1 2 32% 14855569 11190 66%
c F 705.99  0 33 20 32099  6 528053 113958 2.6 16 6 1 2 32% 14855569 11190 66%
c } 706.62  0 32 20 32146  6 528979 114646 2.6 16 6 1 2 32% 14855569 11190 66%
c [ 706.62  0 32 20 32146  2 528979 114646 2.9 34 12 1 2 30% 14855569 11190 66%
c ] 714.84  0 30 20 32154  2 550051 133868 2.9 32 11 1 2 28% 14855569 11190 66%
c { 714.84  0 32 20 32154  6 550051 133868 2.6 16 6 1 2 32% 14855569 11190 66%
c i 717.37  0 32 20 32490  6 553655 136946 2.6 17 6 1 2 32% 14855569 11188 66%
c i 720.41  0 32 20 32799  6 557704 140337 2.6 17 6 1 2 32% 14855569 11186 66%
c B 723.90  0 32 20 33236  6 561055 143322 2.7 17 6 1 2 32% 14855569 11186 66%
c } 724.16  0 32 20 33270  6 561198 143453 2.7 17 6 1 2 32% 14855569 11186 66%
c [ 724.16  0 30 20 33270  2 561198 143453 2.9 32 11 1 2 28% 14855569 11186 66%
c - 729.62  0 30 21 33277  2 573699 90769 2.7 32 12 1 2 28% 14541962 11186 66%
c 2 729.65  0 30 21 33277  2 573699 90766 2.7 32 12 1 2 28% 14541962 11186 66%
c d 729.91  0 30 21 33277  2 573699 90757 2.7 32 12 1 2 28% 14541951 11182 66%
c p 730.08  0 30 21 33277  2 573699 92547 2.7 32 12 1 2 28% 14541951 11182 66%
c 
c  seconds   reductions    conflicts         size   tier2          variables
c          MB      restarts       redundant     glue   trail            remaining
c           level        rate          size/glue  tier1   irredundant
c 
c 2 730.12  0 30 21 33277  2 573699 92513 2.7 32 12 1 2 28% 14541951 11182 66%
c = 732.87  0 30 21 33277  2 573699 92513 2.7 32 12 1 2 28% 14541943 11179 66%
c t 732.96  0 30 21 33277  2 573699 92497 2.7 32 12 1 2 28% 14541941 11179 66%
c ] 735.94  0 29 21 33281  2 578355 96566 2.8 32 12 1 2 28% 14541941 11179 66%
c { 735.94  0 32 21 33281  6 578355 96566 2.7 17 6 1 2 32% 14541941 11179 66%
c } 745.81  0 31 21 34609  6 590487 107084 2.7 17 6 1 2 32% 14541940 11179 66%
c [ 745.81  0 29 21 34609  2 590487 107084 2.8 32 12 1 2 28% 14541940 11179 66%
c s 746.27  0 29 21 34609  2 590613 107199 2.8 32 12 1 2 28% 14456276 11179 66%
c t 746.45  0 29 21 34609  2 590613 107198 2.8 32 12 1 2 28% 14455058 11179 66%
c e 746.80  0 29 21 34609  2 590613 105342 2.8 32 12 1 2 28% 14454787 11095 66%
c s 747.16  0 29 21 34609  2 590613 105339 2.8 32 12 1 2 28% 14372097 11095 66%
c e 747.47  0 29 21 34609  2 590613 105302 2.8 32 12 1 2 28% 14372087 11093 66%
c W 757.58  0 30 21 34610  2 595056 109362 2.8 33 12 1 2 28% 14372087 11093 66%
c ] 761.18  0 29 21 34610  2 601817 114930 2.8 32 12 1 2 29% 14372087 11093 66%
c { 761.18  0 31 21 34610  6 601817 114930 2.7 17 6 1 2 32% 14372087 11093 66%
c i 769.56  0 30 21 35770  6 611744 123597 2.8 18 7 1 2 32% 14372084 11089 66%
c } 771.24  0 30 21 35977  6 613386 124987 2.8 18 7 1 2 32% 14372084 11089 66%
c [ 771.24  0 29 21 35977  2 613386 124987 2.8 32 12 1 2 29% 14372084 11089 66%
c ] 778.61  0 28 21 35978  2 626951 136633 2.8 33 12 1 2 29% 14372084 11089 66%
c { 778.61  0 30 21 35978  6 626951 136633 2.8 18 7 1 2 32% 14372084 11089 66%
c 
c  seconds   reductions    conflicts          size  tier2          variables
c          MB      restarts       redundant      glue  trail            remaining
c           level        rate           size/glue tier1   irredundant
c 
c W 782.94  0 30 21 36324  6 630057 138798 2.8 18 7 1 2 32% 14235072 11089 66%
c - 786.88  0 30 22 36701  6 633585 94934 2.8 18 7 1 2 32% 14235072 11089 66%
c 2 786.92  0 30 22 36701  6 633585 94926 2.8 18 7 1 2 32% 14235022 11089 66%
c d 787.18  0 30 22 36701  6 633585 94926 2.8 18 7 1 2 32% 14235020 11088 66%
c p 787.85  0 30 22 36701  6 633585 122958 2.8 18 7 1 2 32% 14235020 11087 66%
c c 790.93  0 30 22 36701  6 633585 122953 2.8 18 7 1 2 32% 14266768 11087 66%
c d 791.22  0 30 22 36701  6 633585 122920 2.8 18 7 1 2 32% 14266761 11085 66%
c d 791.46  0 30 22 36701  6 633585 122918 2.8 18 7 1 2 32% 14266757 11083 66%
c 2 791.49  0 30 22 36701  6 633585 122878 2.8 18 7 1 2 32% 14266755 11083 66%
c = 795.52  0 30 22 36701  6 633585 122870 2.8 18 7 1 2 32% 14266742 11080 66%
c u 797.47  0 30 22 36701  6 633585 121659 2.8 18 7 1 2 32% 14266742 11080 66%
c v 797.50  0 30 22 36701  6 633585 121659 2.8 18 7 1 2 32% 14266742 11080 66%
c w 797.50  0 30 22 36701  6 633585 121659 2.8 18 7 1 2 32% 14266742 11080 66%
c x 799.53  0 30 22 36701  6 633585 121659 2.8 18 7 1 2 32% 14266563 11080 66%
c t 799.75  0 30 22 36701  6 633585 121592 2.8 18 7 1 2 32% 14229148 11080 66%
c } 804.47  0 30 22 37271  5 640638 127764 2.8 19 7 1 2 32% 14229147 11080 66%
c [ 804.47  0 28 22 37271  2 640638 127764 2.8 33 12 1 2 29% 14229147 11080 66%
c ] 812.12  0 29 22 37272  2 654434 139954 2.8 34 12 1 2 29% 14229147 11080 66%
c { 812.12  0 30 22 37272  5 654434 139954 2.8 19 7 1 2 32% 14229147 11080 66%
c # 821.57  0 29 22 38410  5 666058 150100 2.9 19 7 1 2 32% 14229147 11080 66%
c 
c  seconds   reductions    conflicts          size  tier2          variables
c          MB      restarts       redundant      glue  trail            remaining
c           level        rate           size/glue tier1   irredundant
c 
c } 822.27  0 29 22 38450  5 667154 151001 2.8 19 7 1 2 32% 14229147 11080 66%
c [ 822.27  0 29 22 38450  2 667154 151001 2.8 34 12 1 2 29% 14229147 11080 66%
c i 822.46  0 29 22 38450  2 667826 151511 2.8 34 12 1 2 29% 14229147 11079 66%
c ] 829.65  0 29 22 38450  2 675680 158589 2.9 35 12 1 2 30% 14229147 11079 66%
c { 829.65  0 29 22 38450  5 675680 158589 2.8 19 7 1 2 32% 14229147 11079 66%
c } 840.26  0 28 22 39832  5 688543 169477 2.8 19 7 1 2 32% 14229147 11079 66%
c [ 840.26  0 29 22 39832  2 688543 169477 2.9 35 12 1 2 30% 14229147 11079 66%
c i 841.04  0 28 22 39832  2 691019 171576 2.9 34 12 1 2 30% 14229147 11075 66%
c - 844.67  0 28 23 39832  2 696333 102505 2.9 34 12 1 2 29% 13853200 11075 66%
c 2 844.70  0 28 23 39832  2 696333 102503 2.9 34 12 1 2 29% 13853199 11075 66%
c p 845.44  0 28 23 39832  2 696333 126170 2.9 34 12 1 2 29% 13853195 11074 66%
c = 853.20  0 28 23 39832  2 696333 126167 2.9 34 12 1 2 29% 13883653 11071 66%
c u 854.49  0 28 23 39832  2 696333 125577 2.9 34 12 1 2 29% 13883653 11071 66%
c v 854.55  0 28 23 39832  2 696333 125575 2.9 34 12 1 2 29% 13883653 11071 66%
c w 854.56  0 28 23 39832  2 696333 125575 2.9 34 12 1 2 29% 13883653 11071 66%
c x 855.82  0 28 23 39832  2 696333 125575 2.9 34 12 1 2 29% 13883620 11071 66%
c t 855.98  0 28 23 39832  2 696333 125543 2.9 34 12 1 2 29% 13850194 11071 66%
c O 858.48  0 28 23 39832  2 703063 131828 2.9 34 12 1 2 29% 13850194 11071 66%
c ] 863.42  0 29 23 39833  2 714989 142547 2.8 34 12 1 2 28% 13850194 11071 66%
c { 863.42  0 28 23 39833  5 714989 142547 2.8 19 7 1 2 32% 13850194 11071 66%
c 
c  seconds   reductions    conflicts          size  tier2          variables
c          MB      restarts       redundant      glue  trail            remaining
c           level        rate           size/glue tier1   irredundant
c 
c i 874.25  0 27 23 41020  5 731970 157074 2.9 20 7 1 2 32% 13850193 11070 66%
c } 875.37  0 27 23 41213  5 733360 158348 2.9 20 7 1 2 32% 13850193 11070 66%
c [ 875.37  0 29 23 41213  2 733360 158348 2.8 34 12 1 2 28% 13850193 11070 66%
c B 878.87  0 29 23 41213  2 741064 165288 2.7 34 12 1 2 27% 13850193 11070 66%
c ] 884.79  0 30 23 41213  2 754831 177323 2.6 34 13 1 2 27% 13850193 11070 66%
c { 884.79  0 27 23 41213  5 754831 177323 2.9 20 7 1 2 32% 13850193 11070 66%
c s 885.87  0 27 23 41284  5 756046 178306 2.9 20 7 1 2 32% 13776320 11070 66%
c t 886.06  0 27 23 41284  5 756046 178305 2.9 20 7 1 2 32% 13774784 11070 66%
c e 886.40  0 27 23 41284  5 756046 171686 2.9 20 7 1 2 32% 13774662 11035 65%
c s 886.74  0 27 23 41284  5 756046 171685 2.9 20 7 1 2 32% 13693321 11035 65%
c i 887.36  0 27 23 41294  5 756270 171842 2.9 20 7 1 2 32% 13693321 11034 65%
c - 893.05  0 27 24 41977  5 761872 106943 2.9 20 7 1 2 32% 13693305 11034 65%
c 2 893.08  0 27 24 41977  5 761872 106936 2.9 20 7 1 2 32% 13693249 11034 65%
c d 893.34  0 27 24 41977  5 761872 106926 2.9 20 7 1 2 32% 13693246 11032 65%
c p 893.76  0 27 24 41977  5 761872 117502 2.9 20 7 1 2 32% 13693246 11032 65%
c = 896.52  0 27 24 41977  5 761872 117487 2.9 20 7 1 2 32% 13693242 11031 65%
c t 896.60  0 27 24 41977  5 761872 117479 2.9 20 7 1 2 32% 13691911 11031 65%
c } 902.45  0 26 24 42570  5 770909 125128 2.9 20 7 1 2 32% 13691911 11031 65%
c [ 902.45  0 30 24 42570  2 770909 125128 2.6 34 13 1 2 27% 13691911 11031 65%
c i 902.55  0 30 24 42570  2 771101 125243 2.6 34 13 1 2 27% 13691911 11030 65%
c 
c  seconds   reductions    conflicts          size   tier2          variables
c          MB      restarts       redundant      glue   trail            remaining
c           level        rate           size/glue  tier1   irredundant
c 
c W 915.91  0 31 24 42570  2 780065 132993 2.7 35 13 1 2 27% 13691902 11030 65%
c ] 922.52  0 33 24 42570  2 799959 151037 2.5 36 14 1 2 26% 13691902 11030 65%
c { 922.52  0 26 24 42570  5 799959 151037 2.9 20 7 1 2 32% 13691902 11030 65%
c } 935.37  0 25 24 44042  4 818089 166429 2.9 20 7 1 2 32% 13691902 11030 65%
c [ 935.37  0 33 24 44042  2 818089 166429 2.5 36 14 1 2 26% 13691902 11030 65%
c I 936.11  0 32 24 44042  2 820066 168161 2.5 36 14 1 2 26% 13691902 11030 65%
c - 942.94  0 32 25 44048  2 830317 113387 2.6 36 14 1 2 26% 13691902 11030 65%
c 2 942.97  0 32 25 44048  2 830317 113382 2.6 36 14 1 2 26% 13691902 11030 65%
c p 943.38  0 32 25 44048  2 830317 128339 2.6 36 14 1 2 26% 13691902 11030 65%
c u 951.61  0 32 25 44048  2 830317 127422 2.6 36 14 1 2 26% 13721619 11030 65%
c v 952.39  0 32 25 44048  2 830317 127248 2.6 36 14 1 2 26% 13721619 11030 65%
c w 952.41  0 32 25 44048  2 830317 127248 2.6 36 14 1 2 26% 13721619 11030 65%
c x 953.67  0 32 25 44048  2 830317 127247 2.6 36 14 1 2 26% 13721593 11030 65%
c t 953.83  0 32 25 44048  2 830317 127230 2.6 36 14 1 2 26% 13689574 11030 65%
c ] 957.62  0 33 25 44052  2 839590 135741 2.5 35 14 1 2 26% 13689574 11030 65%
c { 957.62  0 25 25 44052  4 839590 135741 2.9 20 7 1 2 32% 13689574 11030 65%
c i 962.10  0 25 25 44537  4 846547 141711 2.9 20 7 1 2 32% 13689574 11029 65%
c } 970.70  0 25 25 45485  4 859686 152798 2.9 21 7 1 2 32% 13689573 11029 65%
c [ 970.70  0 33 25 45485  2 859686 152798 2.5 35 14 1 2 26% 13689573 11029 65%
c i 971.01  0 33 25 45486  2 860757 153620 2.5 35 14 1 2 26% 13689573 11028 65%
c 
c  seconds   reductions    conflicts          size   tier2          variables
c          MB      restarts       redundant      glue   trail            remaining
c           level        rate           size/glue  tier1   irredundant
c 
c B 971.31  0 33 25 45486  2 861067 153899 2.5 35 14 1 2 26% 13689573 11028 65%
c ] 984.60  0 32 25 45503  2 897212 186527 2.4 35 14 1 2 24% 13689573 11028 65%
c { 984.60  0 25 25 45503  4 897212 186527 2.9 21 7 1 2 32% 13689573 11028 65%
c - 988.77  0 25 26 45829  4 901767 117394 2.9 20 7 1 2 32% 13627222 11028 65%
c 2 988.80  0 25 26 45829  4 901767 117391 2.9 20 7 1 2 32% 13627217 11028 65%
c d 989.05  0 25 26 45829  4 901767 117325 2.9 20 7 1 2 32% 13627215 11026 65%
c p 989.40  0 25 26 45829  4 901767 127934 2.9 20 7 1 2 32% 13627215 11026 65%
c 2 989.44  0 25 26 45829  4 901767 127929 2.9 20 7 1 2 32% 13627213 11026 65%
c t 989.50  0 25 26 45829  4 901767 127922 2.9 20 7 1 2 32% 13627212 11026 65%
c B 990.31  0 25 26 45924  4 903068 129007 2.9 20 7 1 2 32% 13627212 11026 65%
c i 993.76  0 24 26 46232  4 908652 133574 2.9 20 7 1 2 32% 13627212 11025 65%
c i 996.69  0 24 26 46369  4 912894 136914 2.9 20 7 1 2 32% 13627212 11023 65%
c } 997.89  0 24 26 46458  4 914789 138530 2.9 20 7 1 2 32% 13627212 11023 65%
c [ 997.89  0 32 26 46458  2 914789 138530 2.4 35 14 1 2 24% 13627212 11023 65%
c s 1009.20  0 30 26 46461  2 941036 162444 2.6 36 14 1 2 25% 13560440 11023 65%
c t 1009.38  0 30 26 46461  2 941036 162443 2.6 36 14 1 2 25% 13559406 11023 65%
c e 1009.71  0 30 26 46461  2 941036 155498 2.6 36 14 1 2 25% 13538841 10982 65%
c s 1010.05  0 30 26 46461  2 941036 155496 2.6 36 14 1 2 25% 13470681 10982 65%
c e 1010.34  0 30 26 46461  2 941036 155495 2.6 36 14 1 2 25% 13470677 10980 65%
c ] 1011.46  0 31 26 46461  2 942730 157075 2.6 37 14 1 2 25% 13470677 10980 65%
c 
c   seconds   reductions    conflicts          size  tier2          variables
c           MB      restarts       redundant      glue  trail            remaining
c            level        rate           size/glue tier1   irredundant
c 
c { 1011.46  0 24 26 46461  4 942730 157075 2.9 20 7 1 2 32% 13470677 10980 65%
c i 1012.46  0 24 26 46535  4 943723 157889 2.9 20 7 1 2 32% 13470677 10979 65%
c W 1021.28  0 24 26 46742  4 946069 156538 2.9 20 7 1 2 32% 13322275 10979 65%
c i 1022.82  0 23 26 46894  4 948047 158086 2.9 20 7 1 2 32% 13322275 10978 65%
c } 1032.26  0 23 26 47914  4 960891 168898 2.9 21 7 1 2 32% 13322274 10978 65%
c [ 1032.26  0 31 26 47914  2 960891 168898 2.6 37 14 1 2 25% 13322274 10978 65%
c - 1040.91  0 30 27 47922  2 976177 118234 2.7 38 14 1 2 25% 13322266 10978 65%
c 2 1040.94  0 30 27 47922  2 976177 118214 2.7 38 14 1 2 25% 13322207 10978 65%
c d 1041.17  0 30 27 47922  2 976177 118135 2.7 38 14 1 2 25% 13322200 10975 65%
c p 1041.77  0 30 27 47922  2 976177 134871 2.7 38 14 1 2 25% 13322200 10974 65%
c 2 1041.83  0 30 27 47922  2 976177 134868 2.7 38 14 1 2 25% 13322200 10974 65%
c = 1045.49  0 30 27 47922  2 976177 134845 2.7 38 14 1 2 25% 13322191 10970 65%
c u 1046.87  0 30 27 47922  2 976177 132723 2.7 38 14 1 2 25% 13322191 10970 65%
c v 1046.97  0 30 27 47922  2 976177 132706 2.7 38 14 1 2 25% 13322191 10970 65%
c w 1047.01  0 30 27 47922  2 976177 132706 2.7 38 14 1 2 25% 13322191 10970 65%
c x 1048.87  0 30 27 47922  2 976177 132706 2.7 38 14 1 2 25% 13321689 10970 65%
c t 1048.92  0 30 27 47922  2 976177 132693 2.7 38 14 1 2 25% 13316375 10970 65%
c ] 1051.17  0 30 27 47926  2 981078 137115 2.7 38 14 1 2 25% 13316375 10970 65%
c { 1051.17  0 23 27 47926  4 981078 137115 2.9 21 7 1 2 32% 13316375 10970 65%
c F 1058.75  0 23 27 48952  4 990074 145055 2.9 21 7 1 2 31% 13316374 10970 65%
c 
c   seconds   reductions    conflicts          size  tier2          variables
c           MB      restarts       redundant      glue  trail            remaining
c            level        rate           size/glue tier1   irredundant
c 
c i 1063.33  0 23 27 49343  4 997984 151518 2.9 21 7 1 2 31% 13316374 10967 65%
c } 1064.78  0 23 27 49487  4 1000790 153796 2.9 21 7 1 2 31% 13316374 10967 65%
c [ 1064.78  0 30 27 49487  2 1000790 153796 2.7 38 14 1 2 25% 13316374 10967 65%
c i 1066.82  0 30 27 49489  2 1006684 158601 2.6 37 14 1 2 25% 13316374 10966 65%
c W 1082.11  0 30 27 49503  2 1035075 179084 2.6 38 14 1 2 24% 13245398 10966 65%
c ] 1083.19  0 30 27 49504  2 1039148 182262 2.6 37 14 1 2 24% 13245398 10966 65%
c { 1083.19  0 23 27 49504  4 1039148 182262 2.9 21 7 1 2 31% 13245398 10966 65%
c - 1093.56  0 22 28 50512  4 1053354 123121 2.9 21 7 1 2 32% 13245398 10966 65%
c 2 1093.59  0 22 28 50512  4 1053354 123118 2.9 21 7 1 2 32% 13245397 10966 65%
c d 1093.82  0 22 28 50512  4 1053354 123076 2.9 21 7 1 2 32% 13245397 10963 65%
c p 1094.10  0 22 28 50512  4 1053354 130651 2.9 21 7 1 2 32% 13245397 10963 65%
c c 1096.86  0 22 28 50512  4 1053354 130599 2.9 21 7 1 2 32% 13273752 10963 65%
c d 1097.14  0 22 28 50512  4 1053354 130594 2.9 21 7 1 2 32% 13273750 10962 65%
c 2 1097.19  0 22 28 50512  4 1053354 130585 2.9 21 7 1 2 32% 13273748 10962 65%
c = 1100.33  0 22 28 50512  4 1053354 130576 2.9 21 7 1 2 32% 13273748 10959 65%
c t 1100.49  0 22 28 50512  4 1053354 130550 2.9 21 7 1 2 32% 13245411 10959 65%
c i 1102.46  0 22 28 50672  4 1057109 133611 2.9 21 7 1 2 31% 13245411 10956 65%
c } 1104.08  0 22 28 50812  4 1059600 135696 2.9 21 7 1 2 31% 13245411 10956 65%
c [ 1104.08  0 30 28 50812  2 1059600 135696 2.6 37 14 1 2 24% 13245411 10956 65%
c i 1104.80  0 29 28 50812  2 1061472 137076 2.6 36 14 1 2 24% 13245411 10955 65%
c 
c   seconds   reductions     conflicts          size   tier2          variables
c           MB      restarts        redundant      glue   trail            remaining
c            level        rate            size/glue  tier1   irredundant
c 
c O 1114.55  0 33 28 50814  2 1081076 154909 2.4 35 15 1 2 23% 13245411 10955 65%
c ] 1119.23  0 33 28 50815  2 1091759 164489 2.4 35 15 1 2 23% 13245411 10955 65%
c { 1119.23  0 22 28 50815  4 1091759 164489 2.9 21 7 1 2 31% 13245411 10955 65%
c i 1128.95  0 22 28 51907  4 1105268 175649 2.9 21 7 1 2 32% 13245411 10953 65%
c i 1128.96  0 22 28 51907  4 1105296 175662 2.9 21 7 1 2 32% 13245411 10952 65%
c } 1132.43  0 22 28 52376  4 1110648 180239 2.9 21 7 1 2 31% 13245411 10952 65%
c [ 1132.43  0 33 28 52376  2 1110648 180239 2.4 35 15 1 2 23% 13245411 10952 65%
c i 1137.92  0 31 28 52376  2 1126152 193453 2.4 34 14 1 2 23% 13245411 10950 65%
c B 1139.07  0 31 28 52376  2 1128077 195201 2.4 34 14 1 2 23% 13245411 10950 65%
c - 1141.51  0 31 29 52376  2 1133462 122693 2.4 34 14 1 2 24% 12948690 10950 65%
c 2 1141.54  0 31 29 52376  2 1133462 122684 2.4 34 14 1 2 24% 12948684 10950 65%
c d 1141.79  0 31 29 52376  2 1133462 122671 2.4 34 14 1 2 24% 12948659 10939 65%
c p 1142.38  0 31 29 52376  2 1133462 137394 2.4 34 14 1 2 24% 12948659 10939 65%
c 2 1142.42  0 31 29 52376  2 1133462 137352 2.4 34 14 1 2 24% 12948657 10939 65%
c u 1147.26  0 31 29 52376  2 1133462 136590 2.4 34 14 1 2 24% 12948657 10939 65%
c v 1147.34  0 31 29 52376  2 1133462 136587 2.4 34 14 1 2 24% 12948657 10939 65%
c w 1147.39  0 31 29 52376  2 1133462 136587 2.4 34 14 1 2 24% 12948657 10939 65%
c x 1150.09  0 31 29 52376  2 1133462 136587 2.4 34 14 1 2 24% 12947357 10939 65%
c t 1150.15  0 31 29 52376  2 1133462 136419 2.4 34 14 1 2 24% 12943869 10939 65%
c ] 1153.26  0 31 29 52379  2 1142119 143787 2.4 33 14 1 2 24% 12943869 10939 65%
c 
c   seconds   reductions     conflicts          size  tier2          variables
c           MB      restarts        redundant      glue  trail            remaining
c            level        rate            size/glue tier1   irredundant
c 
c { 1153.26  0 22 29 52379  4 1142119 143787 2.9 21 7 1 2 31% 12943869 10939 65%
c i 1155.62  0 22 29 52550  4 1145872 146869 2.9 21 7 1 2 31% 12943869 10938 65%
c s 1156.25  0 22 29 52578  4 1146252 147200 2.9 21 7 1 2 31% 12869957 10938 65%
c t 1156.42  0 22 29 52578  4 1146252 147200 2.9 21 7 1 2 31% 12868509 10938 65%
c e 1156.74  0 22 29 52578  4 1146252 145768 2.9 21 7 1 2 31% 12868393 10911 65%
c s 1157.07  0 22 29 52578  4 1146252 145756 2.9 21 7 1 2 31% 12811284 10911 65%
c i 1160.14  0 22 29 52846  4 1149832 148868 2.9 21 7 1 2 31% 12811284 10910 65%
c i 1170.41  0 22 29 54327  4 1163934 161102 2.9 21 7 1 2 31% 12811283 10909 65%
c } 1170.86  0 22 29 54387  4 1164558 161647 2.9 21 7 1 2 31% 12811283 10909 65%
c [ 1170.86  0 31 29 54387  2 1164558 161647 2.4 33 14 1 2 24% 12811283 10909 65%
c W 1182.77  0 29 29 54393  1 1176081 168732 2.4 33 14 1 2 25% 12791508 10909 65%
c i 1186.80  0 28 29 54399  1 1187870 178633 2.4 32 13 1 2 24% 12791508 10907 65%
c ] 1191.94  0 28 29 54406  1 1204301 193503 2.4 31 13 1 2 24% 12791508 10907 65%
c { 1191.94  0 22 29 54406  4 1204301 193503 2.9 21 7 1 2 31% 12791508 10907 65%
c i 1194.45  0 22 29 54675  4 1208392 196912 2.9 21 7 1 2 31% 12791508 10905 65%
c - 1200.50  0 22 30 55223  4 1216297 124754 2.9 21 7 1 2 31% 12705728 10905 65%
c 2 1200.53  0 22 30 55223  4 1216297 124732 2.9 21 7 1 2 31% 12705676 10905 65%
c d 1200.76  0 22 30 55223  4 1216297 124723 2.9 21 7 1 2 31% 12705662 10899 65%
c p 1201.18  0 22 30 55223  4 1216297 135858 2.9 21 7 1 2 31% 12705662 10899 65%
c c 1203.91  0 22 30 55223  4 1216297 135849 2.9 21 7 1 2 31% 12732618 10899 65%
c 
c   seconds   reductions     conflicts          size  tier2          variables
c           MB      restarts        redundant      glue  trail            remaining
c            level        rate            size/glue tier1   irredundant
c 
c d 1204.18  0 22 30 55223  4 1216297 135845 2.9 21 7 1 2 31% 12732614 10897 65%
c 2 1204.23  0 22 30 55223  4 1216297 135838 2.9 21 7 1 2 31% 12732611 10897 65%
c u 1205.32  0 22 30 55223  4 1216297 135434 2.9 21 7 1 2 31% 12732611 10897 65%
c v 1205.33  0 22 30 55223  4 1216297 135434 2.9 21 7 1 2 31% 12732611 10897 65%
c w 1205.33  0 22 30 55223  4 1216297 135434 2.9 21 7 1 2 31% 12732611 10897 65%
c x 1206.48  0 22 30 55223  4 1216297 135433 2.9 21 7 1 2 31% 12731866 10897 65%
c t 1206.62  0 22 30 55223  4 1216297 135392 2.9 21 7 1 2 31% 12701589 10897 65%
c i 1209.00  0 22 30 55533  4 1219670 138132 2.9 21 7 1 2 30% 12701589 10896 65%
c i 1212.44  0 22 30 55898  4 1224709 142279 2.9 21 7 1 2 31% 12701589 10895 65%
c B 1212.71  0 22 30 55921  4 1225083 142589 2.9 21 7 1 2 30% 12701589 10895 65%
c } 1214.45  0 22 30 56203  4 1227623 144815 2.9 22 7 1 2 30% 12701589 10895 65%
c [ 1214.45  0 28 30 56203  1 1227623 144815 2.4 31 13 1 2 24% 12701589 10895 65%
c ] 1226.70  0 26 30 56212  1 1253384 167795 2.7 35 13 1 2 26% 12701588 10895 65%
c { 1226.70  0 22 30 56212  4 1253384 167795 2.9 22 7 1 2 30% 12701588 10895 65%
c i 1229.80  0 22 30 56634  4 1257745 171539 2.9 22 7 1 2 30% 12701588 10894 65%
c i 1239.15  0 21 30 57707  4 1273346 184332 2.9 21 7 1 2 30% 12701588 10893 65%
c W 1244.28  0 21 30 57803  4 1275087 181931 2.9 21 7 1 2 30% 12557762 10893 65%
c } 1247.59  0 21 30 58246  4 1279669 185899 2.9 22 7 1 2 30% 12557762 10893 65%
c [ 1247.59  0 26 30 58246  1 1279669 185899 2.7 35 13 1 2 26% 12557762 10893 65%
c i 1254.65  0 25 30 58249  1 1297752 201171 2.7 35 13 1 2 26% 12557762 10892 65%
c 
c   seconds   reductions     conflicts          size   tier2          variables
c           MB      restarts        redundant      glue   trail            remaining
c            level        rate            size/glue  tier1   irredundant
c 
c - 1256.56  0 25 31 58252  1 1301879 127791 2.7 35 13 1 2 26% 12557752 10892 65%
c 2 1256.58  0 25 31 58252  1 1301879 127787 2.7 35 13 1 2 26% 12557750 10892 65%
c d 1256.82  0 25 31 58252  1 1301879 127770 2.7 35 13 1 2 26% 12557744 10890 65%
c p 1257.31  0 25 31 58252  1 1301879 140047 2.7 35 13 1 2 26% 12557744 10890 65%
c c 1259.93  0 25 31 58252  1 1301879 140046 2.7 35 13 1 2 26% 12584636 10890 65%
c d 1260.17  0 25 31 58252  1 1301879 140046 2.7 35 13 1 2 26% 12584634 10889 65%
c 2 1260.22  0 25 31 58252  1 1301879 140044 2.7 35 13 1 2 26% 12584633 10889 65%
c u 1265.32  0 25 31 58252  1 1301879 139069 2.7 35 13 1 2 26% 12584633 10889 65%
c v 1265.94  0 25 31 58252  1 1301879 138951 2.7 35 13 1 2 26% 12584633 10889 65%
c w 1265.96  0 25 31 58252  1 1301879 138951 2.7 35 13 1 2 26% 12584633 10889 65%
c x 1266.81  0 25 31 58252  1 1301879 138951 2.7 35 13 1 2 26% 12584390 10889 65%
c t 1266.94  0 25 31 58252  1 1301879 138926 2.7 35 13 1 2 26% 12556339 10889 65%
c ] 1271.04  0 26 31 58257  1 1312565 148580 2.7 34 13 1 2 26% 12556339 10889 65%
c { 1271.04  0 21 31 58257  4 1312565 148580 2.9 22 7 1 2 30% 12556339 10889 65%
c # 1279.58  0 21 31 59261  4 1326089 159885 2.9 22 7 1 2 30% 12556339 10889 65%
c i 1279.87  0 21 31 59261  4 1326837 160376 2.9 22 7 1 2 30% 12556339 10887 65%
c } 1287.41  0 21 31 60139  3 1339240 170767 2.9 22 7 1 2 30% 12556339 10887 65%
c [ 1287.41  0 26 31 60139  1 1339240 170767 2.7 34 13 1 2 26% 12556339 10887 65%
c i 1290.36  0 24 31 60143  1 1350010 179527 2.7 33 12 1 2 25% 12556339 10881 65%
c s 1299.89  0 26 31 60153  1 1370596 198278 2.7 35 13 1 2 25% 12497873 10881 65%
c 
c   seconds   reductions     conflicts          size   tier2          variables
c           MB      restarts        redundant      glue   trail            remaining
c            level        rate            size/glue  tier1   irredundant
c 
c t 1300.05  0 26 31 60153  1 1370596 198278 2.7 35 13 1 2 25% 12496457 10881 65%
c e 1300.35  0 26 31 60153  1 1370596 189138 2.7 35 13 1 2 25% 12218148 10837 64%
c s 1300.68  0 26 31 60153  1 1370596 189137 2.7 35 13 1 2 25% 12170152 10837 64%
c e 1300.95  0 26 31 60153  1 1370596 189096 2.7 35 13 1 2 25% 12170147 10834 64%
c I 1303.37  0 26 31 60157  1 1378090 195845 2.6 35 13 1 2 24% 12170147 10834 64%
c ] 1303.39  0 26 31 60157  1 1378140 195887 2.6 35 13 1 2 24% 12170147 10834 64%
c { 1303.39  0 21 31 60157  3 1378140 195887 2.9 22 7 1 2 30% 12170147 10834 64%
c - 1312.21  0 21 32 61233  3 1390272 130735 2.9 22 8 1 2 30% 12170147 10834 64%
c 2 1312.23  0 21 32 61233  3 1390272 130720 2.9 22 8 1 2 30% 12170074 10834 64%
c p 1312.72  0 21 32 61233  3 1390272 143663 2.9 22 8 1 2 30% 12170074 10834 64%
c c 1315.27  0 21 32 61233  3 1390272 143663 2.9 22 8 1 2 30% 12194584 10834 64%
c d 1315.53  0 21 32 61233  3 1390272 143659 2.9 22 8 1 2 30% 12194582 10833 64%
c 2 1315.58  0 21 32 61233  3 1390272 143657 2.9 22 8 1 2 30% 12194581 10833 64%
c u 1316.79  0 21 32 61233  3 1390272 143067 2.9 22 8 1 2 30% 12194581 10831 64%
c v 1317.29  0 21 32 61233  3 1390272 142938 2.9 22 8 1 2 30% 12194581 10831 64%
c x 1318.11  0 21 32 61233  3 1390272 142938 2.9 22 8 1 2 30% 12194289 10831 64%
c t 1318.23  0 21 32 61233  3 1390272 142924 2.9 22 8 1 2 30% 12168142 10831 64%
c i 1322.26  0 21 32 61752  3 1396770 148495 2.9 22 8 1 2 29% 12168141 10830 64%
c } 1328.52  0 21 32 62452  3 1407659 157757 2.9 22 8 1 2 29% 12168141 10830 64%
c [ 1328.52  0 26 32 62452  1 1407659 157757 2.6 35 13 1 2 24% 12168141 10830 64%
c 
c   seconds   reductions     conflicts          size   tier2          variables
c           MB      restarts        redundant      glue   trail            remaining
c            level        rate            size/glue  tier1   irredundant
c 
c i 1328.87  0 26 32 62452  1 1408721 158551 2.6 35 13 1 2 24% 12168141 10829 64%
c B 1338.38  0 28 32 62454  1 1431091 179161 2.6 36 14 1 2 23% 12168141 10829 64%
c ] 1342.72  0 28 32 62455  1 1440080 186899 2.6 36 14 1 2 23% 12168141 10829 64%
c { 1342.72  0 21 32 62455  3 1440080 186899 2.9 22 8 1 2 29% 12168141 10829 64%
c i 1349.61  0 21 32 63101  3 1452160 196605 2.9 22 8 1 2 29% 12168141 10828 64%
c i 1357.56  0 20 32 63864  3 1466676 208595 2.9 22 8 1 2 29% 12168141 10827 64%
c } 1361.02  0 20 32 64241  3 1472041 212981 2.9 22 8 1 2 29% 12168141 10827 64%
c [ 1361.02  0 28 32 64241  1 1472041 212981 2.6 36 14 1 2 23% 12168141 10827 64%
c - 1364.39  0 28 33 64241  1 1481218 138842 2.6 36 14 1 2 23% 11979287 10827 64%
c 2 1364.41  0 28 33 64241  1 1481218 138839 2.6 36 14 1 2 23% 11978071 10827 64%
c d 1364.64  0 28 33 64241  1 1481218 138836 2.6 36 14 1 2 23% 11978046 10819 64%
c p 1365.15  0 28 33 64241  1 1481218 148579 2.6 36 14 1 2 23% 11978046 10819 64%
c c 1367.60  0 28 33 64241  1 1481218 148572 2.6 36 14 1 2 23% 12002632 10819 64%
c d 1367.85  0 28 33 64241  1 1481218 148570 2.6 36 14 1 2 23% 12002630 10818 64%
c 2 1367.90  0 28 33 64241  1 1481218 148570 2.6 36 14 1 2 23% 12002628 10818 64%
c u 1369.07  0 28 33 64241  1 1481218 148122 2.6 36 14 1 2 23% 12002628 10818 64%
c v 1369.55  0 28 33 64241  1 1481218 147994 2.6 36 14 1 2 23% 12002628 10818 64%
c w 1369.56  0 28 33 64241  1 1481218 147994 2.6 36 14 1 2 23% 12002628 10818 64%
c x 1370.39  0 28 33 64241  1 1481218 147994 2.6 36 14 1 2 23% 12001303 10817 64%
c t 1370.51  0 28 33 64241  1 1481218 147897 2.6 36 14 1 2 23% 11976513 10817 64%
c 
c   seconds   reductions     conflicts          size   tier2          variables
c           MB      restarts        redundant      glue   trail            remaining
c            level        rate            size/glue  tier1   irredundant
c 
c W 1381.89  0 28 33 64241  1 1485092 151425 2.6 36 14 1 2 23% 11850483 10817 64%
c ] 1392.61  0 30 33 64242  1 1515468 178733 2.7 40 15 1 2 23% 11850483 10817 64%
c { 1392.61  0 20 33 64242  3 1515468 178733 2.9 22 8 1 2 29% 11850483 10817 64%
c B 1407.70  0 20 33 65947  3 1540094 199063 2.9 22 8 1 2 28% 11850483 10817 64%
c } 1411.45  0 19 33 66282  3 1548521 205837 2.8 21 8 1 2 28% 11850482 10817 64%
c [ 1411.45  0 30 33 66282  1 1548521 205837 2.7 40 15 1 2 23% 11850482 10817 64%
c i 1412.10  0 29 33 66282  1 1550232 207171 2.7 40 15 1 2 23% 11850482 10815 64%
c - 1421.95  0 31 34 66282  1 1574882 144649 2.9 45 16 1 2 22% 11850459 10815 64%
c 2 1421.97  0 31 34 66282  1 1574882 144640 2.9 45 16 1 2 22% 11850457 10815 64%
c d 1422.19  0 31 34 66282  1 1574882 144290 2.9 45 16 1 2 22% 11850457 10812 64%
c p 1422.63  0 31 34 66282  1 1574882 155872 2.9 45 16 1 2 22% 11850457 10812 64%
c = 1428.24  0 31 34 66282  1 1574882 155851 2.9 45 16 1 2 22% 11874824 10811 64%
c u 1429.30  0 31 34 66282  1 1574882 155267 2.9 45 16 1 2 22% 11874824 10811 64%
c v 1429.72  0 31 34 66282  1 1574882 155187 2.9 45 16 1 2 22% 11874824 10811 64%
c w 1429.72  0 31 34 66282  1 1574882 155187 2.9 45 16 1 2 22% 11874824 10811 64%
c x 1430.45  0 31 34 66282  1 1574882 155187 2.9 45 16 1 2 22% 11874305 10811 64%
c t 1430.55  0 31 34 66282  1 1574882 155159 2.9 45 16 1 2 22% 11849313 10811 64%
c ] 1435.46  0 34 34 66282  2 1587756 167221 2.7 47 17 1 2 23% 11849313 10811 64%
c { 1435.46  0 19 34 66282  3 1587756 167221 2.8 21 8 1 2 28% 11849313 10811 64%
c W 1444.85  0 19 34 66895  3 1596096 174183 2.9 22 8 1 2 28% 11849313 10811 64%
c 
c   seconds   reductions     conflicts          size  tier2          variables
c           MB      restarts        redundant      glue  trail            remaining
c            level        rate            size/glue tier1   irredundant
c 
c i 1447.56  0 19 34 67202  3 1600375 177607 2.9 22 8 1 2 28% 11849313 10810 64%
c i 1450.17  0 19 34 67413  3 1604685 180971 2.8 21 8 1 2 28% 11849313 10809 64%
c i 1454.01  0 19 34 67835  3 1611462 186466 2.8 21 8 1 2 28% 11849313 10808 64%
c s 1455.80  0 19 34 68056  3 1613802 188434 2.8 21 8 1 2 28% 11789129 10808 64%
c t 1455.96  0 19 34 68056  3 1613802 188433 2.8 21 8 1 2 28% 11787933 10808 64%
c e 1456.26  0 19 34 68056  3 1613802 181952 2.8 21 8 1 2 28% 11787799 10779 64%
c s 1456.60  0 19 34 68056  3 1613802 181949 2.8 21 8 1 2 28% 11735534 10779 64%
c e 1456.85  0 19 34 68056  3 1613802 181947 2.8 21 8 1 2 28% 11735532 10778 64%
c } 1460.58  0 19 34 68449  3 1619562 186801 2.9 21 8 1 2 28% 11735531 10778 64%
c [ 1460.58  0 34 34 68449  2 1619562 186801 2.7 47 17 1 2 23% 11735531 10778 64%
c O 1475.31  0 31 34 68450  1 1653097 217184 2.7 43 16 1 2 22% 11735531 10778 64%
c ] 1477.55  0 31 34 68450  1 1659212 222756 2.7 43 16 1 2 21% 11735531 10778 64%
c { 1477.55  0 19 34 68450  3 1659212 222756 2.9 21 8 1 2 28% 11735531 10778 64%
c i 1482.68  0 19 34 69019  3 1666564 228546 2.8 21 8 1 2 28% 11735531 10777 64%
c - 1485.82  0 19 35 69348  3 1671315 142433 2.8 21 8 1 2 28% 11735522 10777 64%
c 2 1485.85  0 19 35 69348  3 1671315 142421 2.8 21 8 1 2 28% 11735463 10777 64%
c d 1486.07  0 19 35 69348  3 1671315 142013 2.8 21 8 1 2 28% 11735461 10775 64%
c p 1486.59  0 19 35 69348  3 1671315 152923 2.8 21 8 1 2 28% 11735461 10775 64%
c 2 1486.63  0 19 35 69348  3 1671315 152913 2.8 21 8 1 2 28% 11735461 10775 64%
c u 1487.83  0 19 35 69348  3 1671315 151284 2.8 21 8 1 2 28% 11735461 10774 64%
c 
c   seconds   reductions     conflicts          size  tier2          variables
c           MB      restarts        redundant      glue  trail            remaining
c            level        rate            size/glue tier1   irredundant
c 
c v 1488.37  0 19 35 69348  3 1671315 151082 2.8 21 8 1 2 28% 11735461 10774 64%
c w 1488.38  0 19 35 69348  3 1671315 151082 2.8 21 8 1 2 28% 11735461 10774 64%
c x 1489.18  0 19 35 69348  3 1671315 151082 2.8 21 8 1 2 28% 11734689 10773 64%
c t 1489.23  0 19 35 69348  3 1671315 151060 2.8 21 8 1 2 28% 11732091 10773 64%
c i 1490.29  0 19 35 69466  3 1672941 152390 2.8 21 8 1 2 28% 11732091 10772 64%
c } 1501.24  0 19 35 70668  3 1694323 170081 2.8 21 8 1 2 27% 11732091 10772 64%
c [ 1501.24  0 31 35 70668  1 1694323 170081 2.7 43 16 1 2 21% 11732091 10772 64%
c B 1509.00  0 30 35 70668  1 1711101 184326 2.7 42 15 1 2 22% 11732091 10772 64%
c ] 1517.57  0 28 35 70668  1 1738906 208911 2.7 40 15 1 2 21% 11732091 10772 64%
c { 1517.57  0 19 35 70668  3 1738906 208911 2.8 21 8 1 2 27% 11732091 10772 64%
c i 1533.21  0 19 35 72803  3 1766237 231874 2.9 22 8 1 2 27% 11732091 10768 64%
c F 1535.39  0 19 35 73028  3 1770103 235021 2.8 22 8 1 2 27% 11732091 10768 64%
c - 1536.24  0 19 36 73029  3 1770518 146974 2.8 22 8 1 2 27% 11380417 10768 64%
c 2 1536.26  0 19 36 73029  3 1770518 146965 2.8 22 8 1 2 27% 11380413 10767 64%
c d 1536.46  0 19 36 73029  3 1770518 146720 2.8 22 8 1 2 27% 11380389 10758 64%
c p 1536.98  0 19 36 73029  3 1770518 160215 2.8 22 8 1 2 27% 11380389 10757 64%
c c 1539.36  0 19 36 73029  3 1770518 160175 2.8 22 8 1 2 27% 11403188 10757 64%
c d 1539.60  0 19 36 73029  3 1770518 159210 2.8 22 8 1 2 27% 11403184 10756 64%
c 2 1539.65  0 19 36 73029  3 1770518 159192 2.8 22 8 1 2 27% 11403182 10756 64%
c = 1543.05  0 19 36 73029  3 1770518 159189 2.8 22 8 1 2 27% 11403178 10755 64%
c 
c   seconds   reductions     conflicts          size  tier2          variables
c           MB      restarts        redundant      glue  trail            remaining
c            level        rate            size/glue tier1   irredundant
c 
c u 1544.21  0 19 36 73029  3 1770518 158735 2.8 22 8 1 2 27% 11403178 10753 64%
c v 1544.75  0 19 36 73029  3 1770518 158593 2.8 22 8 1 2 27% 11403178 10753 64%
c w 1544.75  0 19 36 73029  3 1770518 158593 2.8 22 8 1 2 27% 11403178 10753 64%
c x 1545.60  0 19 36 73029  3 1770518 158593 2.8 22 8 1 2 27% 11402637 10753 64%
c t 1545.71  0 19 36 73029  3 1770518 158498 2.8 22 8 1 2 27% 11379107 10753 64%
c i 1547.46  0 19 36 73151  3 1774191 161397 2.8 21 8 1 2 27% 11379107 10752 64%
c i 1548.29  0 19 36 73264  3 1775767 162665 2.8 21 8 1 2 27% 11379107 10751 64%
c } 1548.30  0 19 36 73264  3 1775769 162667 2.8 21 8 1 2 27% 11379107 10751 64%
c [ 1548.30  0 28 36 73264  1 1775769 162667 2.7 40 15 1 2 21% 11379107 10751 64%
c W 1572.72  0 27 36 73264  1 1830104 209817 2.7 38 14 1 2 18% 11298018 10751 64%
c ] 1578.40  0 26 36 73270  1 1844599 222455 2.6 37 14 1 2 17% 11298018 10751 64%
c { 1578.40  0 19 36 73270  3 1844599 222455 2.8 21 8 1 2 27% 11298018 10751 64%
c i 1589.23  0 19 36 74665  3 1862882 237677 2.8 22 8 1 2 26% 11298018 10749 64%
c - 1594.54  0 18 37 75195  3 1872181 151355 2.8 21 8 1 2 26% 11279490 10749 64%
c 2 1594.56  0 18 37 75195  3 1872181 151342 2.8 21 8 1 2 26% 11279486 10749 64%
c d 1594.77  0 18 37 75195  3 1872181 151333 2.8 21 8 1 2 26% 11279471 10743 64%
c p 1595.17  0 18 37 75195  3 1872181 157307 2.8 21 8 1 2 26% 11279471 10741 64%
c c 1597.66  0 18 37 75195  3 1872181 157277 2.8 21 8 1 2 26% 11302025 10741 64%
c d 1597.90  0 18 37 75195  3 1872181 157117 2.8 21 8 1 2 26% 11302013 10737 64%
c 2 1597.94  0 18 37 75195  3 1872181 157108 2.8 21 8 1 2 26% 11302007 10737 64%
c 
c   seconds   reductions     conflicts          size  tier2          variables
c           MB      restarts        redundant      glue  trail            remaining
c            level        rate            size/glue tier1   irredundant
c 
c t 1598.03  0 18 37 75195  3 1872181 157027 2.8 21 8 1 2 26% 11279431 10737 64%
c s 1600.80  0 18 37 75535  3 1876107 160362 2.8 22 8 1 2 26% 11231634 10737 64%
c t 1600.96  0 18 37 75535  3 1876107 160362 2.8 22 8 1 2 26% 11230283 10737 64%
c e 1601.25  0 18 37 75535  3 1876107 154386 2.8 22 8 1 2 26% 11230192 10706 64%
c s 1601.59  0 18 37 75535  3 1876107 154382 2.8 22 8 1 2 26% 11194095 10706 64%
c } 1606.05  0 18 37 75937  3 1884873 161769 2.8 21 8 1 2 26% 11194095 10706 64%
c [ 1606.05  0 26 37 75937  1 1884873 161769 2.6 37 14 1 2 17% 11194095 10706 64%
c I 1607.64  0 26 37 75939  1 1891105 166856 2.6 36 14 1 2 18% 11194095 10706 64%
c ] 1623.79  0 26 37 75961  1 1941029 210231 2.5 37 15 1 2 19% 11194095 10706 64%
c { 1623.79  0 18 37 75961  3 1941029 210231 2.8 21 8 1 2 26% 11194095 10706 64%
c B 1630.76  0 18 37 76800  3 1953107 220373 2.8 22 8 1 2 26% 11194095 10706 64%
c i 1634.62  0 18 37 77334  3 1959578 225702 2.8 22 8 1 2 26% 11194095 10704 64%
c i 1637.81  0 18 37 77599  3 1966966 231503 2.8 21 8 1 2 26% 11194095 10703 63%
c i 1641.34  0 18 37 77973  3 1973101 236572 2.8 22 8 1 2 26% 11194095 10702 63%
c - 1644.19  0 18 38 78176  3 1976587 150182 2.8 21 8 1 2 26% 11051816 10702 63%
c 2 1644.21  0 18 38 78176  3 1976587 150171 2.8 21 8 1 2 26% 11051743 10702 63%
c d 1644.41  0 18 38 78176  3 1976587 150164 2.8 21 8 1 2 26% 11051734 10697 63%
c p 1644.89  0 18 38 78176  3 1976587 161389 2.8 21 8 1 2 26% 11051734 10693 63%
c d 1645.13  0 18 38 78176  3 1976587 160171 2.8 21 8 1 2 26% 10861459 10692 63%
c d 1645.31  0 18 38 78176  3 1976587 160133 2.8 21 8 1 2 26% 10861447 10687 63%
c 
c   seconds   reductions     conflicts          size  tier2          variables
c           MB      restarts        redundant      glue  trail            remaining
c            level        rate            size/glue tier1   irredundant
c 
c c 1647.64  0 18 38 78176  3 1976587 160099 2.8 21 8 1 2 26% 10882894 10687 63%
c d 1647.86  0 18 38 78176  3 1976587 160099 2.8 21 8 1 2 26% 10882890 10685 63%
c 2 1647.91  0 18 38 78176  3 1976587 160096 2.8 21 8 1 2 26% 10882888 10685 63%
c u 1649.65  0 18 38 78176  3 1976587 157822 2.8 21 8 1 2 26% 10882888 10685 63%
c v 1650.69  0 18 38 78176  3 1976587 157518 2.8 21 8 1 2 26% 10882888 10685 63%
c w 1650.71  0 18 38 78176  3 1976587 157518 2.8 21 8 1 2 26% 10882888 10685 63%
c x 1652.12  0 18 38 78176  3 1976587 157518 2.8 21 8 1 2 26% 10881929 10685 63%
c t 1652.21  0 18 38 78176  3 1976587 157438 2.8 21 8 1 2 26% 10856916 10685 63%
c } 1655.10  0 18 38 78450  3 1982521 162436 2.8 21 8 1 2 26% 10856916 10685 63%
c [ 1655.10  0 26 38 78450  1 1982521 162436 2.5 37 15 1 2 19% 10856916 10685 63%
c i 1655.40  0 26 38 78450  1 1983774 163427 2.5 37 15 1 2 19% 10856916 10684 63%
c B 1666.43  0 25 38 78459  1 2016110 192609 2.8 40 14 1 2 19% 10856916 10684 63%
c ] 1672.60  0 25 38 78466  1 2035950 208966 2.7 39 14 1 2 19% 10856916 10684 63%
c { 1672.60  0 18 38 78466  3 2035950 208966 2.8 21 8 1 2 26% 10856916 10684 63%
c i 1673.21  0 18 38 78569  3 2036847 209621 2.8 21 8 1 2 26% 10856916 10683 63%
c i 1679.56  0 18 38 79366  3 2049116 219601 2.8 21 8 1 2 26% 10856916 10681 63%
c i 1682.35  0 18 38 79741  3 2053517 223198 2.8 21 8 1 2 26% 10856916 10680 63%
c i 1683.91  0 18 38 79891  3 2057068 225966 2.8 21 8 1 2 26% 10856916 10678 63%
c i 1684.62  0 18 38 79987  3 2058307 226967 2.8 21 8 1 2 26% 10856916 10677 63%
c i 1686.19  0 18 38 80172  3 2060624 228807 2.8 21 8 1 2 26% 10856916 10675 63%
c 
c   seconds   reductions     conflicts          size  tier2          variables
c           MB      restarts        redundant      glue  trail            remaining
c            level        rate            size/glue tier1   irredundant
c 
c } 1695.99  0 18 38 81684  3 2079130 243790 2.8 21 8 1 2 25% 10856916 10675 63%
c [ 1695.99  0 25 38 81684  1 2079130 243790 2.7 39 14 1 2 19% 10856916 10675 63%
c W 1701.40  0 25 38 81685  1 2080112 238221 2.7 38 14 1 2 19% 10577425 10675 63%
c - 1702.98  0 25 39 81687  1 2083556 152181 2.7 38 14 1 2 19% 10577425 10675 63%
c 2 1703.00  0 25 39 81687  1 2083556 152167 2.7 38 14 1 2 19% 10577420 10674 63%
c d 1703.18  0 25 39 81687  1 2083556 152156 2.7 38 14 1 2 19% 10577393 10665 63%
c d 1703.35  0 25 39 81687  1 2083556 152156 2.7 38 14 1 2 19% 10577390 10664 63%
c p 1703.91  0 25 39 81687  1 2083556 162462 2.7 38 14 1 2 19% 10577390 10664 63%
c c 1706.15  0 25 39 81687  1 2083556 162413 2.7 38 14 1 2 19% 10597629 10664 63%
c d 1706.36  0 25 39 81687  1 2083556 162409 2.7 38 14 1 2 19% 10597623 10661 63%
c 2 1706.41  0 25 39 81687  1 2083556 162388 2.7 38 14 1 2 19% 10597621 10661 63%
c = 1709.99  0 25 39 81687  1 2083556 162345 2.7 38 14 1 2 19% 10597596 10653 63%
c u 1711.14  0 25 39 81687  1 2083556 161744 2.7 38 14 1 2 19% 10597596 10653 63%
c v 1711.62  0 25 39 81687  1 2083556 161545 2.7 38 14 1 2 19% 10597596 10653 63%
c w 1711.64  0 25 39 81687  1 2083556 161545 2.7 38 14 1 2 19% 10597596 10653 63%
c x 1712.32  0 25 39 81687  1 2083556 161545 2.7 38 14 1 2 19% 10597437 10653 63%
c t 1712.41  0 25 39 81687  1 2083556 161390 2.7 38 14 1 2 19% 10576103 10653 63%
c O 1726.03  0 24 39 81701  1 2145117 214371 2.4 38 15 1 2 18% 10576103 10653 63%
c s 1729.04  0 23 39 81701  1 2156951 224562 2.5 37 15 1 2 17% 10538640 10653 63%
c t 1729.17  0 23 39 81701  1 2156951 224562 2.5 37 15 1 2 17% 10537461 10653 63%
c 
c   seconds   reductions     conflicts          size   tier2          variables
c           MB      restarts        redundant      glue   trail            remaining
c            level        rate            size/glue  tier1   irredundant
c 
c e 1729.43  0 23 39 81701  1 2156951 222642 2.5 37 15 1 2 17% 10537353 10630 63%
c s 1729.74  0 23 39 81701  1 2156951 222574 2.5 37 15 1 2 17% 10517704 10630 63%
c e 1729.97  0 23 39 81701  1 2156951 222141 2.5 37 15 1 2 17% 10517663 10615 63%
c ] 1733.52  0 23 39 81707  1 2170144 233006 2.4 35 15 1 2 16% 10517663 10615 63%
c { 1733.52  0 18 39 81707  3 2170144 233006 2.8 21 8 1 2 25% 10517663 10615 63%
c i 1733.67  0 18 39 81730  3 2170352 233137 2.8 21 8 1 2 25% 10517663 10614 63%
c i 1734.74  0 18 39 81825  3 2172513 234869 2.8 21 8 1 2 25% 10517663 10612 63%
c - 1746.07  0 17 40 83060  3 2192695 152420 2.7 21 8 1 2 25% 10499431 10612 63%
c 2 1746.09  0 17 40 83060  3 2192695 152402 2.7 21 8 1 2 25% 10499263 10612 63%
c d 1746.28  0 17 40 83060  3 2192695 152390 2.7 21 8 1 2 25% 10499261 10610 63%
c p 1746.46  0 17 40 83060  3 2192695 155540 2.7 21 8 1 2 25% 10499261 10610 63%
c t 1748.67  0 17 40 83060  3 2192695 155503 2.7 21 8 1 2 25% 10498544 10610 63%
c W 1759.02  0 17 40 84127  3 2211118 170509 2.7 21 8 1 2 25% 10498544 10610 63%
c } 1762.29  0 17 40 84459  3 2217696 175853 2.7 21 8 1 2 25% 10498544 10610 63%
c [ 1762.29  0 23 40 84459  1 2217696 175853 2.4 35 15 1 2 16% 10498544 10610 63%
c i 1763.51  0 22 40 84460  1 2220811 178356 2.4 35 14 1 2 16% 10498544 10609 63%
c B 1777.66  0 21 40 84484  1 2278119 229489 2.5 34 13 1 2 14% 10498544 10609 63%
c - 1786.28  0 23 41 84491  1 2304536 155263 2.4 34 14 1 2 14% 10498529 10609 63%
c 2 1786.30  0 23 41 84491  1 2304536 155262 2.4 34 14 1 2 14% 10498529 10609 63%
c p 1786.59  0 23 41 84491  1 2304536 160293 2.4 34 14 1 2 14% 10498529 10609 63%
c 
c   seconds   reductions     conflicts          size   tier2          variables
c           MB      restarts        redundant      glue   trail            remaining
c            level        rate            size/glue  tier1   irredundant
c 
c = 1789.25  0 23 41 84491  1 2304536 160236 2.4 34 14 1 2 14% 10498529 10606 63%
c u 1790.77  0 23 41 84491  1 2304536 159045 2.4 34 14 1 2 14% 10498529 10606 63%
c ] 1790.77  0 23 41 84491  1 2304536 159045 2.4 34 14 1 2 14% 10498529 10606 63%
c ? 1790.77  0 23 41 84491  1 2304536 159045 2.4 34 14 1 2 14% 10498529 10606 63%
c 
c --- [ result ] -------------------------------------------------------------
c 
c UNKNOWN
c 
c --- [ run-time profiling ] -------------------------------------------------
c 
c process time taken by individual solving procedures
c (percentage relative to process time for solving)
c 
c      1299.97   72.72% search
c       647.41   36.22% unstable
c       561.27   31.40% stable
c       487.65   27.28% simplify
c       293.32   16.41% congruence
c        90.68    5.07% walk
c        72.93    4.08% sweep
c        61.65    3.45% vivify
c        10.53    0.59% probe
c        10.19    0.57% subsume
c         9.42    0.53% elim
c         3.15    0.18% parse
c         1.61    0.09% ternary
c         0.61    0.03% lucky
c         0.13    0.01% backbone
c   =================================
c      1787.62   99.82% solve
c 
c last line shows process time for solving
c (percentage relative to total process time)
c 
c --- [ statistics ] ---------------------------------------------------------
c 
c chronological:            810235        35.16 %  of conflicts
c conflicts:               2304536      1289.16    per second
c backbone:                1560607      9258.47 %  of vars
c decisions:               5950820      3328.91    per second
c eliminated:                 2152        12.77 %  of all variables
c fixed:                      1164         6.91 %  of all variables
c learned:                 2224672        96.53 %  per conflict
c learned_lits:          132797125       100.00 %  learned literals
c minimized:                     0         0.00 %  learned literals
c shrunken:               40711974        30.66 %  learned literals
c minishrunken:           27272548        20.54 %  learned literals
c otfs:                      13114         0.57 %  of conflict
c propagations:         1335295433         0.75 M  per second
c reduced:                 1684158        73.08 %  per conflict
c rephased:                     67     34396.06    interval
c restarts:                  84491        27.28    interval
c stabilizing:                  89        59.21 %  of conflicts
c substituted:                2934        17.41 %  of all variables
c sweep equivs:                364         0.76 %  of swept variables
c subsumed:                5111179        20.80 %  of all clauses
c strengthened:             165552         0.67 %  of all clauses
c ticks:              180099524138       146.30    propagation
c vivified:                  61920         0.25 %  of all clauses
c walked:                       21    109739.81    interval
c weakened:                  13555         2.37    average size
c congruence:                   29     79466.76    interval
c 
c seconds are measured in process time for solving
c 
c --- [ glue usage ] ---------------------------------------------------------
c 
c focused glue 1 used 9969539 clauses 77.89% accumulated 77.89% tier1
c focused glue 2 used 1714409 clauses 13.39% accumulated 91.29% tier2
c 
c stable glue 1 used 16570180 clauses 67.25% accumulated 67.25% tier1
c stable glue 2 used 2674663 clauses 10.85% accumulated 78.10% tier2
c 
c 
c --- [ resources ] ----------------------------------------------------------
c 
c total process time since initialization:      1790.77    seconds
c total real time since initialization:         1800.01    seconds
c maximum resident set size of process:         3544.22    MB
c 
c --- [ shutting down ] ------------------------------------------------------
c 
c exit 0
