c --- [ banner ] -------------------------------------------------------------
c 
c CaDiCaL SAT Solver
c Copyright (c) 2016-2026
c A. Biere, M. Fleury, N. Froleyks, K. Fazekas, F. Pollitt, T. Faller
c JKU Linz, University of Freiburg, TU Wien
c 
c Version 3.0.1 c60730422e758ef1cebe7aeddf2dda31c996bf04
c Apple clang version 17.0.0 (clang-1700.6.3.2) -Wall -Wextra -O3 -DNDEBUG -DNCLOSEFROM
c Wed Aug 12 12:29:40 CEST 2026 Darwin 192.168.1.2 24.6.0 arm64
c 
c --- [ proof tracing ] ------------------------------------------------------
c 
c opening file to write 'results/cnf/z15.lrat'
c writing non-binary proof trace to 'results/cnf/z15.lrat'
c 
c --- [ parsing input ] ------------------------------------------------------
c 
c reading DIMACS file from 'results/cnf/z15min3.cnf'
c opening file to read 'results/cnf/z15min3.cnf'
c found 'p cnf 16856 28850111' header
c parsed 28850111 clauses in 3.17 seconds process time
c 
c --- [ options ] ------------------------------------------------------------
c 
c   --binary=false                 (different from default 'true')
c   --lrat=true                    (different from default 'false')
c 
c --- [ solving ] ------------------------------------------------------------
c 
c time measured in process time since initialization
c 
c  seconds  reduction conflicts       size tier2          variables
c         MB    restarts   redundant    glue  trail            remaining
c          level     rate       size/glu tier1   irredundant
c 
c *  3.17  0  0 0   0  0    0    0 0.0 0 0 2 6  0% 28691529 16833 100%
c )  3.88  0  0 0   0  0    0    0 0.0 1 0 2 6  0% 28691529 16827 100%
c {  3.91  0  0 0   0  0    0    0 0.0 1 0 2 6  0% 28691529 16827 100%
c i  3.91  0  0 0   0  0    0    0 0.0 1 0 2 6  0% 28691529 16827 100%
c i  3.91  0  0 0   0  5    1    0 0.0 1 0 2 6  0% 28691529 16826 100%
c i  3.91  0  0 0   0  7    2    0 0.0 1 0 2 6  0% 28691529 16825 100%
c -  4.47  0 268 1   2  3  303  275 1.5 3 2 2 6  4% 28691478 16825 100%
c i  4.51  0 343 1   2  3  407  370 1.5 3 2 2 6  5% 28691478 16821 100%
c i  4.51  0 580 1   2  4  749  690 1.6 3 2 2 6  9% 28691478 16819 100%
c i  4.52  0 599 1   2  5  782  715 1.5 3 2 2 6  9% 28691478 16816 100%
c i  4.52  0 600 1   2  5  788  719 1.6 3 2 2 6  9% 28691478 16813 100%
c }  4.52  0 689 1   3  6 1001  919 1.6 3 2 2 6 11% 28691478 16812 100%
c [  4.52  0  0 1   3  0 1001  919 0.0 0 0 2 6  0% 28691478 16812 100%
c ]  4.57  0  0 1   3  0 1001  919 0.0 0 0 2 6  0% 28691478 16812 100%
c {  4.57  0 689 1   3  6 1001  919 1.6 3 2 2 6 11% 28691478 16812 100%
c O  4.57  0 688 1   3  6 1002  920 1.6 3 2 2 6 11% 28691478 16812 100%
c i  4.58  0 686 1   3  6 1005  921 1.6 3 2 2 6 11% 28691478 16810 100%
c i  4.58  0 685 1   3  6 1006  921 1.6 3 2 2 6 11% 28691478 16807 100%
c i  4.58  0 683 1   3  6 1011  924 1.6 3 2 2 6 11% 28691478 16805 100%
c i  4.58  0 677 1   3  6 1023  930 1.6 3 2 2 6 11% 28691478 16803 100%
c 
c  seconds   reduction conflicts       size tier2          variables
c         MB     restarts   redundant    glue  trail            remaining
c           level     rate       size/glu tier1   irredundant
c 
c i  4.58  0 676 1   3  6 1026  931 1.6 3 2 2 6 11% 28691478 16801 100%
c }  4.58  0 676 1   3  6 1026  931 1.6 3 2 2 6 11% 28691478 16801 100%
c [  4.58  0  0 1   3  0 1026  931 0.0 0 0 2 6  0% 28691478 16801 100%
c ]  4.65  0 75 1   3  2 1027  932 1.7 5 3 2 6 17% 28691478 16801 100%
c {  4.65  0 676 1   3  6 1027  932 1.6 3 2 2 6 11% 28691478 16801 100%
c i  4.65  0 673 1   3  6 1033  935 1.6 3 2 2 6 11% 28691478 16800 100%
c i  4.65  0 666 1   3  6 1047  943 1.6 3 2 2 6 11% 28691478 16796 100%
c i  4.67  0 652 1   3  6 1079  967 1.6 3 2 2 6 11% 28691478 16793 100%
c }  4.68  0 629 1   5  6 1121 1004 1.6 3 2 2 6 11% 28691478 16793 100%
c [  4.68  0 75 1   5  2 1121 1004 1.7 5 3 2 6 17% 28691478 16793 100%
c ]  4.71  0 75 1   5  2 1121 1004 1.7 5 3 2 6 17% 28691478 16793 100%
c {  4.71  0 629 1   5  6 1121 1004 1.6 3 2 2 6 11% 28691478 16793 100%
c i  4.73  0 624 1   8  6 1133 1013 1.6 3 2 2 6 11% 28691478 16791 100%
c }  4.74  0 619 1  10  6 1142 1021 1.6 3 2 2 6 11% 28691478 16791 100%
c [  4.74  0 75 1  10  2 1142 1021 1.7 5 3 2 6 17% 28691478 16791 100%
c ]  4.77  0 75 1  10  2 1142 1021 1.7 5 3 2 6 17% 28691478 16791 100%
c {  4.77  0 619 1  10  6 1142 1021 1.6 3 2 2 6 11% 28691478 16791 100%
c i  4.79  0 612 1  14  7 1155 1032 1.6 3 2 2 6 11% 28691478 16788 100%
c i  4.82  0 591 1  21  7 1198 1068 1.6 3 2 2 6 11% 28691478 16787 100%
c }  4.83  0 584 1  26  7 1213 1081 1.6 3 2 2 6 12% 28691478 16787 100%
c 
c  seconds  reduction conflicts       size tier2          variables
c         MB    restarts   redundant    glue  trail            remaining
c          level     rate       size/glu tier1   irredundant
c 
c [  4.83  0 75 1  26  2 1213 1081 1.7 5 3 2 6 17% 28691478 16787 100%
c i  4.85  0 1319 1  26  6 1501 1335 2.3 18 8 2 6 75% 28691478 16786 100%
c i  4.86  0 1303 1  26  4 1718 1520 2.2 18 8 2 6 75% 28691478 16783 100%
c -  8.02  0 1300 2  26  4 1808 1407 2.2 18 8 2 6 74% 28691213 16783 100%
c ]  8.06  0 1261 2  26  4 1826 1422 2.2 18 8 2 6 72% 28691213 16783 100%
c {  8.06  0 584 2  26  7 1826 1422 1.6 3 2 2 6 12% 28691213 16783 100%
c }  8.13  0 570 2  36  7 1865 1454 1.6 3 2 2 6 12% 28691213 16783 100%
c [  8.13  0 1261 2  36  4 1865 1454 2.2 18 8 2 6 72% 28691213 16783 100%
c i  8.13  0 1259 2  36  4 1866 1454 2.2 18 8 2 6 72% 28691213 16778 100%
c ]  8.19  0 1065 2  36  5 1986 1564 2.1 16 8 2 6 64% 28691213 16778 100%
c {  8.19  0 570 2  36  7 1986 1564 1.6 3 2 2 6 12% 28691213 16778 100%
c i  8.21  0 563 2  44  8 2017 1585 1.6 3 2 2 6 13% 28691213 16776 100%
c i  8.22  0 562 2  44  9 2024 1587 1.6 3 2 2 6 13% 28691213 16774 100%
c i  8.23  0 561 2  47  9 2033 1594 1.6 3 2 2 6 13% 28691213 16772 100%
c i  8.25  0 546 2  58 10 2078 1627 1.6 3 2 2 6 13% 28691213 16771 99%
c }  8.26  0 534 2  62 10 2113 1656 1.6 3 2 2 6 14% 28691213 16771 99%
c [  8.26  0 1065 2  62  5 2113 1656 2.1 16 8 2 6 64% 28691213 16771 99%
c i  8.27  0 1008 2  62  5 2169 1704 2.1 15 7 2 6 62% 28691213 16769 99%
c i  8.27  0 981 2  62  5 2198 1726 2.1 15 7 2 6 61% 28691213 16767 99%
c i  8.28  0 935 2  62  5 2250 1767 2.1 14 7 2 6 59% 28691213 16762 99%
c 
c  seconds   reduction conflicts       size  tier2          variables
c         MB     restarts   redundant     glue  trail            remaining
c           level     rate       size/glue tier1   irredundant
c 
c i  8.31  0 787 2  63  5 2597 2071 2.1 13 6 2 6 54% 28691213 16761 99%
c ]  8.33  0 702 2  63  5 2910 2346 2.0 12 6 2 6 50% 28691213 16761 99%
c {  8.33  0 534 2  63 10 2910 2346 1.6 3 2 2 6 14% 28691213 16761 99%
c i  8.35  0 525 2  71 11 2942 2370 1.6 3 2 2 6 14% 28691212 16760 99%
c O  8.39  0 506 2  89 11 3005 2418 1.6 3 2 2 6 15% 28691212 16760 99%
c }  8.44  0 477 2 113 11 3106 2505 1.6 3 2 2 6 16% 28691212 16760 99%
c [  8.44  0 702 2 113  5 3106 2505 2.0 12 6 2 6 50% 28691212 16760 99%
c i  8.45  0 664 2 113  5 3196 2585 2.0 12 6 2 6 48% 28691212 16757 99%
c i  8.48  0 577 2 113  5 3514 2859 2.0 11 5 2 6 46% 28691211 16756 99%
c i  8.48  0 574 2 113  5 3530 2872 2.0 11 5 2 6 46% 28691211 16753 99%
c i  8.48  0 572 2 113  5 3537 2876 2.0 11 5 2 6 46% 28691211 16751 99%
c i  8.49  0 519 2 113  4 3801 3109 2.0 11 5 2 6 45% 28691211 16748 99%
c i  8.53  0 457 2 114  4 4137 3403 2.0 10 5 2 6 43% 28691211 16743 99%
c ]  8.54  0 444 2 114  4 4224 3482 2.0 10 5 2 6 43% 28691211 16743 99%
c {  8.54  0 477 2 114 11 4224 3482 1.6 3 2 2 6 16% 28691211 16743 99%
c }  8.68  0 430 2 172 14 4453 3677 1.6 3 2 2 6 19% 28691211 16743 99%
c [  8.68  0 444 2 172  4 4453 3677 2.0 10 5 2 6 43% 28691211 16743 99%
c i  8.69  0 434 2 172  4 4526 3745 2.1 10 5 2 6 44% 28691211 16742 99%
c - 10.01  0 359 3 172  4 5483 4039 2.6 15 6 2 3 53% 28690946 16742 99%
c 2 10.12  0 355 3 172  4 5563 4093 2.7 16 6 2 3 54% 28690946 16736 99%
c 
c  seconds   reduction conflicts       size  tier2          variables
c         MB     restarts   redundant     glue  trail            remaining
c           level     rate       size/glue tier1   irredundant
c 
c d 10.55  0 355 3 172  4 5563 4085 2.7 16 6 2 3 54% 28690731 16644 99%
c p 10.66  0 355 3 172  4 5563 15202 2.7 16 6 2 3 54% 28690731 16644 99%
c c 17.34  0 355 3 172  4 5563 15202 2.7 16 6 2 3 54% 28712476 16641 99%
c d 17.84  0 355 3 172  4 5563 15188 2.7 16 6 2 3 54% 28710320 15683 93%
c 2 17.96  0 355 3 172  4 5563 14675 2.7 16 6 2 3 54% 28709212 15683 93%
c t 18.03  0 355 3 172  4 5563 14675 2.7 16 6 2 3 54% 28709134 15683 93%
c ] 18.18  0 345 3 172  4 5763 14863 2.4 17 7 2 3 53% 28709134 15683 93%
c { 18.18  0 430 3 172 14 5763 14863 1.6 3 2 2 6 19% 28709134 15683 93%
c # 18.33  0 393 3 235 16 6008 15067 1.7 4 2 2 6 22% 28709134 15683 93%
c i 18.37  0 379 3 258 17 6092 15138 1.7 4 2 2 3 23% 28709134 15682 93%
c } 18.38  0 374 3 266 16 6121 15163 1.7 4 2 2 3 23% 28709134 15682 93%
c [ 18.38  0 345 3 266  4 6121 15163 2.4 17 7 2 3 53% 28709134 15682 93%
c i 18.39  0 343 3 266  4 6172 15209 2.4 17 7 2 3 53% 28709134 15681 93%
c i 18.40  0 337 3 266  4 6248 15280 2.4 16 7 2 3 53% 28709134 15680 93%
c i 18.41  0 335 3 266  4 6270 15299 2.4 16 7 2 3 52% 28709134 15678 93%
c i 18.44  0 321 3 267  4 6658 15639 2.5 16 7 2 3 52% 28709134 15677 93%
c i 18.45  0 321 3 267  4 6663 15642 2.5 16 7 2 3 52% 28709134 15674 93%
c i 18.45  0 320 3 267  4 6666 15644 2.5 16 7 2 3 52% 28709134 15673 93%
c i 18.45  0 320 3 267  4 6674 15649 2.5 16 7 2 3 52% 28709134 15670 93%
c i 18.50  0 312 3 267  4 7163 16073 2.5 16 6 2 3 50% 28709134 15669 93%
c 
c  seconds   reduction conflicts        size  tier2          variables
c         MB     restarts    redundant     glue  trail            remaining
c           level     rate        size/glue tier1   irredundant
c 
c i 18.53  0 308 3 267  4 7539 16415 2.8 18 6 2 3 50% 28709134 15667 93%
c ] 18.55  0 307 3 267  4 7653 16517 2.9 19 7 2 3 50% 28709134 15667 93%
c { 18.55  0 374 3 267 16 7653 16517 1.7 4 2 2 3 23% 28709134 15667 93%
c i 18.71  0 350 3 333 18 7898 16722 1.7 4 2 2 3 24% 28709133 15666 93%
c } 18.75  0 347 3 342 18 7928 16747 1.7 4 2 2 3 24% 28709133 15666 93%
c [ 18.75  0 307 3 342  4 7928 16747 2.9 19 7 2 3 50% 28709133 15666 93%
c i 18.76  0 306 3 343  4 7947 16764 2.9 19 7 2 3 49% 28709133 15665 93%
c i 18.78  0 309 3 343  4 8006 16813 2.9 19 7 2 3 49% 28709133 15663 93%
c i 18.79  0 311 3 343  4 8054 16845 2.9 19 7 2 3 49% 28709133 15661 93%
c i 18.79  0 312 3 343  4 8061 16846 2.9 19 7 2 3 49% 28709133 15660 93%
c i 18.82  0 316 3 343  4 8159 16934 2.8 18 6 2 3 49% 28709133 15659 93%
c ] 18.94  0 329 3 343  4 8533 17255 2.8 18 6 2 3 48% 28709133 15659 93%
c { 18.94  0 347 3 343 18 8533 17255 1.7 4 2 2 3 24% 28709133 15659 93%
c i 18.95  0 344 3 349 18 8557 17274 1.7 4 2 2 3 24% 28709133 15658 93%
c i 19.14  0 330 3 399 20 8751 17446 1.7 4 2 2 3 25% 28709133 15657 93%
c } 19.17  0 328 3 404 20 8767 17461 1.7 4 2 2 3 25% 28709133 15657 93%
c [ 19.17  0 329 3 404  4 8767 17461 2.8 18 6 2 3 48% 28709133 15657 93%
c i 19.35  0 314 3 404  4 9220 17865 2.8 17 6 2 3 46% 28709133 15656 93%
c ] 19.36  0 313 3 404  4 9253 17896 2.8 17 6 2 3 46% 28709133 15656 93%
c { 19.36  0 328 3 404 20 9253 17896 1.7 4 2 2 3 25% 28709133 15656 93%
c 
c  seconds   reduction conflicts        size tier2          variables
c         MB     restarts    redundant    glue  trail            remaining
c           level     rate        size/glu tier1   irredundant
c 
c i 19.46  0 324 3 429 21 9340 17971 1.7 4 2 2 3 25% 28709133 15653 93%
c i 19.58  0 319 3 454 22 9426 18045 1.7 4 2 2 3 25% 28709133 15651 93%
c } 19.63  0 317 3 467 22 9476 18091 1.7 4 3 2 3 26% 28709133 15651 93%
c [ 19.63  0 313 3 467  4 9476 18091 2.8 17 6 2 3 46% 28709133 15651 93%
c ] 19.95  0 302 3 468  4 9809 18390 2.7 17 6 2 3 44% 28709133 15651 93%
c { 19.95  0 317 3 468 22 9809 18390 1.7 4 3 2 3 26% 28709133 15651 93%
c i 20.04  0 313 3 477 22 9842 18421 1.7 4 3 2 3 25% 28709133 15648 93%
c i 20.24  0 302 3 501 22 9976 18536 1.7 4 3 2 3 25% 28709133 15647 93%
c i 20.24  0 302 3 502 22 9977 18536 1.7 4 3 2 3 25% 28709133 15644 93%
c B 20.28  0 299 3 502 22 10009 18562 1.7 4 3 2 3 25% 28709133 15644 93%
c } 20.32  0 296 3 510 22 10056 18606 1.7 4 3 2 3 25% 28709133 15644 93%
c [ 20.32  0 302 3 510  4 10056 18606 2.7 17 6 2 3 44% 28709133 15644 93%
c i 20.39  0 300 3 510  4 10283 18806 2.8 17 6 2 3 44% 28709133 15643 93%
c ] 20.57  0 295 3 510  4 10958 19434 2.8 18 6 2 3 43% 28709133 15643 93%
c { 20.57  0 296 3 510 22 10958 19434 1.7 4 3 2 3 25% 28709133 15643 93%
c } 20.96  0 281 3 562 21 11157 19609 1.7 4 3 2 3 24% 28709133 15643 93%
c [ 20.96  0 295 3 562  4 11157 19609 2.8 18 6 2 3 43% 28709133 15643 93%
c i 20.98  0 293 3 562  4 11243 19687 2.8 18 6 2 3 43% 28709133 15642 93%
c ] 21.23  0 280 3 562  4 11840 20244 2.8 18 6 2 3 44% 28709133 15642 93%
c { 21.23  0 281 3 562 21 11840 20244 1.7 4 3 2 3 24% 28709133 15642 93%
c 
c  seconds   reductions conflicts       size tier2          variables
c         MB     restarts    redundant    glue  trail            remaining
c           level     rate        size/glu tier1   irredundant
c 
c - 22.89  0 278 4 569 21 11885 7000 1.7 4 3 2 3 24% 28708849 15642 93%
c 2 22.99  0 278 4 569 21 11885 6998 1.7 4 3 2 3 24% 28708849 15642 93%
c d 23.50  0 278 4 569 21 11885 6982 1.7 4 3 2 3 24% 28708773 15610 93%
c c 29.69  0 278 4 569 21 11885 6982 1.7 4 3 2 3 24% 28718404 15610 93%
c d 30.23  0 278 4 569 21 11885 6973 1.7 4 3 2 3 24% 28717685 15301 91%
c k 30.31  0 278 4 569 21 11885 6973 1.7 4 3 2 3 24% 28717685 15251 90%
c 2 30.35  0 278 4 569 21 11885 6950 1.7 4 3 2 3 24% 28717295 15251 90%
c t 30.43  0 278 4 569 21 11885 6950 1.7 4 3 2 3 24% 28717196 15251 90%
c i 30.63  0 277 4 569 21 11903 6964 1.7 4 3 2 3 25% 28717196 15249 90%
c i 30.68  0 275 4 573 21 11979 7032 1.7 4 3 2 3 25% 28717196 15248 90%
c i 30.73  0 272 4 584 21 12022 7070 1.7 4 3 2 3 25% 28717196 15246 90%
c i 30.76  0 269 4 591 20 12067 7108 1.7 4 3 2 3 25% 28717196 15245 90%
c i 30.77  0 268 4 592 20 12072 7110 1.7 4 3 2 3 25% 28717196 15241 90%
c } 30.85  0 268 4 597 21 12090 7126 1.7 5 3 2 3 25% 28717196 15241 90%
c [ 30.85  0 280 4 597  4 12090 7126 2.8 18 6 2 3 44% 28717196 15241 90%
c i 30.86  0 279 4 597  4 12157 7183 2.8 18 6 2 3 44% 28717196 15240 90%
c i 30.91  0 277 4 597  4 12254 7269 2.8 18 6 2 3 44% 28717196 15239 90%
c i 30.93  0 276 4 597  4 12288 7297 2.8 17 6 2 3 44% 28717196 15236 90%
c i 30.96  0 274 4 598  4 12398 7386 2.8 17 6 2 3 43% 28717196 15230 90%
c i 30.98  0 273 4 598  4 12444 7427 2.8 17 6 2 3 43% 28717196 15227 90%
c 
c  seconds   reductions conflicts       size  tier2          variables
c         MB     restarts    redundant     glue  trail            remaining
c           level     rate        size/glue tier1   irredundant
c 
c ] 31.22  0 273 4 598  4 13289 8190 2.8 18 6 2 3 42% 28717196 15226 90%
c { 31.22  0 268 4 598 21 13289 8190 1.7 5 3 2 3 25% 28717196 15226 90%
c i 31.22  0 268 4 599 21 13290 8190 1.7 5 3 2 3 25% 28717196 15224 90%
c i 31.44  0 259 4 640 20 13465 8337 1.7 5 3 2 3 25% 28717196 15222 90%
c i 31.48  0 256 4 652 20 13507 8376 1.7 5 3 2 3 25% 28717196 15220 90%
c i 31.49  0 256 4 654 20 13521 8386 1.7 5 3 2 3 25% 28717196 15218 90%
c i 31.60  0 249 4 672 20 13649 8493 1.7 5 3 2 3 25% 28717196 15216 90%
c i 31.61  0 248 4 672 20 13658 8497 1.7 5 3 2 3 25% 28717196 15212 90%
c i 31.62  0 248 4 672 20 13667 8504 1.7 5 3 2 3 25% 28717196 15211 90%
c i 31.62  0 247 4 672 20 13673 8506 1.7 5 3 2 3 25% 28717196 15210 90%
c } 31.81  0 242 4 682 19 13776 8597 1.7 5 3 2 3 25% 28717196 15210 90%
c [ 31.81  0 273 4 682  4 13776 8597 2.8 18 6 2 3 42% 28717196 15210 90%
c ] 32.16  0 265 4 682  4 14296 9031 2.8 18 6 2 3 42% 28717196 15210 90%
c { 32.16  0 242 4 682 19 14296 9031 1.7 5 3 2 3 25% 28717196 15210 90%
c i 32.26  0 241 4 689 19 14320 9050 1.7 5 3 2 3 25% 28717196 15209 90%
c } 32.65  0 235 4 725 19 14444 9161 1.7 5 3 2 3 25% 28717196 15207 90%
c [ 32.65  0 265 4 725  4 14444 9161 2.8 18 6 2 3 42% 28717196 15207 90%
c I 32.70  0 257 4 725  4 15011 9682 2.8 18 6 2 3 42% 28717195 15207 90%
c i 32.73  0 256 4 725  4 15079 9740 2.8 17 6 2 3 42% 28717195 15206 90%
c i 32.86  0 252 4 725  4 15241 9879 2.7 17 6 2 3 41% 28717195 15205 90%
c 
c  seconds   reductions conflicts        size  tier2          variables
c         MB     restarts     redundant     glue  trail            remaining
c           level     rate         size/glue tier1   irredundant
c 
c i 32.97  0 245 4 725  4 15803 10378 2.7 17 6 2 3 42% 28717194 15204 90%
c ] 33.06  0 240 4 725  4 16215 10751 2.7 17 6 2 3 42% 28717194 15204 90%
c { 33.06  0 235 4 725 19 16215 10751 1.7 5 3 2 3 25% 28717194 15204 90%
c i 33.36  0 229 4 772 20 16402 10908 1.7 5 3 2 3 25% 28717194 15202 90%
c i 33.57  0 226 4 788 19 16457 10956 1.7 5 3 2 3 25% 28717194 15200 90%
c } 33.78  0 221 4 816 19 16562 11045 1.7 5 3 2 3 25% 28717194 15200 90%
c [ 33.78  0 240 4 816  4 16562 11045 2.7 17 6 2 3 42% 28717194 15200 90%
c i 34.11  0 233 4 818  4 18802 13071 2.8 18 6 2 3 43% 28717194 15199 90%
c i 34.11  0 232 4 818  4 18815 13082 2.8 18 6 2 3 43% 28717194 15197 90%
c i 34.18  0 230 4 818  4 19487 13692 2.9 19 7 2 3 44% 28717194 15196 90%
c i 34.21  0 231 4 819  4 19877 14043 2.9 20 7 2 3 45% 28717194 15194 90%
c i 34.21  0 231 4 819  4 19884 14047 2.9 20 7 2 3 45% 28717194 15191 90%
c i 34.27  0 229 4 819  4 20060 14209 2.9 19 7 2 3 44% 28717194 15188 90%
c i 34.30  0 228 4 819  4 20179 14306 2.9 19 7 2 3 44% 28717194 15187 90%
c i 34.31  0 228 4 819  4 20198 14320 2.9 19 7 2 3 44% 28717194 15186 90%
c i 34.35  0 227 4 819  4 20270 14374 2.9 19 7 2 3 44% 28717194 15184 90%
c ] 34.38  0 227 4 819  4 20312 14398 2.9 19 7 2 3 44% 28717194 15184 90%
c { 34.38  0 221 4 819 19 20312 14398 1.7 5 3 2 3 25% 28717194 15184 90%
c i 34.65  0 212 4 872 19 20543 14602 1.7 5 3 2 3 25% 28717194 15183 90%
c i 34.86  0 205 4 930 19 20769 14791 1.7 5 3 2 3 25% 28717194 15178 90%
c 
c  seconds   reductions conflicts        size tier2          variables
c         MB     restarts     redundant    glue  trail            remaining
c           level     rate         size/glu tier1   irredundant
c 
c i 34.86  0 205 4 930 19 20772 14793 1.7 5 3 2 3 25% 28717194 15177 90%
c i 34.86  0 205 4 931 19 20778 14798 1.7 5 3 2 3 25% 28717194 15176 90%
c i 34.87  0 204 4 932 19 20799 14812 1.7 5 3 2 3 25% 28717194 15172 90%
c i 34.87  0 204 4 933 19 20804 14814 1.7 5 3 2 3 25% 28717194 15171 90%
c i 34.90  0 202 4 946 19 20900 14891 1.7 5 3 2 3 25% 28717194 15168 90%
c W 37.80  0 199 4 968 19 21012 14877 1.7 5 3 2 3 23% 28716307 15168 90%
c i 37.95  0 195 4 999 19 21187 15029 1.7 5 3 2 3 23% 28716307 15167 90%
c i 37.96  0 194 4 1002 19 21199 15039 1.7 5 3 2 3 23% 28716307 15166 90%
c } 38.00  0 193 4 1003 19 21221 15058 1.7 5 3 2 3 23% 28716307 15166 90%
c [ 38.00  0 227 4 1003  4 21221 15058 2.9 19 7 2 3 49% 28716307 15166 90%
c - 39.41  0 226 5 1003  4 21309 10774 2.9 19 7 2 3 49% 28716291 15166 90%
c 2 39.46  0 226 5 1003  4 21309 10744 2.9 19 7 2 3 49% 28716290 15166 90%
c d 39.97  0 226 5 1003  4 21309 10744 2.9 19 7 2 3 49% 28716162 15102 90%
c c 49.69  0 226 5 1003  4 21309 10744 2.9 19 7 2 3 49% 28718766 15102 90%
c d 50.21  0 226 5 1003  4 21309 10744 2.9 19 7 2 3 49% 28718764 15101 90%
c k 50.28  0 226 5 1003  4 21309 10744 2.9 19 7 2 3 49% 28718764 15084 89%
c 2 50.32  0 226 5 1003  4 21309 10744 2.9 19 7 2 3 49% 28718763 15084 89%
c t 50.40  0 226 5 1003  4 21309 10744 2.9 19 7 2 3 49% 28718660 15084 89%
c s 50.93  0 226 5 1003  4 21471 10884 2.9 19 7 1 2 49% 28578751 15084 89%
c t 51.22  0 226 5 1003  4 21471 10884 2.9 19 7 1 2 49% 28577943 15084 89%
c 
c  seconds   reductions  conflicts       size  tier2          variables
c         MB     restarts     redundant     glue  trail            remaining
c           level      rate        size/glue tier1   irredundant
c 
c e 51.88  0 226 5 1003  4 21471 8695 2.9 19 7 1 2 49% 28576166 13986 83%
c s 52.22  0 226 5 1003  4 21471 8695 2.9 19 7 1 2 49% 28523165 13986 83%
c ] 53.66  0 223 5 1003  4 22009 9194 2.9 19 7 1 2 48% 28523165 13986 83%
c { 53.66  0 193 5 1003 19 22009 9194 1.7 5 3 2 3 23% 28523165 13986 83%
c i 53.67  0 193 5 1003 18 22033 9216 1.7 5 3 2 3 22% 28523165 13985 83%
c i 54.32  0 180 5 1113 18 22556 9661 1.7 5 3 2 3 20% 28523163 13984 83%
c } 54.47  0 179 5 1132 18 22622 9715 1.7 5 3 2 3 20% 28523162 13984 83%
c [ 54.47  0 223 5 1132  4 22622 9715 2.9 19 7 1 2 48% 28523162 13984 83%
c i 54.66  0 224 5 1133  4 23681 10706 2.9 20 7 1 2 47% 28523161 13983 83%
c i 54.92  0 224 5 1133  4 24499 11456 2.9 21 7 1 2 47% 28523161 13981 83%
c i 54.92  0 224 5 1133  4 24500 11456 2.9 21 7 1 2 47% 28523161 13980 83%
c i 54.95  0 224 5 1134  4 24663 11595 2.9 21 7 1 2 46% 28523161 13979 83%
c ] 55.10  0 222 5 1135  4 26066 12837 2.9 21 7 1 2 45% 28523159 13979 83%
c { 55.10  0 179 5 1135 18 26066 12837 1.7 5 3 2 3 20% 28523159 13979 83%
c i 55.17  0 178 5 1152 18 26125 12885 1.7 5 3 2 3 20% 28523159 13978 83%
c i 55.43  0 175 5 1191 18 26272 13012 1.7 5 3 2 3 20% 28523156 13977 83%
c i 55.46  0 174 5 1195 18 26288 13021 1.7 5 3 2 3 20% 28523156 13976 83%
c i 55.47  0 174 5 1197 18 26292 13024 1.7 5 3 2 3 20% 28523156 13975 83%
c i 55.49  0 174 5 1199 18 26310 13038 1.7 5 3 2 3 20% 28523156 13974 83%
c i 55.50  0 174 5 1203 18 26323 13047 1.7 5 3 2 3 20% 28523156 13972 83%
c 
c  seconds   reductions  conflicts        size tier2          variables
c         MB     restarts      redundant    glue  trail            remaining
c           level      rate         size/glu tier1   irredundant
c 
c i 55.52  0 173 5 1210 18 26366 13080 1.7 5 3 2 3 19% 28523156 13971 83%
c i 55.52  0 171 5 1210 18 26451 13155 1.7 5 3 2 3 21% 28523156 13970 83%
c i 55.89  0 162 5 1323 17 27009 13639 1.7 5 3 2 3 22% 28523155 13966 83%
c } 56.10  0 159 5 1354 17 27198 13802 1.8 6 3 2 3 22% 28523154 13966 83%
c [ 56.10  0 222 5 1354  4 27198 13802 2.9 21 7 1 2 45% 28523154 13966 83%
c i 56.13  0 221 5 1354  4 27312 13907 2.9 21 7 1 2 45% 28523153 13965 83%
c B 56.39  0 215 5 1354  4 28013 14563 2.9 21 7 1 2 45% 28523153 13965 83%
c ] 56.82  0 214 5 1355  4 29040 15490 2.9 22 8 1 2 44% 28523151 13965 83%
c { 56.82  0 159 5 1355 17 29040 15490 1.8 6 3 2 3 22% 28523151 13965 83%
c i 56.93  0 158 5 1375 17 29138 15580 1.8 6 3 2 3 22% 28523151 13963 83%
c i 57.73  0 149 5 1488 16 29741 16091 1.8 6 3 2 3 22% 28523146 13962 83%
c i 57.75  0 148 5 1488 16 29805 16130 1.8 6 3 2 3 21% 28523146 13961 83%
c } 57.95  0 145 5 1529 16 30005 16311 1.8 6 3 2 3 21% 28523145 13961 83%
c [ 57.95  0 214 5 1529  4 30005 16311 2.9 22 8 1 2 44% 28523145 13961 83%
c i 58.06  0 210 5 1529  4 30809 17050 2.9 22 8 1 2 44% 28523144 13960 83%
c i 58.35  0 196 5 1529  4 33030 19114 2.9 23 8 1 2 44% 28523143 13958 83%
c - 59.94  0 195 6 1529  3 33927 13639 3.0 24 8 1 2 44% 28522907 13958 83%
c 2 59.99  0 195 6 1529  3 33927 13603 3.0 24 8 1 2 44% 28522191 13948 83%
c d 60.49  0 195 6 1529  3 33927 13577 3.0 24 8 1 2 44% 28522079 13938 83%
c c 67.07  0 195 6 1529  3 33927 13572 3.0 24 8 1 2 44% 28522586 13932 83%
c 
c  seconds   reductions  conflicts        size  tier2          variables
c         MB     restarts      redundant     glue  trail            remaining
c           level      rate         size/glue tier1   irredundant
c 
c k 67.59  0 195 6 1529  3 33927 13571 3.0 24 8 1 2 44% 28522584 13918 83%
c = 69.28  0 195 6 1529  3 33927 13506 3.0 24 8 1 2 44% 28521481 13728 81%
c t 69.41  0 195 6 1529  3 33927 13506 3.0 24 8 1 2 44% 28521307 13728 81%
c ] 69.70  0 188 6 1530  3 35331 14757 3.0 24 8 1 2 44% 28521306 13728 81%
c { 69.70  0 145 6 1530 16 35331 14757 1.8 6 3 2 3 21% 28521306 13728 81%
c i 70.38  0 142 6 1583 16 35564 14956 1.8 6 3 2 3 22% 28521304 13724 81%
c i 70.38  0 142 6 1584 16 35569 14960 1.8 6 3 2 3 22% 28521304 13721 81%
c i 70.53  0 140 6 1619 16 35712 15086 1.8 6 3 2 3 22% 28521303 13720 81%
c } 70.85  0 138 6 1650 16 35935 15283 1.8 6 3 2 3 22% 28521303 13720 81%
c [ 70.85  0 188 6 1650  3 35935 15283 3.0 24 8 1 2 44% 28521303 13720 81%
c W 72.39  0 188 6 1650  3 36016 15339 3.0 24 8 1 2 44% 28521239 13720 81%
c i 72.39  0 188 6 1650  3 36016 15339 3.0 24 8 1 2 44% 28521239 13718 81%
c i 72.58  0 186 6 1650  3 36452 15724 3.0 24 8 1 2 43% 28521239 13717 81%
c i 72.61  0 186 6 1650  3 36507 15773 3.0 24 8 1 2 43% 28521239 13716 81%
c i 73.16  0 181 6 1650  3 37241 16438 3.0 24 8 1 2 43% 28521239 13715 81%
c ] 73.17  0 181 6 1650  3 37246 16442 3.0 24 8 1 2 43% 28521239 13715 81%
c { 73.17  0 138 6 1650 16 37246 16442 1.8 6 3 2 3 22% 28521239 13715 81%
c } 74.45  0 131 6 1790 15 37849 16974 1.8 6 3 2 3 22% 28521236 13715 81%
c [ 74.45  0 181 6 1790  3 37849 16974 3.0 24 8 1 2 43% 28521236 13715 81%
c ] 75.33  0 161 6 1790  3 43746 22407 3.0 25 8 1 2 43% 28521235 13715 81%
c 
c  seconds   reductions  conflicts        size tier2          variables
c         MB     restarts      redundant    glue  trail            remaining
c           level      rate         size/glu tier1   irredundant
c 
c { 75.33  0 131 6 1790 15 43746 22407 1.8 6 3 2 3 22% 28521235 13715 81%
c i 75.34  0 131 6 1793 15 43754 22414 1.8 6 3 2 3 22% 28521235 13714 81%
c i 76.27  0 128 6 1908 16 44188 22797 1.8 6 3 2 3 23% 28521233 13713 81%
c } 76.46  0 128 6 1936 16 44288 22885 1.8 6 3 2 3 23% 28521233 13713 81%
c [ 76.46  0 161 6 1936  3 44288 22885 3.0 25 8 1 2 43% 28521233 13713 81%
c O 76.92  0 161 6 1937  3 45021 23547 3.0 26 8 1 2 43% 28521233 13713 81%
c i 77.18  0 158 6 1937  3 45668 24119 3.0 25 8 1 2 43% 28521233 13712 81%
c i 77.18  0 158 6 1937  3 45702 24142 3.0 25 8 1 2 43% 28521233 13711 81%
c ] 77.71  0 150 6 1940  3 49347 27455 3.1 27 9 1 2 43% 28521233 13711 81%
c { 77.71  0 128 6 1940 16 49347 27455 1.8 6 3 2 3 23% 28521233 13711 81%
c - 80.12  0 124 7 2044 15 49834 18777 1.8 6 3 2 3 23% 28521157 13711 81%
c 2 80.19  0 124 7 2044 15 49834 18772 1.8 6 3 2 3 23% 28521153 13709 81%
c d 80.68  0 124 7 2044 15 49834 18756 1.8 6 3 2 3 23% 28521106 13699 81%
c k 86.79  0 124 7 2044 15 49834 18756 1.8 6 3 2 3 23% 28521334 13697 81%
c t 86.93  0 124 7 2044 15 49834 18756 1.8 6 3 2 3 23% 28521125 13697 81%
c } 87.45  0 122 7 2084 15 50009 18907 1.8 6 3 2 3 23% 28521124 13697 81%
c [ 87.45  0 150 7 2084  3 50009 18907 3.1 27 9 1 2 43% 28521124 13697 81%
c ] 88.32  0 146 7 2086  3 52010 20739 3.1 27 9 1 2 43% 28521124 13697 81%
c { 88.32  0 122 7 2086 15 52010 20739 1.8 6 3 2 3 23% 28521124 13697 81%
c i 88.52  0 121 7 2116 15 52133 20854 1.8 6 3 2 3 23% 28521124 13696 81%
c 
c  seconds   reductions  conflicts        size tier2          variables
c         MB     restarts      redundant    glue  trail            remaining
c           level      rate         size/glu tier1   irredundant
c 
c } 89.61  0 118 7 2238 15 52662 21322 1.8 6 4 2 3 23% 28521123 13695 81%
c [ 89.61  0 146 7 2238  3 52662 21322 3.1 27 9 1 2 43% 28521123 13695 81%
c i 89.96  0 144 7 2238  3 53238 21840 3.1 27 9 1 2 43% 28521122 13694 81%
c ] 90.53  0 140 7 2238  3 54460 22986 3.2 28 9 1 2 43% 28521121 13694 81%
c { 90.53  0 118 7 2238 15 54460 22986 1.8 6 4 2 3 23% 28521121 13694 81%
c i 91.20  0 115 7 2346 15 54994 23439 1.8 6 4 2 3 24% 28521120 13693 81%
c F 91.24  0 114 7 2346 15 55022 23460 1.8 6 4 2 3 24% 28521120 13693 81%
c i 92.24  0 109 7 2533 15 56026 24362 1.8 7 4 2 3 24% 28521119 13692 81%
c } 92.25  0 109 7 2533 15 56038 24372 1.8 7 4 2 3 24% 28521119 13692 81%
c [ 92.25  0 140 7 2533  3 56038 24372 3.2 28 9 1 2 43% 28521119 13692 81%
c i 92.30  0 140 7 2533  3 56123 24443 3.2 28 9 1 2 43% 28521119 13691 81%
c i 92.31  0 140 7 2534  3 56162 24474 3.2 28 9 1 2 43% 28521119 13689 81%
c i 92.60  0 142 7 2534  3 57509 25701 3.2 28 9 1 2 43% 28521119 13687 81%
c ] 93.33  0 143 7 2534  3 59213 27254 3.8 35 9 1 2 44% 28521118 13686 81%
c { 93.33  0 109 7 2534 15 59213 27254 1.8 7 4 2 3 24% 28521118 13686 81%
c i 93.87  0 107 7 2588 15 59565 27562 1.8 7 4 2 3 23% 28521118 13683 81%
c i 93.97  0 106 7 2603 15 59692 27662 1.8 7 4 2 3 23% 28521117 13682 81%
c i 94.19  0 105 7 2656 15 60017 27940 1.8 7 4 2 3 23% 28521115 13680 81%
c } 95.12  0 102 7 2753 14 60579 28434 1.8 7 4 2 3 24% 28521114 13680 81%
c [ 95.12  0 143 7 2753  3 60579 28434 3.8 35 9 1 2 44% 28521114 13680 81%
c 
c  seconds   reductions  conflicts        size  tier2          variables
c         MB     restarts      redundant     glue  trail            remaining
c           level      rate         size/glue tier1   irredundant
c 
c ] 96.20  0 142 7 2754  3 61961 29713 3.7 34 9 1 2 44% 28521114 13680 81%
c { 96.20  0 102 7 2754 14 61961 29713 1.8 7 4 2 3 24% 28521114 13680 81%
c i 97.17  0 99 7 2894 14 62735 30388 1.8 7 4 2 3 24% 28521114 13679 81%
c i 97.74  0 98 7 2973 14 63170 30778 1.8 7 4 2 3 25% 28521114 13678 81%
c i 97.74  0 98 7 2973 14 63171 30778 1.8 7 4 2 3 25% 28521114 13677 81%
c } 98.13  0 97 7 3023 14 63512 31080 1.9 7 4 2 3 24% 28521113 13677 81%
c [ 98.13  0 142 7 3023  3 63512 31080 3.7 34 9 1 2 44% 28521113 13677 81%
c s 99.43  0 155 7 3024  3 65456 32845 3.5 36 10 1 2 44% 28412446 13677 81%
c t 99.80  0 155 7 3024  3 65456 32845 3.5 36 10 1 2 44% 28410292 13677 81%
c e 100.45  0 155 7 3024  3 65456 29396 3.5 36 10 1 2 44% 28409777 13552 80%
c s 100.91  0 155 7 3024  3 65456 29357 3.5 36 10 1 2 44% 28282750 13552 80%
c e 101.50  0 155 7 3024  3 65456 28907 3.5 36 10 1 2 44% 28282730 13542 80%
c i 103.44  0 155 7 3024  3 65475 28873 3.5 36 10 1 2 32% 28282730 13541 80%
c B 103.68  0 156 7 3025  3 66026 29382 3.5 36 10 1 2 59% 28282730 13539 80%
c ] 104.09  0 158 7 3025  3 66212 29561 3.5 36 10 1 2 59% 28282730 13539 80%
c { 104.09  0 97 7 3025 14 66212 29561 1.9 7 4 2 3 27% 28282730 13539 80%
c i 104.99  0 95 7 3139 14 66758 30039 1.9 7 4 2 3 27% 28282729 13538 80%
c i 105.21  0 94 7 3158 14 66875 30144 1.9 7 4 2 3 27% 28282729 13536 80%
c i 105.21  0 94 7 3158 14 66876 30144 1.9 7 4 2 3 27% 28282729 13535 80%
c i 105.70  0 93 7 3227 14 67360 30568 1.9 7 4 2 3 27% 28282727 13534 80%
c 
c  seconds   reductions  conflicts        size tier2          variables
c          MB    restarts      redundant    glue  trail            remaining
c           level      rate         size/glu tier1   irredundant
c 
c i 105.72  0 92 7 3229 14 67445 30635 1.9 7 4 2 3 27% 28282727 13533 80%
c i 105.72  0 92 7 3230 14 67446 30635 1.9 7 4 2 3 27% 28282727 13530 80%
c } 106.32  0 91 7 3277 13 68003 31110 1.9 7 4 2 3 27% 28282726 13530 80%
c [ 106.32  0 158 7 3277  3 68003 31110 3.5 36 10 1 2 59% 28282726 13530 80%
c - 108.79  0 156 8 3277  3 69114 23430 3.5 36 10 1 2 49% 28282628 13530 80%
c 2 108.86  0 156 8 3277  3 69114 23414 3.5 36 10 1 2 49% 28271126 13527 80%
c d 109.43  0 156 8 3277  3 69114 23388 3.5 36 10 1 2 49% 28271051 13511 80%
c 2 110.04  0 156 8 3277  3 69114 23388 3.5 36 10 1 2 49% 28271044 13509 80%
c = 113.45  0 156 8 3277  3 69114 23322 3.5 36 10 1 2 49% 28270716 13440 80%
c t 113.60  0 156 8 3277  3 69114 23322 3.5 36 10 1 2 49% 28270339 13440 80%
c ] 115.06  0 158 8 3278  3 70328 24431 3.5 36 10 1 2 43% 28270338 13440 80%
c { 115.06  0 91 8 3278 13 70328 24431 1.9 7 4 2 3 27% 28270338 13440 80%
c i 116.78  0 89 8 3464 13 71592 25531 1.9 7 4 1 2 27% 28270338 13439 80%
c } 117.47  0 87 8 3614 13 72355 26217 1.9 7 4 1 2 27% 28270336 13439 80%
c [ 117.47  0 158 8 3614  3 72355 26217 3.5 36 10 1 2 43% 28270336 13439 80%
c ] 119.12  0 152 8 3616  3 74980 28596 3.5 36 10 1 2 50% 28270336 13439 80%
c { 119.12  0 87 8 3616 13 74980 28596 1.9 7 4 1 2 27% 28270336 13439 80%
c i 120.05  0 86 8 3768 13 75883 29395 1.9 7 4 1 2 27% 28270335 13438 80%
c i 120.47  0 85 8 3825 13 76205 29674 1.9 7 4 1 2 27% 28270335 13437 80%
c } 121.37  0 84 8 3894 13 76749 30164 1.9 7 4 1 2 28% 28270333 13436 80%
c 
c  seconds    reductions  conflicts        size   tier2          variables
c          MB     restarts      redundant     glue   trail            remaining
c            level      rate         size/glue  tier1   irredundant
c 
c [ 121.37  0 152 8 3894  3 76749 30164 3.5 36 10 1 2 50% 28270333 13436 80%
c W 125.20  0 150 8 3895  3 78027 31315 3.5 36 10 1 2 52% 28270298 13436 80%
c ] 125.46  0 148 8 3895  3 78650 31827 3.5 36 10 1 2 55% 28270298 13436 80%
c { 125.46  0 84 8 3895 13 78650 31827 1.9 7 4 1 2 28% 28270298 13436 80%
c i 125.59  0 83 8 3925 13 78806 31964 1.9 8 4 1 2 28% 28270297 13434 80%
c } 127.76  0 81 8 4157 12 80180 33172 1.9 8 4 1 2 28% 28270295 13434 80%
c [ 127.76  0 148 8 4157  3 80180 33172 3.5 36 10 1 2 55% 28270295 13434 80%
c ] 129.21  0 141 8 4157  3 82987 35773 3.6 36 10 1 2 53% 28270295 13434 80%
c { 129.21  0 81 8 4157 12 82987 35773 1.9 8 4 1 2 28% 28270295 13434 80%
c } 131.41  0 79 8 4387 12 83970 36670 1.9 8 4 1 2 28% 28270294 13434 80%
c [ 131.41  0 141 8 4387  3 83970 36670 3.6 36 10 1 2 53% 28270294 13434 80%
c ] 133.06  0 140 8 4388  3 85089 37727 3.6 36 10 1 2 52% 28270294 13434 80%
c { 133.06  0 79 8 4388 12 85089 37727 1.9 8 4 1 2 28% 28270294 13434 80%
c i 134.23  0 78 8 4479 12 85958 38492 1.9 8 4 1 2 28% 28270294 13433 80%
c i 134.85  0 77 8 4548 12 86265 38761 1.9 8 4 1 2 28% 28270292 13432 80%
c i 135.22  0 77 8 4605 12 86630 39082 1.9 8 4 1 2 28% 28270292 13431 80%
c } 135.84  0 76 8 4678 12 87123 39515 1.9 8 4 1 2 28% 28270291 13431 80%
c [ 135.84  0 140 8 4678  3 87123 39515 3.6 36 10 1 2 52% 28270291 13431 80%
c i 137.00  0 141 8 4678  3 90744 42887 3.4 36 11 1 2 43% 28270291 13430 80%
c I 137.06  0 141 8 4678  3 91030 43158 3.4 36 11 1 2 42% 28270291 13430 80%
c 
c  seconds    reductions  conflicts        size   tier2          variables
c          MB     restarts      redundant     glue   trail            remaining
c            level      rate         size/glue  tier1   irredundant
c 
c - 139.10  0 139 9 4678  3 91798 25529 3.4 35 11 1 2 42% 28270239 13430 80%
c 2 139.16  0 139 9 4678  3 91798 25526 3.4 35 11 1 2 42% 28270232 13430 80%
c c 145.91  0 139 9 4678  3 91798 25521 3.4 35 11 1 2 42% 28270948 13426 80%
c d 146.42  0 139 9 4678  3 91798 25515 3.4 35 11 1 2 42% 28270940 13422 80%
c 2 146.53  0 139 9 4678  3 91798 25514 3.4 35 11 1 2 42% 28270940 13422 80%
c = 149.60  0 139 9 4678  3 91798 25468 3.4 35 11 1 2 42% 28270840 13401 80%
c t 149.76  0 139 9 4678  3 91798 25468 3.4 35 11 1 2 42% 28270282 13401 80%
c ] 150.45  0 135 9 4678  3 94025 27480 3.4 36 10 1 2 43% 28270282 13401 80%
c { 150.46  0 76 9 4678 12 94025 27480 1.9 8 4 1 2 28% 28270282 13401 80%
c } 153.04  0 74 9 4913 12 95414 28718 1.9 8 4 1 2 28% 28270281 13401 80%
c [ 153.04  0 135 9 4913  3 95414 28718 3.4 36 10 1 2 43% 28270281 13401 80%
c ] 154.71  0 131 9 4914  3 98308 31382 3.3 35 11 1 2 43% 28270281 13401 80%
c { 154.71  0 74 9 4914 12 98308 31382 1.9 8 4 1 2 28% 28270281 13401 80%
c i 156.78  0 73 9 5123 12 99834 32726 1.9 8 4 1 2 28% 28270278 13400 79%
c i 156.78  0 73 9 5123 12 99836 32727 1.9 8 4 1 2 28% 28270278 13399 79%
c i 157.18  0 72 9 5186 12 100211 33071 1.9 8 4 1 2 28% 28270277 13398 79%
c } 157.61  0 72 9 5237 11 100512 33342 1.9 8 4 1 2 28% 28270276 13398 79%
c [ 157.61  0 131 9 5237  3 100512 33342 3.3 35 11 1 2 43% 28270276 13398 79%
c ] 159.46  0 125 9 5237  3 104669 37260 3.4 35 10 1 2 42% 28270275 13398 79%
c { 159.46  0 72 9 5237 11 104669 37260 1.9 8 4 1 2 28% 28270275 13398 79%
c 
c  seconds   reductions  conflicts         size tier2          variables
c          MB    restarts       redundant    glue  trail            remaining
c           level      rate          size/glu tier1   irredundant
c 
c i 159.49  0 72 9 5242 11 104683 37272 1.9 8 4 1 2 28% 28270275 13397 79%
c B 160.09  0 72 9 5301 11 105033 37584 1.9 8 4 1 2 28% 28270275 13397 79%
c } 162.73  0 70 9 5568 11 107079 39430 2.0 8 4 1 2 28% 28270275 13397 79%
c [ 162.73  0 125 9 5568  3 107079 39430 3.4 35 10 1 2 42% 28270275 13397 79%
c ] 164.52  0 118 9 5568  3 111016 43142 3.4 35 10 1 2 45% 28270275 13397 79%
c { 164.52  0 70 9 5568 11 111016 43142 2.0 8 4 1 2 28% 28270275 13397 79%
c } 167.36  0 69 9 5861 11 112898 44850 2.0 9 4 1 2 29% 28270274 13397 79%
c [ 167.36  0 118 9 5861  3 112898 44850 3.4 35 10 1 2 45% 28270274 13397 79%
c ] 170.92  0 117 9 5861  3 116495 48157 3.4 35 10 1 2 42% 28270274 13397 79%
c { 170.92  0 69 9 5861 11 116495 48157 2.0 9 4 1 2 29% 28270274 13397 79%
c i 171.12  0 69 9 5914 11 116896 48506 2.0 9 4 1 2 29% 28270274 13396 79%
c - 173.34  0 69 10 6003 11 117940 30164 2.0 9 4 1 2 29% 28270232 13396 79%
c 2 173.41  0 69 10 6003 11 117940 30162 2.0 9 4 1 2 29% 28270230 13396 79%
c d 173.90  0 69 10 6003 11 117940 30152 2.0 9 4 1 2 29% 28270214 13392 79%
c k 179.86  0 69 10 6003 11 117940 30152 2.0 9 4 1 2 29% 28270780 13390 79%
c = 181.66  0 69 10 6003 11 117940 30143 2.0 9 4 1 2 29% 28270752 13384 79%
c u 183.22  0 69 10 6003 11 117940 27695 2.0 9 4 1 2 29% 28270752 13383 79%
c v 184.89  0 69 10 6003 11 117940 27520 2.0 9 4 1 2 29% 28270752 13383 79%
c w 184.89  0 69 10 6003 11 117940 27520 2.0 9 4 1 2 29% 28270752 13383 79%
c x 186.08  0 69 10 6003 11 117940 27519 2.0 9 4 1 2 29% 28270646 13383 79%
c 
c  seconds   reductions   conflicts         size tier2          variables
c          MB     restarts       redundant    glue  trail            remaining
c           level       rate          size/glu tier1   irredundant
c 
c t 186.23  0 69 10 6003 11 117940 27515 2.0 9 4 1 2 29% 28269007 13382 79%
c i 186.31  0 69 10 6009 11 118018 27587 2.0 9 4 1 2 29% 28269007 13381 79%
c W 191.37  0 68 10 6225 11 120034 29350 2.0 9 4 1 2 29% 28268966 13380 79%
c i 191.68  0 68 10 6265 11 120290 29581 2.0 9 4 1 2 29% 28268966 13378 79%
c i 191.76  0 68 10 6284 11 120580 29823 2.0 9 4 1 2 29% 28268965 13377 79%
c i 191.76  0 68 10 6285 11 120583 29824 2.0 9 4 1 2 29% 28268965 13376 79%
c i 191.78  0 67 10 6285 11 120690 29909 2.0 9 4 1 2 29% 28268965 13374 79%
c } 192.00  0 67 10 6302 11 120909 30112 2.0 9 4 1 2 29% 28268965 13374 79%
c [ 192.00  0 117 10 6302  3 120909 30112 3.4 35 10 1 2 42% 28268965 13374 79%
c ] 194.59  0 114 10 6302  3 122893 31978 3.4 35 10 1 2 40% 28268965 13374 79%
c { 194.59  0 67 10 6302 11 122893 31978 2.0 9 4 1 2 29% 28268965 13374 79%
c } 197.83  0 66 10 6573 11 124837 33741 2.0 9 4 1 2 29% 28268963 13374 79%
c [ 197.83  0 114 10 6573  3 124837 33741 3.4 35 10 1 2 40% 28268963 13374 79%
c i 197.91  0 114 10 6573  3 124897 33797 3.4 34 10 1 2 40% 28268963 13373 79%
c ] 200.50  0 115 10 6576  3 128880 37442 3.3 35 10 1 2 40% 28268963 13373 79%
c { 200.50  0 66 10 6576 11 128880 37442 2.0 9 4 1 2 29% 28268963 13373 79%
c i 202.92  0 65 10 6813 10 130473 38880 2.0 9 4 1 2 29% 28268961 13372 79%
c } 204.32  0 65 10 6985 10 131621 39921 2.0 9 4 1 2 29% 28268961 13372 79%
c [ 204.32  0 115 10 6985  3 131621 39921 3.3 35 10 1 2 40% 28268961 13372 79%
c s 204.92  0 115 10 6985  3 131627 39924 3.3 35 10 1 2 40% 28038885 13372 79%
c 
c  seconds    reductions   conflicts         size   tier2          variables
c          MB      restarts       redundant     glue   trail            remaining
c            level       rate          size/glue  tier1   irredundant
c 
c t 205.39  0 115 10 6985  3 131627 39922 3.3 35 10 1 2 40% 28026065 13372 79%
c e 206.00  0 115 10 6985  3 131627 37707 3.3 35 10 1 2 40% 28025798 13299 79%
c s 206.50  0 115 10 6985  3 131627 37707 3.3 35 10 1 2 40% 27841937 13299 79%
c e 207.07  0 115 10 6985  3 131627 37707 3.3 35 10 1 2 40% 27841933 13298 79%
c ] 210.23  0 120 10 6987  3 134337 40164 3.2 35 11 1 2 41% 27841932 13298 79%
c { 210.23  0 65 10 6987 10 134337 40164 2.0 9 4 1 2 29% 27841932 13298 79%
c i 211.21  0 65 10 7073 10 134785 40562 2.0 9 4 1 2 29% 27841932 13296 79%
c # 212.03  0 64 10 7167 10 136035 41682 2.1 9 4 1 2 29% 27841930 13296 79%
c i 212.49  0 63 10 7229 10 136602 42191 2.1 9 4 1 2 29% 27841930 13295 79%
c i 213.73  0 63 10 7330 10 137146 42688 2.1 9 4 1 2 29% 27841930 13294 79%
c } 214.18  0 63 10 7376 10 137655 43141 2.1 9 4 1 2 29% 27841930 13294 79%
c [ 214.18  0 120 10 7376  3 137655 43141 3.2 35 11 1 2 41% 27841930 13294 79%
c ] 216.75  0 114 10 7378  3 142076 47170 3.1 34 11 1 2 41% 27841930 13294 79%
c { 216.75  0 63 10 7378 10 142076 47170 2.1 9 4 1 2 29% 27841930 13294 79%
c i 219.51  0 62 10 7730 10 144252 49196 2.1 9 5 1 2 29% 27841928 13293 79%
c } 221.10  0 61 10 7903 10 145993 50750 2.1 10 5 1 2 29% 27841926 13293 79%
c [ 221.10  0 114 10 7903  3 145993 50750 3.1 34 11 1 2 41% 27841926 13293 79%
c - 223.15  0 112 11 7903  3 147570 33287 3.2 35 11 1 2 42% 27841884 13293 79%
c 2 223.22  0 112 11 7903  3 147570 33278 3.2 35 11 1 2 42% 27837829 13292 79%
c d 223.72  0 112 11 7903  3 147570 33259 3.2 35 11 1 2 42% 27837804 13288 79%
c 
c  seconds    reductions   conflicts         size   tier2          variables
c          MB      restarts       redundant     glue   trail            remaining
c            level       rate          size/glue  tier1   irredundant
c 
c p 223.92  0 112 11 7903  3 147570 34525 3.2 35 11 1 2 42% 27837804 13288 79%
c k 223.94  0 112 11 7903  3 147570 34525 3.2 35 11 1 2 42% 27837804 13286 79%
c = 227.99  0 112 11 7903  3 147570 34505 3.2 35 11 1 2 42% 27837737 13273 79%
c t 228.17  0 112 11 7903  3 147570 34504 3.2 35 11 1 2 42% 27835806 13273 79%
c ] 230.53  0 107 11 7906  3 151444 37795 3.1 34 11 1 2 44% 27835806 13273 79%
c { 230.53  0 61 11 7906 10 151444 37795 2.1 10 5 1 2 29% 27835806 13273 79%
c i 231.51  0 61 11 7992 10 152283 38550 2.1 10 5 1 2 30% 27835805 13272 79%
c B 232.03  0 61 11 8060 10 153037 39223 2.1 10 5 1 2 30% 27835804 13272 79%
c } 235.06  0 61 11 8478 10 156511 42332 2.1 10 5 1 2 30% 27835804 13272 79%
c [ 235.06  0 107 11 8478  3 156511 42332 3.1 34 11 1 2 44% 27835804 13272 79%
c ] 238.37  0 100 11 8482  2 164634 49935 3.5 38 11 1 2 43% 27835804 13272 79%
c { 238.37  0 61 11 8482 10 164634 49935 2.1 10 5 1 2 30% 27835804 13272 79%
c i 240.39  0 61 11 8728 10 166476 51598 2.2 10 5 1 2 30% 27835804 13270 79%
c i 243.09  0 60 11 9105 10 169235 54086 2.2 10 5 1 2 30% 27835802 13268 79%
c } 243.21  0 60 11 9125  9 169602 54421 2.2 10 5 1 2 30% 27835802 13268 79%
c [ 243.21  0 100 11 9125  2 169602 54421 3.5 38 11 1 2 43% 27835802 13268 79%
c B 244.31  0 102 11 9125  2 171039 55742 3.6 40 11 1 2 44% 27835802 13268 79%
c ] 246.08  0 100 11 9126  2 173825 58184 3.5 40 11 1 2 45% 27835802 13268 79%
c { 246.08  0 60 11 9126  9 173825 58184 2.2 10 5 1 2 30% 27835802 13268 79%
c i 246.90  0 60 11 9210  9 174352 58658 2.2 10 5 1 2 30% 27835802 13267 79%
c 
c  seconds   reductions   conflicts         size  tier2          variables
c          MB     restarts       redundant     glue  trail            remaining
c           level       rate          size/glue tier1   irredundant
c 
c i 249.37  0 59 11 9508  9 176265 60406 2.2 10 5 1 2 30% 27835802 13265 79%
c i 249.47  0 59 11 9520  9 176381 60506 2.2 10 5 1 2 30% 27835802 13264 79%
c } 250.55  0 59 11 9623  9 177189 61248 2.2 10 5 1 2 30% 27835802 13264 79%
c [ 250.55  0 100 11 9623  2 177189 61248 3.5 40 11 1 2 45% 27835802 13264 79%
c - 253.86  0 98 12 9623  2 180650 39289 3.6 40 11 1 2 44% 27835728 13264 79%
c 2 253.93  0 98 12 9623  2 180650 39281 3.6 40 11 1 2 44% 27835724 13264 79%
c d 254.45  0 98 12 9623  2 180650 39270 3.6 40 11 1 2 44% 27835698 13256 79%
c c 260.52  0 98 12 9623  2 180650 39270 3.6 40 11 1 2 44% 27839783 13256 79%
c d 261.06  0 98 12 9623  2 180650 39269 3.6 40 11 1 2 44% 27839781 13255 79%
c 2 261.17  0 98 12 9623  2 180650 39269 3.6 40 11 1 2 44% 27839779 13255 79%
c = 264.18  0 98 12 9623  2 180650 39230 3.6 40 11 1 2 44% 27839750 13249 79%
c t 264.38  0 98 12 9623  2 180650 39227 3.6 40 11 1 2 44% 27835733 13249 79%
c ] 266.77  0 99 12 9626  2 186053 44151 3.5 39 11 1 2 43% 27835733 13249 79%
c { 266.77  0 59 12 9626  9 186053 44151 2.2 10 5 1 2 30% 27835733 13249 79%
c i 270.13  0 59 12 9883  9 188486 46357 2.2 10 5 1 2 30% 27835732 13248 79%
c i 271.39  0 58 12 10001  9 189974 47673 2.2 10 5 1 2 30% 27835732 13247 79%
c W 277.00  0 58 12 10006  9 190048 47725 2.2 10 5 1 2 30% 27835715 13247 79%
c } 277.07  0 58 12 10015  9 190080 47756 2.2 10 5 1 2 30% 27835715 13247 79%
c [ 277.07  0 99 12 10015  2 190080 47756 3.5 39 11 1 2 43% 27835715 13247 79%
c ] 280.14  0 99 12 10017  2 192936 50447 3.5 39 11 1 2 43% 27835715 13247 79%
c 
c  seconds   reductions    conflicts         size  tier2          variables
c          MB      restarts       redundant     glue  trail            remaining
c           level        rate          size/glue tier1   irredundant
c 
c { 280.14  0 58 12 10017  9 192936 50447 2.2 10 5 1 2 30% 27835715 13247 79%
c i 280.19  0 58 12 10021  9 192977 50479 2.2 10 5 1 2 30% 27835715 13246 79%
c i 281.41  0 58 12 10160  9 193706 51143 2.2 10 5 1 2 30% 27835715 13245 79%
c } 285.42  0 58 12 10651  9 197642 54714 2.2 10 5 1 2 30% 27835714 13245 79%
c [ 285.42  0 99 12 10651  2 197642 54714 3.5 39 11 1 2 43% 27835714 13245 79%
c ] 288.84  0 104 12 10653  2 202178 58850 3.5 41 12 1 2 45% 27835714 13245 79%
c { 288.84  0 58 12 10653  9 202178 58850 2.2 10 5 1 2 30% 27835714 13245 79%
c i 290.00  0 58 12 10787  9 203419 59973 2.2 10 5 1 2 30% 27835714 13243 79%
c i 290.00  0 58 12 10788  9 203421 59974 2.2 10 5 1 2 30% 27835714 13241 79%
c } 294.09  0 57 12 11247  9 206772 63092 2.2 11 5 1 2 30% 27835713 13241 79%
c [ 294.09  0 104 12 11247  2 206772 63092 3.5 41 12 1 2 45% 27835713 13241 79%
c i 294.74  0 104 12 11247  2 208546 64740 3.5 40 12 1 2 45% 27835713 13240 79%
c W 298.02  0 103 12 11248  2 210052 66039 3.5 41 12 1 2 45% 27835654 13240 79%
c - 300.89  0 97 13 11253  2 217248 44990 3.4 40 12 1 2 49% 27835654 13240 79%
c 2 300.95  0 97 13 11253  2 217248 44988 3.4 40 12 1 2 49% 27835654 13239 79%
c d 301.34  0 97 13 11253  2 217248 44955 3.4 40 12 1 2 49% 27835622 13232 79%
c p 302.02  0 97 13 11253  2 217248 45182 3.4 40 12 1 2 49% 27835620 13231 78%
c c 307.78  0 97 13 11253  2 217248 45182 3.4 40 12 1 2 49% 27839563 13231 78%
c d 308.20  0 97 13 11253  2 217248 45182 3.4 40 12 1 2 49% 27839561 13230 78%
c k 308.26  0 97 13 11253  2 217248 45182 3.4 40 12 1 2 49% 27839561 13228 78%
c 
c  seconds   reductions    conflicts         size   tier2          variables
c          MB      restarts       redundant     glue   trail            remaining
c           level        rate          size/glue  tier1   irredundant
c 
c 2 308.31  0 97 13 11253  2 217248 45182 3.4 40 12 1 2 49% 27839559 13228 78%
c u 310.99  0 97 13 11253  2 217248 44465 3.4 40 12 1 2 49% 27839543 13228 78%
c v 311.84  0 97 13 11253  2 217248 44241 3.4 40 12 1 2 49% 27839543 13228 78%
c w 311.89  0 97 13 11253  2 217248 44241 3.4 40 12 1 2 49% 27839543 13228 78%
c t 313.27  0 97 13 11253  2 217248 44218 3.4 40 12 1 2 49% 27829034 13228 78%
c ] 313.91  0 96 13 11253  2 217575 44461 3.4 40 12 1 2 50% 27829034 13228 78%
c { 313.91  0 57 13 11253  9 217575 44461 2.2 11 5 1 2 30% 27829034 13228 78%
c s 317.22  0 57 13 11480  9 219884 46575 2.2 11 5 1 2 30% 27635320 13228 78%
c t 317.60  0 57 13 11480  9 219884 46574 2.2 11 5 1 2 30% 27626250 13228 78%
c e 318.22  0 57 13 11480  9 219884 45964 2.2 11 5 1 2 30% 27626150 13194 78%
c s 318.73  0 57 13 11480  9 219884 45964 2.2 11 5 1 2 30% 27387012 13194 78%
c e 319.27  0 57 13 11480  9 219884 45958 2.2 11 5 1 2 30% 27387012 13193 78%
c } 322.35  0 56 13 11733  9 221943 47816 2.2 11 5 1 2 30% 27387012 13193 78%
c [ 322.35  0 96 13 11733  2 221943 47816 3.4 40 12 1 2 50% 27387012 13193 78%
c ] 325.83  0 100 13 11734  2 224049 49737 3.4 42 12 1 2 50% 27387012 13193 78%
c { 325.83  0 56 13 11734  9 224049 49737 2.2 11 5 1 2 30% 27387012 13193 78%
c } 331.50  0 56 13 12421  9 229518 54655 2.2 11 5 1 2 30% 27387010 13193 78%
c [ 331.50  0 100 13 12421  2 229518 54655 3.4 42 12 1 2 50% 27387010 13193 78%
c O 332.38  0 99 13 12421  2 231054 56116 3.4 42 12 1 2 50% 27387010 13193 78%
c ] 335.06  0 95 13 12422  2 236085 60750 3.4 42 12 1 2 49% 27387010 13193 78%
c 
c  seconds   reductions    conflicts         size  tier2          variables
c          MB      restarts       redundant     glue  trail            remaining
c           level        rate          size/glue tier1   irredundant
c 
c { 335.06  0 56 13 12422  9 236085 60750 2.2 11 5 1 2 30% 27387010 13193 78%
c i 338.83  0 55 13 13027  9 239956 64277 2.2 11 5 1 2 30% 27387009 13192 78%
c } 340.82  0 55 13 13220  9 241413 65600 2.2 11 5 1 2 30% 27387009 13192 78%
c [ 340.82  0 95 13 13220  2 241413 65600 3.4 42 12 1 2 49% 27387009 13192 78%
c ] 344.21  0 92 13 13221  2 247574 71204 3.4 43 12 1 2 50% 27387009 13192 78%
c { 344.21  0 55 13 13221  9 247574 71204 2.2 11 5 1 2 30% 27387009 13192 78%
c i 344.87  0 55 13 13294  9 248098 71673 2.2 11 5 1 2 30% 27387009 13191 78%
c i 347.25  0 55 13 13566  9 249538 72997 2.2 11 5 1 2 30% 27387009 13190 78%
c } 349.91  0 55 13 13850  9 251399 74678 2.2 11 5 1 2 30% 27387009 13190 78%
c [ 349.91  0 92 13 13850  2 251399 74678 3.4 43 12 1 2 50% 27387009 13190 78%
c B 350.70  0 92 13 13850  2 253055 76230 3.5 43 12 1 2 50% 27387009 13190 78%
c ] 353.97  0 97 13 13850  2 254760 77802 3.4 45 13 1 2 50% 27387009 13190 78%
c { 353.97  0 55 13 13850  9 254760 77802 2.2 11 5 1 2 30% 27387009 13190 78%
c - 358.80  0 54 14 14233  9 257385 50939 2.2 11 5 1 2 30% 27386983 13190 78%
c 2 358.86  0 54 14 14233  9 257385 50933 2.2 11 5 1 2 30% 27382168 13190 78%
c d 359.35  0 54 14 14233  9 257385 50901 2.2 11 5 1 2 30% 27382132 13181 78%
c p 359.72  0 54 14 14233  9 257385 56985 2.2 11 5 1 2 30% 27382132 13181 78%
c c 365.85  0 54 14 14233  9 257385 56985 2.2 11 5 1 2 30% 27388703 13181 78%
c d 366.45  0 54 14 14233  9 257385 56985 2.2 11 5 1 2 30% 27388699 13179 78%
c 2 366.56  0 54 14 14233  9 257385 56985 2.2 11 5 1 2 30% 27388695 13179 78%
c 
c  seconds   reductions    conflicts         size  tier2          variables
c          MB      restarts       redundant     glue  trail            remaining
c           level        rate          size/glue tier1   irredundant
c 
c t 366.78  0 54 14 14233  9 257385 56955 2.2 11 5 1 2 30% 27370342 13179 78%
c } 370.18  0 54 14 14510  9 260176 59474 2.2 11 5 1 2 30% 27370342 13179 78%
c [ 370.18  0 97 14 14510  2 260176 59474 3.4 45 13 1 2 50% 27370342 13179 78%
c ] 374.75  0 91 14 14510  2 271429 69919 3.6 46 13 1 2 51% 27370342 13179 78%
c { 374.75  0 54 14 14510  9 271429 69919 2.2 11 5 1 2 30% 27370342 13179 78%
c i 378.89  0 54 14 14970  9 274840 73025 2.2 11 5 1 2 30% 27370342 13178 78%
c F 379.82  0 54 14 15076  9 276056 74109 2.2 12 5 1 2 30% 27370341 13178 78%
c } 381.61  0 54 14 15223  9 277134 75089 2.3 12 5 1 2 30% 27370340 13178 78%
c [ 381.61  0 91 14 15223  2 277134 75089 3.6 46 13 1 2 51% 27370340 13178 78%
c ] 385.55  0 90 14 15224  2 282245 79824 3.6 48 13 1 2 50% 27370339 13178 78%
c { 385.55  0 54 14 15224  9 282245 79824 2.3 12 5 1 2 30% 27370339 13178 78%
c i 389.24  0 53 14 15705  8 286111 83354 2.3 12 5 1 2 30% 27370339 13177 78%
c i 390.70  0 53 14 15878  8 287687 84770 2.3 12 5 1 2 30% 27370337 13176 78%
c i 390.80  0 53 14 15887  8 287798 84871 2.3 12 5 1 2 30% 27370337 13175 78%
c } 392.56  0 53 14 16097  8 289416 86281 2.3 12 5 1 2 30% 27370336 13175 78%
c [ 392.56  0 90 14 16097  2 289416 86281 3.6 48 13 1 2 50% 27370336 13175 78%
c ] 398.52  0 88 14 16097  2 299870 96064 3.9 52 13 1 2 48% 27370335 13175 78%
c { 398.52  0 53 14 16097  8 299870 96064 2.3 12 5 1 2 30% 27370335 13175 78%
c i 398.69  0 53 14 16122  8 299960 96149 2.3 12 5 1 2 30% 27370335 13174 78%
c B 398.81  0 53 14 16145  8 300058 96241 2.3 12 5 1 2 30% 27370335 13174 78%
c 
c  seconds   reductions    conflicts         size  tier2          variables
c          MB      restarts       redundant     glue  trail            remaining
c           level        rate          size/glue tier1   irredundant
c 
c - 401.38  0 53 15 16330  8 300986 57479 2.3 12 5 1 2 30% 27370290 13174 78%
c d 401.90  0 53 15 16330  8 300986 57459 2.3 12 5 1 2 30% 27370271 13170 78%
c p 402.13  0 53 15 16330  8 300986 59536 2.3 12 5 1 2 30% 27370271 13170 78%
c c 408.00  0 53 15 16330  8 300986 59536 2.3 12 5 1 2 30% 27387647 13170 78%
c d 408.55  0 53 15 16330  8 300986 59534 2.3 12 5 1 2 30% 27387645 13169 78%
c 2 408.66  0 53 15 16330  8 300986 59534 2.3 12 5 1 2 30% 27387643 13169 78%
c = 411.10  0 53 15 16330  8 300986 59533 2.3 12 5 1 2 30% 27387608 13162 78%
c u 413.16  0 53 15 16330  8 300986 57111 2.3 12 5 1 2 30% 27387608 13161 78%
c v 415.17  0 53 15 16330  8 300986 56805 2.3 12 5 1 2 30% 27387608 13161 78%
c t 415.37  0 53 15 16330  8 300986 56794 2.3 12 5 1 2 30% 27370239 13161 78%
c } 421.11  0 52 15 16814  8 305999 61369 2.3 12 5 1 2 30% 27370237 13161 78%
c [ 421.11  0 88 15 16814  2 305999 61369 3.9 52 13 1 2 48% 27370237 13161 78%
c ] 425.33  0 85 15 16814  2 311853 66824 3.9 51 13 1 2 48% 27370237 13161 78%
c { 425.33  0 52 15 16814  8 311853 66824 2.3 12 5 1 2 30% 27370237 13161 78%
c } 432.52  0 52 15 17590  8 318070 72435 2.3 12 5 1 2 30% 27370234 13161 78%
c [ 432.52  0 85 15 17590  2 318070 72435 3.9 51 13 1 2 48% 27370234 13161 78%
c W 442.17  0 83 15 17590  2 325059 78905 3.9 50 13 1 2 48% 27370219 13161 78%
c s 443.99  0 91 15 17590  2 330080 83476 3.7 50 14 1 2 48% 27262277 13161 78%
c t 444.32  0 91 15 17590  2 330080 83476 3.7 50 14 1 2 48% 27258320 13161 78%
c e 445.00  0 91 15 17590  2 330080 81398 3.7 50 14 1 2 48% 27258226 13130 78%
c 
c  seconds   reductions    conflicts         size   tier2          variables
c          MB      restarts       redundant     glue   trail            remaining
c           level        rate          size/glue  tier1   irredundant
c 
c s 445.55  0 91 15 17590  2 330080 81398 3.7 50 14 1 2 48% 27143494 13130 78%
c ] 447.19  0 90 15 17592  2 332615 83626 3.6 50 14 1 2 49% 27143494 13130 78%
c { 447.19  0 52 15 17592  8 332615 83626 2.3 12 5 1 2 30% 27143494 13130 78%
c } 454.87  0 51 15 18436  8 339326 89716 2.3 12 5 1 2 30% 27143494 13130 78%
c [ 454.87  0 90 15 18436  2 339326 89716 3.6 50 14 1 2 49% 27143494 13130 78%
c ] 459.62  0 84 15 18441  2 347688 97224 3.6 48 13 1 2 47% 27143494 13130 78%
c { 459.62  0 51 15 18441  8 347688 97224 2.3 12 5 1 2 30% 27143494 13130 78%
c - 461.54  0 51 16 18505  8 348129 59606 2.3 12 5 1 2 30% 27143493 13130 78%
c 2 461.59  0 51 16 18505  8 348129 59597 2.3 12 5 1 2 30% 27142593 13130 78%
c p 462.30  0 51 16 18505  8 348129 69842 2.3 12 5 1 2 30% 27142579 13127 78%
c k 468.28  0 51 16 18505  8 348129 69842 2.3 12 5 1 2 30% 27157406 13126 78%
c = 471.49  0 51 16 18505  8 348129 69831 2.3 12 5 1 2 30% 26593274 13116 78%
c t 471.73  0 51 16 18505  8 348129 69830 2.3 12 5 1 2 30% 26577378 13116 78%
c W 476.84  0 51 16 18802  8 351061 72524 2.3 12 5 1 2 30% 26577378 13116 78%
c } 480.72  0 51 16 19169  8 353404 74639 2.3 13 5 1 2 30% 26577378 13116 78%
c [ 480.72  0 84 16 19169  2 353404 74639 3.6 48 13 1 2 47% 26577378 13116 78%
c ] 485.29  0 82 16 19172  2 359135 79803 3.5 47 13 1 2 48% 26577378 13116 78%
c { 485.29  0 51 16 19172  8 359135 79803 2.3 13 5 1 2 30% 26577378 13116 78%
c i 486.30  0 51 16 19253  8 359827 80426 2.3 13 5 1 2 30% 26577377 13115 78%
c } 493.38  0 51 16 19941  8 365558 85668 2.3 13 5 1 2 30% 26577376 13114 78%
c 
c  seconds   reductions    conflicts         size   tier2          variables
c          MB      restarts       redundant     glue   trail            remaining
c           level        rate          size/glue  tier1   irredundant
c 
c [ 493.38  0 82 16 19941  2 365558 85668 3.5 47 13 1 2 48% 26577376 13114 78%
c ] 498.43  0 82 16 19944  2 369830 89530 3.5 47 13 1 2 49% 26577376 13114 78%
c { 498.43  0 51 16 19944  8 369830 89530 2.3 13 5 1 2 30% 26577376 13114 78%
c i 499.85  0 50 16 20104  8 371505 91064 2.3 13 5 1 2 30% 26577374 13113 78%
c i 502.98  0 50 16 20415  8 374032 93376 2.4 13 5 1 2 30% 26577374 13112 78%
c } 506.74  0 50 16 20817  8 377135 96239 2.4 13 6 1 2 30% 26577374 13112 78%
c [ 506.74  0 82 16 20817  2 377135 96239 3.5 47 13 1 2 49% 26577374 13112 78%
c I 507.08  0 82 16 20817  2 378063 97114 3.5 47 13 1 2 49% 26577374 13112 78%
c ] 511.86  0 80 16 20819  2 382632 101226 3.6 48 13 1 2 49% 26577374 13112 78%
c { 511.86  0 50 16 20819  8 382632 101226 2.4 13 6 1 2 30% 26577374 13112 78%
c } 520.82  0 50 16 21860  8 390560 108433 2.4 13 6 1 2 31% 26577371 13112 78%
c [ 520.82  0 80 16 21860  2 390560 108433 3.6 48 13 1 2 49% 26577371 13112 78%
c - 527.90  0 76 17 21860  2 398775 68555 3.5 47 13 1 2 49% 26577336 13112 78%
c 2 527.95  0 76 17 21860  2 398775 68554 3.5 47 13 1 2 49% 26577336 13112 78%
c d 528.39  0 76 17 21860  2 398775 68529 3.5 47 13 1 2 49% 26577316 13106 78%
c p 528.88  0 76 17 21860  2 398775 80899 3.5 47 13 1 2 49% 26577316 13106 78%
c u 535.93  0 76 17 21860  2 398775 80237 3.5 47 13 1 2 49% 26577316 13106 78%
c v 537.10  0 76 17 21860  2 398775 80064 3.5 47 13 1 2 49% 26577316 13106 78%
c w 537.19  0 76 17 21860  2 398775 80064 3.5 47 13 1 2 49% 26577316 13106 78%
c t 538.62  0 76 17 21860  2 398775 80041 3.5 47 13 1 2 49% 26577231 13106 78%
c 
c  seconds   reductions    conflicts         size   tier2          variables
c          MB      restarts       redundant     glue   trail            remaining
c           level        rate          size/glue  tier1   irredundant
c 
c ] 540.18  0 76 17 21863  2 401153 82169 3.5 47 13 1 2 49% 26577231 13106 78%
c { 540.18  0 50 17 21863  8 401153 82169 2.4 13 6 1 2 31% 26577231 13106 78%
c i 540.55  0 50 17 21907  8 401521 82508 2.4 13 6 1 2 31% 26577231 13105 78%
c i 545.67  0 50 17 22447  8 405869 86432 2.4 14 6 1 2 31% 26577231 13104 78%
c i 545.89  0 50 17 22459  8 406060 86604 2.4 14 6 1 2 31% 26577231 13103 78%
c # 545.91  0 50 17 22459  8 406065 86609 2.4 14 6 1 2 31% 26577231 13103 78%
c } 548.71  0 49 17 22697  8 408172 88489 2.4 14 6 1 2 31% 26577231 13103 78%
c [ 548.71  0 76 17 22697  2 408172 88489 3.5 47 13 1 2 49% 26577231 13103 78%
c ] 554.31  0 72 17 22700  2 414181 93629 3.6 46 13 1 2 49% 26577231 13103 78%
c { 554.31  0 49 17 22700  8 414181 93629 2.4 14 6 1 2 31% 26577231 13103 78%
c } 562.94  0 49 17 23548  8 420513 99415 2.4 14 6 1 2 31% 26577231 13103 78%
c [ 562.94  0 72 17 23548  2 420513 99415 3.6 46 13 1 2 49% 26577231 13103 78%
c ] 569.29  0 69 17 23554  2 430520 108474 3.6 48 13 1 2 50% 26577231 13103 78%
c { 569.29  0 49 17 23554  8 430520 108474 2.4 14 6 1 2 31% 26577231 13103 78%
c B 574.89  0 49 17 24086  8 435067 112623 2.5 14 6 1 2 31% 26577231 13103 78%
c } 578.84  0 48 17 24598  8 439308 116504 2.5 14 6 1 2 31% 26577230 13103 78%
c [ 578.84  0 69 17 24598  2 439308 116504 3.6 48 13 1 2 50% 26577230 13103 78%
c ] 585.85  0 71 17 24601  2 447666 124212 3.5 50 14 1 2 50% 26577230 13103 78%
c { 585.85  0 48 17 24601  8 447666 124212 2.5 14 6 1 2 31% 26577230 13103 78%
c - 594.15  0 48 18 25236  8 452839 76545 2.5 15 6 1 2 31% 26577203 13103 78%
c 
c  seconds   reductions    conflicts         size  tier2          variables
c          MB      restarts       redundant     glue  trail            remaining
c           level        rate          size/glue tier1   irredundant
c 
c 2 594.21  0 48 18 25236  8 452839 76543 2.5 15 6 1 2 31% 26577203 13103 78%
c d 594.65  0 48 18 25236  8 452839 76534 2.5 15 6 1 2 31% 26577195 13100 78%
c p 595.19  0 48 18 25236  8 452839 99282 2.5 15 6 1 2 31% 26577195 13100 78%
c c 601.14  0 48 18 25236  8 452839 99282 2.5 15 6 1 2 31% 26592810 13100 78%
c d 601.64  0 48 18 25236  8 452839 99282 2.5 15 6 1 2 31% 26592806 13098 78%
c 2 601.75  0 48 18 25236  8 452839 99282 2.5 15 6 1 2 31% 26592802 13098 78%
c t 601.93  0 48 18 25236  8 452839 99274 2.5 15 6 1 2 31% 26577203 13098 78%
c } 604.83  0 48 18 25458  8 454736 100998 2.5 15 6 1 2 31% 26577203 13098 78%
c [ 604.83  0 71 18 25458  2 454736 100998 3.5 50 14 1 2 50% 26577203 13098 78%
c s 610.61  0 68 18 25459  2 462245 107843 3.6 51 14 1 2 51% 26482628 13098 78%
c t 610.95  0 68 18 25459  2 462245 107843 3.6 51 14 1 2 51% 26481713 13098 78%
c e 611.54  0 68 18 25459  2 462245 106491 3.6 51 14 1 2 51% 26481571 13052 77%
c s 612.05  0 68 18 25459  2 462245 106491 3.6 51 14 1 2 51% 26357485 13052 77%
c ] 614.23  0 68 18 25459  2 462923 107127 3.6 50 14 1 2 51% 26357485 13052 77%
c { 614.23  0 48 18 25459  8 462923 107127 2.5 15 6 1 2 31% 26357485 13052 77%
c W 624.46  0 48 18 25755  8 465068 109103 2.5 15 6 1 2 32% 26357485 13052 77%
c } 630.94  0 47 18 26329  8 470520 114115 2.6 15 6 1 2 32% 26357485 13052 77%
c [ 630.94  0 68 18 26329  2 470520 114115 3.6 50 14 1 2 51% 26357485 13052 77%
c ] 638.00  0 68 18 26329  2 475614 118844 3.5 50 14 1 2 49% 26357485 13052 77%
c { 638.00  0 47 18 26329  8 475614 118844 2.6 15 6 1 2 32% 26357485 13052 77%
c 
c  seconds   reductions    conflicts          size  tier2          variables
c          MB      restarts       redundant      glue  trail            remaining
c           level        rate           size/glue tier1   irredundant
c 
c } 647.81  0 47 18 27101  8 483099 125626 2.6 15 6 1 2 32% 26357485 13052 77%
c [ 647.81  0 68 18 27101  2 483099 125626 3.5 50 14 1 2 49% 26357485 13052 77%
c ] 654.21  0 66 18 27101  2 491506 133560 3.8 53 14 1 2 48% 26357485 13052 77%
c { 654.21  0 47 18 27101  8 491506 133560 2.6 15 6 1 2 32% 26357485 13052 77%
c F 661.00  0 46 18 27644  7 496069 137720 2.6 16 6 1 2 32% 26357485 13052 77%
c } 664.90  0 46 18 28090  8 499186 140556 2.6 16 6 1 2 32% 26357485 13052 77%
c [ 664.90  0 66 18 28090  2 499186 140556 3.8 53 14 1 2 48% 26357485 13052 77%
c ] 671.39  0 65 18 28093  2 505548 146318 3.8 54 14 1 2 48% 26357485 13052 77%
c { 671.39  0 46 18 28093  8 505548 146318 2.6 16 6 1 2 32% 26357485 13052 77%
c - 680.19  0 46 19 28798  8 510449 84744 2.7 16 6 1 2 32% 26357485 13052 77%
c 2 680.24  0 46 19 28798  8 510449 84738 2.7 16 6 1 2 32% 26356276 13052 77%
c p 680.99  0 46 19 28798  8 510449 137335 2.7 16 6 1 2 32% 26356276 13051 77%
c = 694.65  0 46 19 28798  8 510449 137320 2.7 16 6 1 2 32% 26369155 13040 77%
c u 697.90  0 46 19 28798  8 510449 134841 2.7 16 6 1 2 32% 26369155 13040 77%
c v 701.84  0 46 19 28798  8 510449 134361 2.7 16 6 1 2 32% 26369155 13040 77%
c w 701.86  0 46 19 28798  8 510449 134361 2.7 16 6 1 2 32% 26369155 13040 77%
c t 702.05  0 46 19 28798  8 510449 134349 2.7 16 6 1 2 32% 26353641 13040 77%
c } 705.59  0 46 19 29020  7 513594 137203 2.7 16 6 1 2 32% 26353641 13040 77%
c [ 705.59  0 65 19 29020  2 513594 137203 3.8 54 14 1 2 48% 26353641 13040 77%
c ] 713.57  0 61 19 29027  2 526381 148441 3.7 53 14 1 2 48% 26353640 13040 77%
c 
c  seconds   reductions    conflicts          size  tier2          variables
c          MB      restarts       redundant      glue  trail            remaining
c           level        rate           size/glue tier1   irredundant
c 
c { 713.58  0 46 19 29027  7 526381 148441 2.7 16 6 1 2 32% 26353640 13040 77%
c B 715.59  0 46 19 29211  7 528076 149972 2.7 16 6 1 2 32% 26353639 13040 77%
c } 724.48  0 46 19 30030  7 535018 156321 2.7 17 6 1 2 32% 26353639 13040 77%
c [ 724.48  0 61 19 30030  2 535018 156321 3.7 53 14 1 2 48% 26353639 13040 77%
c ] 731.04  0 59 19 30034  2 541665 162148 3.7 52 14 1 2 49% 26353639 13040 77%
c { 731.04  0 46 19 30034  7 541665 162148 2.7 17 6 1 2 32% 26353639 13040 77%
c } 742.48  0 45 19 31061  7 550636 170285 2.8 17 6 1 2 32% 26353638 13040 77%
c [ 742.48  0 59 19 31061  2 550636 170285 3.7 52 14 1 2 49% 26353638 13040 77%
c B 749.42  0 59 19 31063  2 561080 180054 3.8 55 15 1 2 48% 26353638 13040 77%
c ] 749.51  0 59 19 31063  2 561145 180103 3.8 55 15 1 2 48% 26353638 13040 77%
c { 749.51  0 45 19 31063  7 561145 180103 2.8 17 6 1 2 32% 26353638 13040 77%
c } 760.98  0 45 19 32091  7 569561 187752 2.8 17 6 1 2 32% 26353638 13040 77%
c [ 760.98  0 59 19 32091  2 569561 187752 3.8 55 15 1 2 48% 26353638 13040 77%
c - 766.16  0 58 20 32093  2 571550 91499 3.8 56 15 1 2 48% 26353638 13040 77%
c 2 766.22  0 58 20 32093  2 571550 91496 3.8 56 15 1 2 48% 26353637 13040 77%
c d 766.68  0 58 20 32093  2 571550 91491 3.8 56 15 1 2 48% 26353633 13039 77%
c p 767.56  0 58 20 32093  2 571550 143568 3.8 56 15 1 2 48% 26353633 13039 77%
c = 775.42  0 58 20 32093  2 571550 143565 3.8 56 15 1 2 48% 26353617 13034 77%
c t 775.56  0 58 20 32093  2 571550 143558 3.8 56 15 1 2 48% 26353616 13034 77%
c ] 780.45  0 58 20 32095  2 575607 147246 3.8 56 15 1 2 48% 26353615 13034 77%
c 
c  seconds   reductions    conflicts          size  tier2          variables
c          MB      restarts       redundant      glue  trail            remaining
c           level        rate           size/glue tier1   irredundant
c 
c { 780.45  0 45 20 32095  7 575607 147246 2.8 17 6 1 2 32% 26353615 13034 77%
c } 792.26  0 44 20 33132  7 586819 157403 2.8 18 6 1 2 32% 26353615 13034 77%
c [ 792.26  0 58 20 33132  2 586819 157403 3.8 56 15 1 2 48% 26353615 13034 77%
c ] 799.65  0 57 20 33134  2 592361 162232 3.9 58 15 1 2 49% 26353615 13034 77%
c { 799.65  0 44 20 33134  7 592361 162232 2.8 18 6 1 2 32% 26353615 13034 77%
c W 811.94  0 44 20 33439  7 595081 164734 2.8 18 6 1 2 32% 26353615 13034 77%
c } 820.29  0 44 20 34067  7 600791 169923 2.9 18 6 1 2 33% 26353614 13034 77%
c [ 820.30  0 57 20 34067  2 600791 169923 3.9 58 15 1 2 49% 26353614 13034 77%
c ] 829.86  0 56 20 34074  2 613375 181216 3.8 56 15 1 2 47% 26353614 13034 77%
c { 829.86  0 44 20 34074  7 613375 181216 2.9 18 6 1 2 33% 26353614 13034 77%
c s 834.19  0 44 20 34475  7 615963 183589 2.9 18 6 1 2 33% 26249222 13034 77%
c t 834.53  0 44 20 34475  7 615963 183589 2.9 18 6 1 2 33% 26246764 13034 77%
c e 835.12  0 44 20 34475  7 615963 180583 2.9 18 6 1 2 33% 26246686 12993 77%
c s 835.66  0 44 20 34475  7 615963 180583 2.9 18 6 1 2 33% 26160787 12993 77%
c } 846.01  0 44 20 35392  7 623105 187160 2.9 19 6 1 2 32% 26160786 12993 77%
c [ 846.01  0 56 20 35392  2 623105 187160 3.8 56 15 1 2 47% 26160786 12993 77%
c ] 854.42  0 60 20 35393  2 628902 192467 3.7 56 15 1 2 48% 26160786 12993 77%
c { 854.42  0 44 20 35393  7 628902 192467 2.9 19 6 1 2 32% 26160786 12993 77%
c # 855.11  0 43 20 35447  7 630084 193401 2.9 19 6 1 2 33% 26160786 12993 77%
c - 863.15  0 42 21 35967  7 636203 101991 2.9 19 6 1 2 34% 26160786 12993 77%
c 
c  seconds   reductions    conflicts          size  tier2          variables
c          MB      restarts       redundant      glue  trail            remaining
c           level        rate           size/glue tier1   irredundant
c 
c 2 863.21  0 42 21 35967  7 636203 101984 2.9 19 6 1 2 34% 26160466 12993 77%
c p 863.84  0 42 21 35967  7 636203 128311 2.9 19 6 1 2 34% 26160466 12993 77%
c u 883.73  0 42 21 35967  7 636203 126528 2.9 19 6 1 2 34% 26174507 12993 77%
c v 886.34  0 42 21 35967  7 636203 126205 2.9 19 6 1 2 34% 26174507 12993 77%
c t 886.53  0 42 21 35967  7 636203 126182 2.9 19 6 1 2 34% 26159473 12993 77%
c } 891.74  0 42 21 36416  7 641407 130916 2.9 19 6 1 2 34% 26159473 12993 77%
c [ 891.74  0 60 21 36416  2 641407 130916 3.7 56 15 1 2 48% 26159473 12993 77%
c ] 899.42  0 57 21 36417  2 648057 137188 3.9 57 15 1 2 48% 26159473 12993 77%
c { 899.42  0 42 21 36417  7 648057 137188 2.9 19 6 1 2 34% 26159473 12993 77%
c } 913.41  0 42 21 37692  7 658707 146876 2.9 19 7 1 2 34% 26159473 12993 77%
c [ 913.41  0 57 21 37692  2 658707 146876 3.9 57 15 1 2 48% 26159473 12993 77%
c W 921.50  0 61 21 37692  2 666086 153772 3.7 56 15 1 2 46% 26159473 12993 77%
c ] 929.32  0 61 21 37693  2 691593 175972 3.5 55 16 1 2 52% 26159473 12993 77%
c { 929.32  0 42 21 37693  7 691593 175972 2.9 19 7 1 2 34% 26159473 12993 77%
c i 933.30  0 42 21 38083  7 694791 178794 3.0 20 7 1 2 34% 26159473 12992 77%
c B 942.11  0 42 21 38978  7 703088 186155 3.0 20 7 1 2 35% 26159473 12992 77%
c } 943.64  0 42 21 39111  7 704136 187113 3.0 20 7 1 2 35% 26159473 12992 77%
c [ 943.64  0 61 21 39111  2 704136 187113 3.5 55 16 1 2 52% 26159473 12992 77%
c - 945.36  0 61 22 39111  2 704350 111632 3.5 55 16 1 2 52% 26159464 12992 77%
c d 945.85  0 61 22 39111  2 704350 111627 3.5 55 16 1 2 52% 26159462 12991 77%
c 
c  seconds   reductions    conflicts          size   tier2          variables
c          MB      restarts       redundant      glue   trail            remaining
c           level        rate           size/glue  tier1   irredundant
c 
c p 946.29  0 61 22 39111  2 704350 130157 3.5 55 16 1 2 52% 26159462 12991 77%
c k 946.34  0 61 22 39111  2 704350 130157 3.5 55 16 1 2 52% 26159462 12990 77%
c 2 946.38  0 61 22 39111  2 704350 130157 3.5 55 16 1 2 52% 26159461 12990 77%
c t 946.47  0 61 22 39111  2 704350 130155 3.5 55 16 1 2 52% 26159455 12990 77%
c ] 958.40  0 68 22 39112  2 726133 149922 3.3 54 16 1 2 48% 26159455 12990 77%
c { 958.40  0 42 22 39112  7 726133 149922 3.0 20 7 1 2 35% 26159455 12990 77%
c } 972.43  0 42 22 40288  7 737381 160210 3.1 21 7 1 2 35% 26159455 12990 77%
c [ 972.43  0 68 22 40288  2 737381 160210 3.3 54 16 1 2 48% 26159455 12990 77%
c O 975.42  0 67 22 40288  2 741089 163620 3.3 53 16 1 2 47% 26159455 12990 77%
c ] 983.23  0 65 22 40288  2 751690 173211 3.2 52 16 1 2 45% 26159455 12990 77%
c { 983.23  0 42 22 40288  7 751690 173211 3.1 21 7 1 2 35% 26159455 12990 77%
c } 997.36  0 41 22 41410  7 763814 184197 3.1 21 7 1 2 35% 26159455 12990 77%
c [ 997.36  0 65 22 41410  2 763814 184197 3.2 52 16 1 2 45% 26159455 12990 77%
c - 1007.93  0 62 23 41410  2 776057 117460 3.5 55 16 1 2 45% 25773107 12990 77%
c 2 1007.99  0 62 23 41410  2 776057 117460 3.5 55 16 1 2 45% 25773107 12989 77%
c d 1008.46  0 62 23 41410  2 776057 117449 3.5 55 16 1 2 45% 25773092 12986 77%
c d 1008.90  0 62 23 41410  2 776057 117449 3.5 55 16 1 2 45% 25773089 12985 77%
c p 1009.63  0 62 23 41410  2 776057 154714 3.5 55 16 1 2 45% 25773089 12984 77%
c 2 1009.78  0 62 23 41410  2 776057 154704 3.5 55 16 1 2 45% 25773089 12984 77%
c = 1016.74  0 62 23 41410  2 776057 154691 3.5 55 16 1 2 45% 25773075 12983 77%
c 
c   seconds   reductions    conflicts          size   tier2          variables
c           MB      restarts       redundant      glue   trail            remaining
c            level        rate           size/glue  tier1   irredundant
c 
c u 1019.78  0 62 23 41410  2 776057 154065 3.5 55 16 1 2 45% 25773075 12983 77%
c v 1021.15  0 62 23 41410  2 776057 153902 3.5 55 16 1 2 45% 25773075 12983 77%
c w 1021.19  0 62 23 41410  2 776057 153902 3.5 55 16 1 2 45% 25773075 12983 77%
c t 1023.08  0 62 23 41410  2 776057 153892 3.5 55 16 1 2 45% 25772941 12983 77%
c ] 1024.40  0 62 23 41410  2 776769 154541 3.4 55 16 1 2 46% 25772941 12983 77%
c { 1024.40  0 41 23 41410  7 776769 154541 3.1 21 7 1 2 35% 25772941 12983 77%
c W 1038.71  0 41 23 41819  7 780092 157590 3.1 21 7 1 2 35% 25772941 12983 77%
c } 1049.26  0 41 23 42716  7 789922 166356 3.1 21 7 1 2 35% 25772939 12983 77%
c [ 1049.26  0 62 23 42716  2 789922 166356 3.4 55 16 1 2 46% 25772939 12983 77%
c s 1050.69  0 62 23 42716  2 791571 167911 3.5 55 16 1 2 45% 25693709 12983 77%
c t 1050.99  0 62 23 42716  2 791571 167910 3.5 55 16 1 2 45% 25693024 12983 77%
c e 1051.58  0 62 23 42716  2 791571 164644 3.5 55 16 1 2 45% 25692927 12955 77%
c s 1052.10  0 62 23 42716  2 791571 164644 3.5 55 16 1 2 45% 25619481 12955 77%
c ] 1061.73  0 72 23 42716  2 797076 169688 3.4 60 18 1 2 47% 25619481 12955 77%
c { 1061.73  0 41 23 42716  7 797076 169688 3.1 21 7 1 2 35% 25619481 12955 77%
c } 1077.24  0 40 23 43922  6 810522 181917 3.2 22 7 1 2 35% 25619481 12955 77%
c [ 1077.24  0 72 23 43922  2 810522 181917 3.4 60 18 1 2 47% 25619481 12955 77%
c ] 1087.19  0 71 23 43922  2 818231 188657 3.3 59 18 1 2 48% 25619481 12955 77%
c { 1087.19  0 40 23 43922  6 818231 188657 3.2 22 7 1 2 35% 25619481 12955 77%
c F 1089.68  0 40 23 44187  6 820093 190378 3.2 22 7 1 2 35% 25619481 12955 77%
c 
c   seconds   reductions    conflicts          size  tier2          variables
c           MB      restarts       redundant      glue  trail            remaining
c            level        rate           size/glue tier1   irredundant
c 
c } 1102.92  0 40 23 45266  6 832568 201515 3.3 23 7 1 2 35% 25619480 12955 77%
c [ 1102.92  0 71 23 45266  2 832568 201515 3.3 59 18 1 2 48% 25619480 12955 77%
c ] 1113.42  0 66 23 45267  2 850796 218890 3.6 63 17 1 2 45% 25619480 12955 77%
c { 1113.42  0 40 23 45267  6 850796 218890 3.3 23 7 1 2 35% 25619480 12955 77%
c - 1116.09  0 40 24 45317  6 851181 125392 3.3 23 7 1 2 35% 25619480 12955 77%
c 2 1116.17  0 40 24 45317  6 851181 125386 3.3 23 7 1 2 35% 25619381 12955 77%
c p 1117.06  0 40 24 45317  6 851181 173317 3.3 23 7 1 2 35% 25619381 12955 77%
c c 1122.91  0 40 24 45317  6 851181 173317 3.3 23 7 1 2 35% 25633212 12955 77%
c d 1123.47  0 40 24 45317  6 851181 173316 3.3 23 7 1 2 35% 25633208 12953 77%
c 2 1123.58  0 40 24 45317  6 851181 172852 3.3 23 7 1 2 35% 25633208 12953 77%
c = 1133.35  0 40 24 45317  6 851181 172852 3.3 23 7 1 2 35% 25633203 12951 77%
c u 1136.09  0 40 24 45317  6 851181 170558 3.3 23 7 1 2 35% 25633203 12951 77%
c v 1136.82  0 40 24 45317  6 851181 170509 3.3 23 7 1 2 35% 25633203 12951 77%
c w 1136.83  0 40 24 45317  6 851181 170509 3.3 23 7 1 2 35% 25633203 12951 77%
c t 1137.00  0 40 24 45317  6 851181 170493 3.3 23 7 1 2 35% 25619137 12951 77%
c B 1148.51  0 39 24 46054  6 861094 179428 3.3 24 7 1 2 35% 25619136 12951 77%
c } 1150.62  0 39 24 46221  6 863545 181623 3.4 24 7 1 2 35% 25619136 12951 77%
c [ 1150.62  0 66 24 46221  2 863545 181623 3.6 63 17 1 2 45% 25619136 12951 77%
c i 1151.67  0 66 24 46222  2 864801 182568 3.6 62 17 1 2 46% 25619136 12950 77%
c ] 1160.62  0 64 24 46226  2 871355 188074 3.6 60 17 1 2 47% 25619136 12950 77%
c 
c   seconds   reductions    conflicts          size  tier2          variables
c           MB      restarts       redundant      glue  trail            remaining
c            level        rate           size/glue tier1   irredundant
c 
c { 1160.62  0 39 24 46226  6 871355 188074 3.4 24 7 1 2 35% 25619136 12950 77%
c } 1175.91  0 38 24 47300  6 885568 200551 3.4 24 7 1 2 37% 25619136 12950 77%
c [ 1175.91  0 64 24 47300  2 885568 200551 3.6 60 17 1 2 47% 25619136 12950 77%
c ] 1187.03  0 58 24 47308  2 899381 212629 3.5 56 16 1 2 45% 25619136 12950 77%
c { 1187.03  0 38 24 47308  6 899381 212629 3.4 24 7 1 2 37% 25619136 12950 77%
c W 1198.42  0 38 24 47570  6 903095 211907 3.4 24 7 1 2 37% 25174417 12950 77%
c } 1210.23  0 38 24 48521  6 912467 220425 3.4 25 7 1 2 37% 25174416 12950 77%
c [ 1210.23  0 58 24 48521  2 912467 220425 3.5 56 16 1 2 45% 25174416 12950 77%
c - 1221.17  0 55 25 48527  2 929798 130245 3.6 56 16 1 2 45% 25174416 12950 77%
c 2 1221.22  0 55 25 48527  2 929798 130242 3.6 56 16 1 2 45% 25174415 12950 77%
c d 1221.65  0 55 25 48527  2 929798 130240 3.6 56 16 1 2 45% 25174409 12947 77%
c p 1222.74  0 55 25 48527  2 929798 183111 3.6 56 16 1 2 45% 25174409 12947 77%
c 2 1222.82  0 55 25 48527  2 929798 183102 3.6 56 16 1 2 45% 25174409 12947 77%
c u 1235.72  0 55 25 48527  2 929798 182525 3.6 56 16 1 2 45% 25174409 12947 77%
c v 1235.80  0 55 25 48527  2 929798 182524 3.6 56 16 1 2 45% 25174409 12947 77%
c w 1235.81  0 55 25 48527  2 929798 182524 3.6 56 16 1 2 45% 25174409 12947 77%
c t 1235.92  0 55 25 48527  2 929798 182507 3.6 56 16 1 2 45% 25174408 12947 77%
c ] 1239.54  0 56 25 48528  2 931515 184090 3.6 56 16 1 2 45% 25174408 12947 77%
c { 1239.54  0 38 25 48528  6 931515 184090 3.4 25 7 1 2 37% 25174408 12947 77%
c # 1254.89  0 37 25 49706  6 946097 197193 3.5 25 7 1 2 37% 25174407 12947 77%
c 
c   seconds   reductions    conflicts          size  tier2          variables
c           MB      restarts       redundant      glue  trail            remaining
c            level        rate           size/glue tier1   irredundant
c 
c } 1256.93  0 37 25 49886  6 947411 198424 3.5 26 7 1 2 37% 25174407 12947 77%
c [ 1256.93  0 56 25 49886  2 947411 198424 3.6 56 16 1 2 45% 25174407 12947 77%
c ] 1268.06  0 56 25 49892  2 958284 208048 3.7 59 16 1 2 47% 25174407 12947 77%
c { 1268.06  0 37 25 49892  6 958284 208048 3.5 26 7 1 2 37% 25174407 12947 77%
c } 1284.24  0 37 25 50918  6 970617 219063 3.6 26 7 1 2 37% 25174407 12947 77%
c [ 1284.24  0 56 25 50918  2 970617 219063 3.7 59 16 1 2 47% 25174407 12947 77%
c ] 1294.87  0 55 25 50920  2 976900 224816 3.8 60 16 1 2 48% 25174407 12947 77%
c { 1294.87  0 37 25 50920  6 976900 224816 3.6 26 7 1 2 37% 25174407 12947 77%
c s 1310.33  0 37 25 51967  6 988664 235467 3.7 27 7 1 2 37% 25093980 12947 77%
c t 1310.65  0 37 25 51967  6 988664 235466 3.7 27 7 1 2 37% 25092507 12947 77%
c e 1311.23  0 37 25 51967  6 988664 232761 3.7 27 7 1 2 37% 25092333 12900 77%
c s 1311.78  0 37 25 51967  6 988664 232760 3.7 27 7 1 2 37% 25017306 12900 77%
c B 1313.75  0 37 25 52028  6 990098 234045 3.6 27 7 1 2 37% 25017306 12900 77%
c } 1315.32  0 36 25 52144  6 991503 235287 3.7 27 7 1 2 37% 25017306 12900 77%
c [ 1315.32  0 55 25 52144  2 991503 235287 3.8 60 16 1 2 48% 25017306 12900 77%
c ] 1327.31  0 63 25 52146  2 1001401 244141 3.4 65 19 1 2 49% 25017306 12900 77%
c { 1327.31  0 36 25 52146  6 1001401 244141 3.7 27 7 1 2 37% 25017306 12900 77%
c - 1342.45  0 37 26 53291  6 1011781 140299 3.7 27 7 1 2 37% 25017305 12900 77%
c 2 1342.52  0 37 26 53291  6 1011781 140288 3.7 27 7 1 2 37% 25017035 12900 77%
c p 1343.47  0 37 26 53291  6 1011781 180458 3.7 27 7 1 2 37% 25017035 12900 77%
c 
c   seconds   reductions     conflicts          size  tier2          variables
c           MB      restarts        redundant      glue  trail            remaining
c            level        rate            size/glue tier1   irredundant
c 
c u 1352.52  0 37 26 53291  6 1011781 178669 3.7 27 7 1 2 37% 25029128 12900 77%
c t 1352.68  0 37 26 53291  6 1011781 178663 3.7 27 7 1 2 37% 25016136 12900 77%
c } 1357.33  0 36 26 53570  6 1016694 183048 3.7 27 7 1 2 37% 25016136 12900 77%
c [ 1357.33  0 63 26 53570  2 1016694 183048 3.4 65 19 1 2 49% 25016136 12900 77%
c B 1368.73  0 59 26 53573  2 1035099 200256 3.5 64 18 1 2 48% 25016136 12900 77%
c ] 1370.44  0 59 26 53573  2 1036718 201632 3.5 63 18 1 2 48% 25016136 12900 77%
c { 1370.44  0 36 26 53573  6 1036718 201632 3.7 27 7 1 2 37% 25016136 12900 77%
c } 1388.76  0 36 26 54887  5 1054050 217061 3.7 28 7 1 2 37% 25016136 12900 77%
c [ 1388.76  0 59 26 54887  2 1054050 217061 3.5 63 18 1 2 48% 25016136 12900 77%
c ] 1401.74  0 53 26 54898  2 1071737 231958 3.3 57 17 1 2 50% 25016136 12900 77%
c { 1401.74  0 36 26 54898  5 1071737 231958 3.7 28 7 1 2 37% 25016136 12900 77%
c W 1433.85  0 36 26 55499  5 1081101 240196 3.7 28 7 1 2 37% 25016135 12900 77%
c } 1442.15  0 36 26 56108  5 1088839 247319 3.7 28 7 1 2 36% 25016134 12900 77%
c [ 1442.15  0 53 26 56108  2 1088839 247319 3.3 57 17 1 2 50% 25016134 12900 77%
c - 1449.94  0 51 27 56109  2 1097236 146403 3.4 57 17 1 2 48% 25016134 12900 77%
c p 1451.51  0 51 27 56109  2 1097236 205354 3.4 57 17 1 2 48% 25016134 12899 77%
c = 1460.05  0 51 27 56109  2 1097236 205354 3.4 57 17 1 2 48% 25016109 12893 76%
c u 1462.28  0 51 27 56109  2 1097236 204974 3.4 57 17 1 2 48% 25016109 12893 76%
c v 1462.40  0 51 27 56109  2 1097236 204970 3.4 57 17 1 2 48% 25016109 12893 76%
c w 1462.46  0 51 27 56109  2 1097236 204970 3.4 57 17 1 2 48% 25016109 12893 76%
c 
c   seconds   reductions     conflicts          size   tier2          variables
c           MB      restarts        redundant      glue   trail            remaining
c            level        rate            size/glue  tier1   irredundant
c 
c x 1464.55  0 51 27 56109  2 1097236 204970 3.4 57 17 1 2 48% 25015994 12893 76%
c t 1464.65  0 51 27 56109  2 1097236 204964 3.4 57 17 1 2 48% 25015994 12893 76%
c ] 1472.06  0 54 27 56113  2 1105578 212571 3.3 57 17 1 2 49% 25015994 12893 76%
c { 1472.06  0 36 27 56113  5 1105578 212571 3.7 28 7 1 2 36% 25015994 12893 76%
c } 1491.18  0 35 27 57439  5 1122124 227340 3.7 28 8 1 2 36% 25015994 12893 76%
c [ 1491.18  0 54 27 57439  2 1122124 227340 3.3 57 17 1 2 49% 25015994 12893 76%
c W 1501.53  0 54 27 57442  2 1128103 232517 3.3 57 17 1 2 49% 25015994 12893 76%
c ] 1510.71  0 51 27 57450  2 1149848 251053 3.1 54 17 1 2 51% 25015994 12893 76%
c { 1510.71  0 35 27 57450  5 1149848 251053 3.7 28 8 1 2 36% 25015994 12893 76%
c } 1529.91  0 36 27 58841  5 1164264 264046 3.8 29 8 1 2 36% 25015994 12893 76%
c [ 1529.91  0 51 27 58841  2 1164264 264046 3.1 54 17 1 2 51% 25015994 12893 76%
c ] 1543.01  0 52 27 58842  2 1171049 270328 3.3 59 18 1 2 52% 25015994 12893 76%
c { 1543.01  0 36 27 58842  5 1171049 270328 3.8 29 8 1 2 36% 25015994 12893 76%
c F 1549.29  0 35 27 59314  5 1176104 274861 3.8 29 8 1 2 36% 25015994 12893 76%
c - 1563.06  0 36 28 60218  5 1186225 153801 3.8 30 8 1 2 36% 25015994 12893 76%
c 2 1563.11  0 36 28 60218  5 1186225 153787 3.8 30 8 1 2 36% 25015993 12893 76%
c p 1563.88  0 36 28 60218  5 1186225 190200 3.8 30 8 1 2 36% 25015993 12893 76%
c = 1574.37  0 36 28 60218  5 1186225 190199 3.8 30 8 1 2 36% 25015969 12888 76%
c u 1577.72  0 36 28 60218  5 1186225 189021 3.8 30 8 1 2 36% 25015969 12888 76%
c v 1577.77  0 36 28 60218  5 1186225 189020 3.8 30 8 1 2 36% 25015969 12888 76%
c 
c   seconds   reductions     conflicts          size  tier2          variables
c           MB      restarts        redundant      glue  trail            remaining
c            level        rate            size/glue tier1   irredundant
c 
c w 1577.79  0 36 28 60218  5 1186225 189020 3.8 30 8 1 2 36% 25015969 12888 76%
c t 1577.88  0 36 28 60218  5 1186225 189014 3.8 30 8 1 2 36% 25015968 12888 76%
c } 1579.04  0 36 28 60307  5 1187079 189738 3.8 30 8 1 2 36% 25015968 12888 76%
c [ 1579.04  0 52 28 60307  2 1187079 189738 3.3 59 18 1 2 52% 25015968 12888 76%
c s 1585.00  0 48 28 60308  2 1207092 208053 3.2 53 17 1 2 47% 24927162 12888 76%
c t 1585.34  0 48 28 60308  2 1207092 208053 3.2 53 17 1 2 47% 24925047 12888 76%
c e 1585.97  0 48 28 60308  2 1207092 207357 3.2 53 17 1 2 47% 24924970 12861 76%
c s 1586.50  0 48 28 60308  2 1207092 207357 3.2 53 17 1 2 47% 24845432 12861 76%
c I 1596.87  0 59 28 60308  2 1225106 224195 3.2 57 18 1 2 44% 24845432 12861 76%
c ] 1600.32  0 59 28 60310  2 1233462 231915 3.3 58 18 1 2 44% 24845432 12861 76%
c { 1600.32  0 36 28 60310  5 1233462 231915 3.8 30 8 1 2 36% 24845432 12861 76%
c } 1619.23  0 35 28 61286  5 1248212 245107 3.9 30 8 1 2 35% 24845431 12861 76%
c [ 1619.23  0 59 28 61286  2 1248212 245107 3.3 58 18 1 2 44% 24845431 12861 76%
c ] 1636.07  0 53 28 61298  2 1270940 264304 3.3 54 16 1 2 44% 24845431 12861 76%
c { 1636.07  0 35 28 61298  5 1270940 264304 3.9 30 8 1 2 35% 24845431 12861 76%
c B 1640.67  0 35 28 61630  5 1275110 268088 3.9 30 8 1 2 35% 24845431 12861 76%
c - 1645.92  0 35 29 61962  5 1278751 159079 3.9 30 8 1 2 35% 24845431 12861 76%
c 2 1645.96  0 35 29 61962  5 1278751 159076 3.9 30 8 1 2 35% 24845222 12861 76%
c p 1646.77  0 35 29 61962  5 1278751 193628 3.9 30 8 1 2 35% 24845222 12861 76%
c t 1659.87  0 35 29 61962  5 1278751 193627 3.9 30 8 1 2 35% 24844562 12861 76%
c 
c   seconds   reductions     conflicts          size  tier2          variables
c           MB      restarts        redundant      glue  trail            remaining
c            level        rate            size/glue tier1   irredundant
c 
c } 1672.45  0 35 29 62841  5 1291478 205062 3.9 30 8 1 2 35% 24844560 12861 76%
c [ 1672.45  0 53 29 62841  2 1291478 205062 3.3 54 16 1 2 44% 24844560 12861 76%
c ] 1688.49  0 50 29 62849  2 1312964 223674 3.3 54 16 1 2 44% 24844560 12861 76%
c { 1688.49  0 35 29 62849  5 1312964 223674 3.9 30 8 1 2 35% 24844560 12861 76%
c W 1716.15  0 35 29 63872  5 1326113 235459 3.9 31 8 1 2 36% 24844559 12861 76%
c } 1722.42  0 35 29 64340  5 1331214 240057 3.9 31 8 1 2 36% 24844559 12861 76%
c [ 1722.42  0 50 29 64340  2 1331214 240057 3.3 54 16 1 2 44% 24844559 12861 76%
c i 1728.20  0 49 29 64343  2 1334592 242716 3.3 53 16 1 2 45% 24844559 12860 76%
c ] 1735.52  0 49 29 64346  2 1339409 246871 3.3 52 16 1 2 46% 24844559 12860 76%
c { 1735.53  0 35 29 64346  5 1339409 246871 3.9 31 8 1 2 36% 24844559 12860 76%
c i 1739.25  0 34 29 64432  5 1342735 249358 3.9 31 8 1 2 37% 24844559 12859 76%
c } 1755.79  0 35 29 65602  5 1356385 261652 4.0 32 8 1 2 37% 24844559 12859 76%
c [ 1755.79  0 49 29 65602  2 1356385 261652 3.3 52 16 1 2 46% 24844559 12859 76%
c ] 1769.98  0 48 29 65604  2 1367437 271183 3.1 51 16 1 2 47% 24844559 12859 76%
c { 1769.98  0 35 29 65604  5 1367437 271183 4.0 32 8 1 2 37% 24844559 12859 76%
c i 1774.91  0 34 29 65809  5 1371024 274146 4.0 32 8 1 2 37% 24844559 12852 76%
c - 1781.18  0 35 30 66208  5 1374734 159099 4.0 32 8 1 2 37% 23754632 12852 76%
c 2 1781.22  0 35 30 66208  5 1374734 159098 4.0 32 8 1 2 37% 23754632 12852 76%
c d 1781.65  0 35 30 66208  5 1374734 159098 4.0 32 8 1 2 37% 23754628 12850 76%
c p 1782.65  0 35 30 66208  5 1374734 210676 4.0 32 8 1 2 37% 23754628 12850 76%
c 
c   seconds   reductions     conflicts          size  tier2          variables
c           MB      restarts        redundant      glue  trail            remaining
c            level        rate            size/glue tier1   irredundant
c 
c 2 1782.76  0 35 30 66208  5 1374734 210579 4.0 32 8 1 2 37% 23754628 12850 76%
c u 1785.57  0 35 30 66208  5 1374734 208132 4.0 32 8 1 2 37% 23754628 12849 76%
c v 1785.57  0 35 30 66208  5 1374734 208132 4.0 32 8 1 2 37% 23754628 12849 76%
c t 1785.67  0 35 30 66208  5 1374734 207894 4.0 32 8 1 2 37% 23754628 12849 76%
c # 1789.60  0 34 30 66454  5 1378114 210916 4.0 32 8 1 2 37% 23754628 12849 76%
c } 1796.33  0 35 30 66842  5 1384705 216927 4.1 33 8 1 2 37% 23754628 12849 76%
c [ 1796.33  0 48 30 66842  2 1384705 216927 3.1 51 16 1 2 47% 23754628 12849 76%
c ] 1813.30  0 46 30 66849  2 1411828 241310 3.1 51 16 1 2 45% 23754628 12849 76%
c { 1813.30  0 35 30 66849  5 1411828 241310 4.1 33 8 1 2 37% 23754628 12849 76%
c B 1832.25  0 34 30 68000  5 1431117 258567 4.1 33 8 1 2 37% 23754628 12849 76%
c i 1833.77  0 34 30 68035  5 1432648 259761 4.1 32 8 1 2 37% 23754628 12848 76%
c } 1833.80  0 34 30 68035  5 1432648 259761 4.1 32 8 1 2 37% 23754628 12848 76%
c [ 1833.80  0 46 30 68035  2 1432648 259761 3.1 51 16 1 2 45% 23754628 12848 76%
c ] 1848.86  0 46 30 68042  2 1444184 269764 3.1 51 17 1 2 46% 23754628 12848 76%
c { 1848.86  0 34 30 68042  5 1444184 269764 4.1 32 8 1 2 37% 23754628 12848 76%
c s 1853.13  0 34 30 68333  5 1447240 272521 4.1 32 8 1 2 37% 23688358 12848 76%
c t 1853.44  0 34 30 68333  5 1447240 272521 4.1 32 8 1 2 37% 23687618 12848 76%
c e 1854.01  0 34 30 68333  5 1447240 265967 4.1 32 8 1 2 37% 23306883 12840 76%
c s 1854.52  0 34 30 68333  5 1447240 265967 4.1 32 8 1 2 37% 23250466 12840 76%
c } 1875.03  0 34 30 69721  5 1466107 282883 4.2 33 8 1 2 37% 23250466 12840 76%
c 
c   seconds   reductions     conflicts          size   tier2          variables
c           MB      restarts        redundant      glue   trail            remaining
c            level        rate            size/glue  tier1   irredundant
c 
c [ 1875.03  0 46 30 69721  2 1466107 282883 3.1 51 17 1 2 46% 23250466 12840 76%
c ] 1889.38  0 47 30 69723  2 1473578 289677 3.1 53 17 1 2 47% 23250466 12840 76%
c { 1889.38  0 34 30 69723  5 1473578 289677 4.2 33 8 1 2 37% 23250466 12840 76%
c - 1890.91  0 34 31 69733  5 1473686 163614 4.2 33 8 1 2 37% 23250466 12840 76%
c 2 1890.96  0 34 31 69733  5 1473686 163611 4.2 33 8 1 2 37% 23250312 12840 76%
c d 1891.37  0 34 31 69733  5 1473686 163609 4.2 33 8 1 2 37% 23250312 12839 76%
c p 1892.49  0 34 31 69733  5 1473686 196355 4.2 33 8 1 2 37% 23250312 12839 76%
c 2 1892.57  0 34 31 69733  5 1473686 196352 4.2 33 8 1 2 37% 23250312 12839 76%
c = 1903.84  0 34 31 69733  5 1473686 196333 4.2 33 8 1 2 37% 23250304 12837 76%
c u 1907.80  0 34 31 69733  5 1473686 195013 4.2 33 8 1 2 37% 23250304 12837 76%
c v 1907.86  0 34 31 69733  5 1473686 195009 4.2 33 8 1 2 37% 23250304 12837 76%
c w 1907.86  0 34 31 69733  5 1473686 195009 4.2 33 8 1 2 37% 23250304 12837 76%
c t 1907.95  0 34 31 69733  5 1473686 194997 4.2 33 8 1 2 37% 23249939 12837 76%
c W 1932.57  0 33 31 70351  5 1485120 205280 4.2 34 8 1 2 37% 23249939 12837 76%
c } 1944.55  0 33 31 71064  5 1496468 215204 4.2 34 8 1 2 37% 23249939 12837 76%
c [ 1944.55  0 47 31 71064  2 1496468 215204 3.1 53 17 1 2 47% 23249939 12837 76%
c ] 1958.25  0 44 31 71066  2 1504897 223015 3.3 54 17 1 2 47% 23249939 12837 76%
c { 1958.25  0 33 31 71066  5 1504897 223015 4.2 34 8 1 2 37% 23249939 12837 76%
c } 1980.97  0 33 31 72440  5 1526211 242238 4.2 34 8 1 2 37% 23249939 12837 76%
c [ 1980.97  0 44 31 72440  2 1526211 242238 3.3 54 17 1 2 47% 23249939 12837 76%
c 
c   seconds   reductions     conflicts          size   tier2          variables
c           MB      restarts        redundant      glue   trail            remaining
c            level        rate            size/glue  tier1   irredundant
c 
c B 1993.11  0 51 31 72448  2 1540122 255085 3.3 57 17 1 2 47% 23249939 12837 76%
c ] 1998.05  0 50 31 72451  2 1543609 257991 3.2 56 17 1 2 47% 23249939 12837 76%
c { 1998.05  0 33 31 72451  5 1543609 257991 4.2 34 8 1 2 37% 23249939 12837 76%
c i 2008.11  0 32 31 73056  4 1554079 267073 4.2 33 8 1 2 38% 23249939 12836 76%
c } 2021.70  0 32 31 74064  4 1568458 279951 4.2 34 8 1 2 37% 23249939 12836 76%
c [ 2021.70  0 50 31 74064  2 1568458 279951 3.2 56 17 1 2 47% 23249939 12836 76%
c - 2026.89  0 49 32 74066  2 1575850 172590 3.3 55 17 1 2 47% 23249928 12836 76%
c d 2027.34  0 49 32 74066  2 1575850 172587 3.3 55 17 1 2 47% 23249924 12835 76%
c p 2028.26  0 49 32 74066  2 1575850 217128 3.3 55 17 1 2 47% 23249924 12835 76%
c = 2037.04  0 49 32 74066  2 1575850 217114 3.3 55 17 1 2 47% 23249906 12825 76%
c u 2040.93  0 49 32 74066  2 1575850 216159 3.3 55 17 1 2 47% 23249906 12825 76%
c v 2042.90  0 49 32 74066  2 1575850 215995 3.3 55 17 1 2 47% 23249906 12825 76%
c w 2042.97  0 49 32 74066  2 1575850 215995 3.3 55 17 1 2 47% 23249906 12825 76%
c t 2043.05  0 49 32 74066  2 1575850 215984 3.3 55 17 1 2 47% 23249906 12825 76%
c ] 2056.33  0 53 32 74067  2 1588394 227446 3.1 60 19 1 2 47% 23249906 12825 76%
c { 2056.33  0 32 32 74067  4 1588394 227446 4.2 34 8 1 2 37% 23249906 12825 76%
c F 2064.20  0 32 32 74594  4 1596123 234364 4.2 34 8 1 2 37% 23249906 12825 76%
c } 2079.44  0 32 32 75504  4 1611206 247424 4.2 34 8 1 2 38% 23249906 12825 76%
c [ 2079.44  0 53 32 75504  2 1611206 247424 3.1 60 19 1 2 47% 23249906 12825 76%
c ] 2099.83  0 46 32 75505  2 1646404 279296 3.5 61 18 1 2 46% 23249906 12825 76%
c 
c   seconds   reductions     conflicts          size  tier2          variables
c           MB      restarts        redundant      glue  trail            remaining
c            level        rate            size/glue tier1   irredundant
c 
c { 2099.83  0 32 32 75505  4 1646404 279296 4.2 34 8 1 2 38% 23249906 12825 76%
c B 2106.46  0 32 32 75928  4 1653125 285060 4.2 34 8 1 2 38% 23249906 12825 76%
c } 2124.14  0 32 32 77104  4 1670510 300290 4.1 33 8 1 2 38% 23249906 12825 76%
c [ 2124.14  0 46 32 77104  2 1670510 300290 3.5 61 18 1 2 46% 23249906 12825 76%
c - 2132.53  0 44 33 77105  2 1681498 179307 3.6 61 17 1 2 47% 23249906 12825 76%
c 2 2132.58  0 44 33 77105  2 1681498 179294 3.6 61 17 1 2 47% 23249906 12825 76%
c p 2133.70  0 44 33 77105  2 1681498 210175 3.6 61 17 1 2 47% 23249906 12825 76%
c c 2139.01  0 44 33 77105  2 1681498 210175 3.6 61 17 1 2 47% 23259640 12825 76%
c d 2139.50  0 44 33 77105  2 1681498 210173 3.6 61 17 1 2 47% 23259638 12824 76%
c 2 2139.61  0 44 33 77105  2 1681498 210171 3.6 61 17 1 2 47% 23259636 12824 76%
c = 2141.24  0 44 33 77105  2 1681498 210146 3.6 61 17 1 2 47% 23259636 12818 76%
c u 2143.65  0 44 33 77105  2 1681498 209437 3.6 61 17 1 2 47% 23259636 12818 76%
c v 2144.76  0 44 33 77105  2 1681498 209356 3.6 61 17 1 2 47% 23259636 12818 76%
c w 2144.77  0 44 33 77105  2 1681498 209356 3.6 61 17 1 2 47% 23259636 12818 76%
c x 2146.38  0 44 33 77105  2 1681498 209355 3.6 61 17 1 2 47% 23259505 12818 76%
c t 2146.49  0 44 33 77105  2 1681498 209344 3.6 61 17 1 2 47% 23249777 12818 76%
c ] 2156.54  0 46 33 77105  2 1690242 217121 3.4 61 18 1 2 48% 23249777 12818 76%
c { 2156.54  0 32 33 77105  4 1690242 217121 4.1 33 8 1 2 38% 23249777 12818 76%
c s 2174.75  0 32 33 78224  4 1706979 232262 4.1 33 8 1 2 37% 23194856 12818 76%
c t 2175.04  0 32 33 78224  4 1706979 232262 4.1 33 8 1 2 37% 23193947 12818 76%
c 
c   seconds   reductions     conflicts          size  tier2          variables
c           MB      restarts        redundant      glue  trail            remaining
c            level        rate            size/glue tier1   irredundant
c 
c e 2175.58  0 32 33 78224  4 1706979 230944 4.1 33 8 1 2 37% 23193914 12803 76%
c s 2176.09  0 32 33 78224  4 1706979 230943 4.1 33 8 1 2 37% 23133970 12803 76%
c W 2193.29  0 32 33 78641  4 1711131 234729 4.1 33 8 1 2 37% 23133970 12803 76%
c } 2196.32  0 32 33 78868  4 1714101 237288 4.1 33 8 1 2 37% 23133970 12803 76%
c [ 2196.32  0 46 33 78868  2 1714101 237288 3.4 61 18 1 2 48% 23133970 12803 76%
c ] 2212.76  0 44 33 78868  2 1733263 255764 4.0 69 17 1 2 45% 23133970 12803 76%
c { 2212.76  0 32 33 78868  4 1733263 255764 4.1 33 8 1 2 37% 23133970 12803 76%
c } 2238.61  0 32 33 80387  4 1760247 279627 4.2 35 8 1 2 37% 23133968 12803 76%
c [ 2238.61  0 44 33 80387  2 1760247 279627 4.0 69 17 1 2 45% 23133968 12803 76%
c W 2251.39  0 44 33 80387  2 1770132 289009 4.0 67 17 1 2 43% 23133968 12803 76%
c - 2259.64  0 56 34 80387  2 1790631 185048 3.2 66 21 1 2 42% 23133968 12803 76%
c 2 2259.69  0 56 34 80387  2 1790631 185022 3.2 66 21 1 2 42% 23133807 12803 76%
c p 2260.57  0 56 34 80387  2 1790631 228495 3.2 66 21 1 2 42% 23133807 12803 76%
c = 2269.55  0 56 34 80387  2 1790631 228495 3.2 66 21 1 2 42% 23133802 12802 76%
c u 2272.55  0 56 34 80387  2 1790631 226095 3.2 66 21 1 2 42% 23133802 12802 76%
c v 2272.70  0 56 34 80387  2 1790631 226086 3.2 66 21 1 2 42% 23133802 12802 76%
c w 2272.90  0 56 34 80387  2 1790631 226086 3.2 66 21 1 2 42% 23133802 12802 76%
c t 2273.00  0 56 34 80387  2 1790631 226078 3.2 66 21 1 2 42% 23133334 12802 76%
c ] 2277.58  0 56 34 80387  2 1796177 230933 3.2 67 21 1 2 43% 23133334 12802 76%
c { 2277.58  0 32 34 80387  4 1796177 230933 4.2 35 8 1 2 37% 23133334 12802 76%
c 
c   seconds   reductions     conflicts          size  tier2          variables
c           MB      restarts        redundant      glue  trail            remaining
c            level        rate            size/glue tier1   irredundant
c 
c } 2303.37  0 32 34 82046  4 1821835 254054 4.3 35 8 1 2 36% 23133334 12802 76%
c [ 2303.37  0 56 34 82046  2 1821835 254054 3.2 67 21 1 2 43% 23133334 12802 76%
c O 2308.56  0 56 34 82047  2 1830136 261531 3.2 65 20 1 2 42% 23133334 12802 76%
c ] 2322.43  0 55 34 82047  2 1841742 272062 3.2 63 20 1 2 40% 23133334 12802 76%
c { 2322.43  0 32 34 82047  4 1841742 272062 4.3 35 8 1 2 36% 23133334 12802 76%
c } 2348.99  0 31 34 83979  4 1867919 295175 4.3 35 8 1 2 36% 23133333 12802 76%
c [ 2348.99  0 55 34 83979  2 1867919 295175 3.2 63 20 1 2 40% 23133333 12802 76%
c B 2358.04  0 63 34 83979  2 1891138 316486 2.7 64 23 1 2 36% 23133333 12802 76%
c - 2369.94  0 70 35 83979  2 1903180 190101 2.7 67 25 1 2 38% 23133333 12802 76%
c 2 2369.99  0 70 35 83979  2 1903180 190100 2.7 67 25 1 2 38% 23133333 12802 76%
c p 2371.09  0 70 35 83979  2 1903180 219269 2.7 67 25 1 2 38% 23133333 12802 76%
c = 2385.29  0 70 35 83979  2 1903180 219269 2.7 67 25 1 2 38% 23142864 12799 76%
c u 2388.91  0 70 35 83979  2 1903180 218282 2.7 67 25 1 2 38% 23142864 12799 76%
c v 2389.01  0 70 35 83979  2 1903180 218279 2.7 67 25 1 2 38% 23142864 12799 76%
c w 2389.07  0 70 35 83979  2 1903180 218278 2.7 67 25 1 2 38% 23142864 12799 76%
c t 2389.18  0 70 35 83979  2 1903180 218268 2.7 67 25 1 2 38% 23133322 12799 76%
c ] 2391.58  0 70 35 83979  2 1905049 219878 2.7 66 25 1 2 38% 23133322 12799 76%
c { 2391.58  0 31 35 83979  4 1905049 219878 4.3 35 8 1 2 36% 23133322 12799 76%
c } 2418.29  0 31 35 85672  4 1932722 244968 4.2 35 8 1 2 36% 23133322 12799 76%
c [ 2418.29  0 70 35 85672  2 1932722 244968 2.7 66 25 1 2 38% 23133322 12799 76%
c 
c   seconds   reductions     conflicts          size   tier2          variables
c           MB      restarts        redundant      glue   trail            remaining
c            level        rate            size/glue  tier1   irredundant
c 
c W 2434.88  0 63 35 85672  2 1953143 263753 2.7 62 23 1 2 37% 23133322 12799 76%
c ] 2450.56  0 68 35 85672  2 1981773 289480 2.4 59 24 1 2 33% 23133322 12799 76%
c { 2450.56  0 31 35 85672  4 1981773 289480 4.2 35 8 1 2 36% 23133322 12799 76%
c s 2458.61  0 31 35 86041  4 1988282 295080 4.3 36 8 1 2 36% 23081927 12799 76%
c t 2458.88  0 31 35 86041  4 1988282 295080 4.3 36 8 1 2 36% 23081128 12799 76%
c e 2459.39  0 31 35 86041  4 1988282 294957 4.3 36 8 1 2 36% 23081114 12794 76%
c s 2459.83  0 31 35 86041  4 1988282 294954 4.3 36 8 1 2 36% 23020302 12794 76%
c } 2480.04  0 32 35 87341  4 2005030 309954 4.3 36 8 1 2 36% 23020302 12794 76%
c [ 2480.04  0 68 35 87341  2 2005030 309954 2.4 59 24 1 2 33% 23020302 12794 76%
c I 2490.54  0 65 35 87341  2 2016144 320482 2.5 58 23 1 2 34% 23020302 12794 76%
c - 2494.13  0 64 36 87341  2 2019205 196133 2.5 57 23 1 2 33% 23020302 12794 76%
c 2 2494.18  0 64 36 87341  2 2019205 196133 2.5 57 23 1 2 33% 23019850 12794 76%
c p 2495.14  0 64 36 87341  2 2019205 237651 2.5 57 23 1 2 33% 23019850 12794 76%
c = 2501.46  0 64 36 87341  2 2019205 237651 2.5 57 23 1 2 33% 23019825 12789 76%
c u 2504.68  0 64 36 87341  2 2019205 236123 2.5 57 23 1 2 33% 23019825 12789 76%
c v 2504.72  0 64 36 87341  2 2019205 236122 2.5 57 23 1 2 33% 23019825 12789 76%
c w 2504.74  0 64 36 87341  2 2019205 236122 2.5 57 23 1 2 33% 23019825 12789 76%
c t 2504.82  0 64 36 87341  2 2019205 236120 2.5 57 23 1 2 33% 23018760 12789 76%
c ] 2512.62  0 58 36 87341  2 2034676 249893 2.8 57 21 1 2 34% 23018760 12789 76%
c { 2512.62  0 32 36 87341  4 2034676 249893 4.3 36 8 1 2 36% 23018760 12789 76%
c 
c   seconds   reductions     conflicts          size  tier2          variables
c           MB      restarts        redundant      glue  trail            remaining
c            level        rate            size/glue tier1   irredundant
c 
c } 2539.67  0 31 36 88906  4 2059719 272184 4.2 36 8 1 2 36% 23018760 12789 76%
c [ 2539.67  0 58 36 88906  2 2059719 272184 2.8 57 21 1 2 34% 23018760 12789 76%
c B 2552.82  0 52 36 88919  2 2080147 289708 2.9 55 19 1 2 35% 23018760 12789 76%
c ] 2561.18  0 54 36 88921  2 2087563 296327 2.9 55 19 1 2 36% 23018760 12789 76%
c { 2561.18  0 31 36 88921  4 2087563 296327 4.2 36 8 1 2 36% 23018760 12789 76%
c } 2588.61  0 31 36 90627  4 2112529 318787 4.4 37 8 1 2 35% 23018760 12789 76%
c [ 2588.61  0 54 36 90627  2 2112529 318787 2.9 55 19 1 2 36% 23018760 12789 76%
c ] 2607.15  0 49 36 90634  2 2128658 333768 3.3 59 18 1 2 36% 23018760 12789 76%
c { 2607.15  0 31 36 90634  4 2128658 333768 4.4 37 8 1 2 35% 23018760 12789 76%
c - 2620.02  0 31 37 91392  4 2138640 204335 4.4 37 8 1 2 36% 23018760 12789 76%
c p 2621.42  0 31 37 91392  4 2138640 249178 4.4 37 8 1 2 36% 23018760 12789 76%
c = 2633.11  0 31 37 91392  4 2138640 249178 4.4 37 8 1 2 36% 23018750 12786 76%
c u 2637.18  0 31 37 91392  4 2138640 246778 4.4 37 8 1 2 36% 23018750 12786 76%
c v 2637.19  0 31 37 91392  4 2138640 246778 4.4 37 8 1 2 36% 23018750 12786 76%
c w 2637.20  0 31 37 91392  4 2138640 246778 4.4 37 8 1 2 36% 23018750 12786 76%
c t 2637.28  0 31 37 91392  4 2138640 246775 4.4 37 8 1 2 36% 23018748 12786 76%
c # 2642.95  0 31 37 91753  4 2145149 252647 4.4 38 8 1 2 35% 23018748 12786 76%
c } 2654.75  0 31 37 92443  4 2157452 263713 4.4 37 8 1 2 35% 23018747 12786 76%
c [ 2654.75  0 49 37 92443  2 2157452 263713 3.3 59 18 1 2 36% 23018747 12786 76%
c ] 2676.07  0 43 37 92452  2 2194487 295361 2.9 50 17 1 2 41% 23018747 12786 76%
c 
c   seconds   reductions     conflicts          size  tier2          variables
c           MB      restarts        redundant      glue  trail            remaining
c            level        rate            size/glue tier1   irredundant
c 
c { 2676.07  0 31 37 92452  4 2194487 295361 4.4 37 8 1 2 35% 23018747 12786 76%
c B 2693.08  0 31 37 93509  4 2211150 310136 4.4 38 8 1 2 35% 23018747 12786 76%
c } 2705.30  0 31 37 94269  4 2224910 322406 4.4 38 8 1 2 34% 23018747 12786 76%
c [ 2705.30  0 43 37 94269  2 2224910 322406 2.9 50 17 1 2 41% 23018747 12786 76%
c ] 2723.89  0 41 37 94273  2 2232571 329194 3.1 51 16 1 2 41% 23018747 12786 76%
c { 2723.89  0 31 37 94273  4 2232571 329194 4.4 38 8 1 2 34% 23018747 12786 76%
c } 2754.11  0 31 37 96409  4 2260246 354043 4.5 39 9 1 2 35% 23018747 12786 76%
c [ 2754.11  0 41 37 96409  2 2260246 354043 3.1 51 16 1 2 41% 23018747 12786 76%
c - 2757.68  0 41 38 96410  2 2261557 212182 3.1 51 16 1 2 41% 23018747 12786 76%
c p 2758.86  0 41 38 96410  2 2261557 261325 3.1 51 16 1 2 41% 23018747 12786 76%
c = 2772.85  0 41 38 96410  2 2261557 261324 3.1 51 16 1 2 41% 23027998 12783 76%
c u 2777.43  0 41 38 96410  2 2261557 260175 3.1 51 16 1 2 41% 23027998 12783 76%
c v 2777.58  0 41 38 96410  2 2261557 260166 3.1 51 16 1 2 41% 23027998 12783 76%
c w 2777.77  0 41 38 96410  2 2261557 260165 3.1 51 16 1 2 41% 23027998 12783 76%
c t 2777.87  0 41 38 96410  2 2261557 260157 3.1 51 16 1 2 41% 23018734 12783 76%
c ] 2794.15  0 41 38 96415  2 2271624 268646 3.0 50 17 1 2 42% 23018734 12783 76%
c { 2794.15  0 31 38 96415  4 2271624 268646 4.5 39 9 1 2 35% 23018734 12783 76%
c W 2820.91  0 32 38 96825  4 2278152 274509 4.5 39 9 1 2 35% 23018734 12783 76%
c s 2836.12  0 32 38 97758  4 2291054 286048 4.5 39 9 1 2 35% 22953736 12783 76%
c t 2836.39  0 32 38 97758  4 2291054 286048 4.5 39 9 1 2 35% 22952486 12783 76%
c 
c   seconds   reductions     conflicts          size  tier2          variables
c           MB      restarts        redundant      glue  trail            remaining
c            level        rate            size/glue tier1   irredundant
c 
c e 2836.90  0 32 38 97758  4 2291054 285838 4.5 39 9 1 2 35% 22952468 12779 76%
c s 2837.40  0 32 38 97758  4 2291054 285838 4.5 39 9 1 2 35% 22896164 12779 76%
c } 2845.03  0 32 38 98117  4 2297530 291557 4.5 39 9 1 2 34% 22896164 12779 76%
c [ 2845.03  0 41 38 98117  2 2297530 291557 3.0 50 17 1 2 42% 22896164 12779 76%
c ] 2868.26  0 40 38 98131  2 2329257 319567 3.0 50 16 1 2 42% 22896164 12779 76%
c { 2868.26  0 32 38 98131  4 2329257 319567 4.5 39 9 1 2 34% 22896164 12779 76%
c F 2885.37  0 32 38 99249  4 2346153 334671 4.5 39 9 1 2 35% 22896164 12779 76%
c } 2899.60  0 31 38 100074  4 2361877 348777 4.5 38 9 1 2 34% 22896164 12779 76%
c [ 2899.60  0 40 38 100074  2 2361877 348777 3.0 50 16 1 2 42% 22896164 12779 76%
c ] 2918.83  0 36 38 100081  2 2384975 370002 3.2 49 15 1 2 40% 22896164 12779 76%
c { 2918.83  0 31 38 100081  4 2384975 370002 4.5 38 9 1 2 34% 22896164 12779 76%
c - 2923.61  0 31 39 100324  4 2387957 218120 4.4 38 9 1 2 34% 22896164 12779 76%
c 2 2923.67  0 31 39 100324  4 2387957 218116 4.4 38 9 1 2 34% 22895991 12779 76%
c p 2925.15  0 31 39 100324  4 2387957 274897 4.4 38 9 1 2 34% 22895991 12779 76%
c = 2938.61  0 31 39 100324  4 2387957 274896 4.4 38 9 1 2 34% 22895961 12773 76%
c u 2942.34  0 31 39 100324  4 2387957 274400 4.4 38 9 1 2 34% 22895961 12773 76%
c v 2942.35  0 31 39 100324  4 2387957 274399 4.4 38 9 1 2 34% 22895961 12773 76%
c w 2942.36  0 31 39 100324  4 2387957 274399 4.4 38 9 1 2 34% 22895961 12773 76%
c x 2945.67  0 31 39 100324  4 2387957 274396 4.4 38 9 1 2 34% 22894581 12773 76%
c t 2945.76  0 31 39 100324  4 2387957 274392 4.4 38 9 1 2 34% 22894043 12773 76%
c 
c   seconds   reductions      conflicts          size  tier2          variables
c           MB      restarts         redundant      glue  trail            remaining
c            level         rate            size/glue tier1   irredundant
c 
c } 2973.15  0 31 39 101907  4 2413068 296694 4.4 38 9 1 2 34% 22894043 12773 76%
c [ 2973.15  0 36 39 101907  2 2413068 296694 3.2 49 15 1 2 40% 22894043 12773 76%
c W 2981.25  0 36 39 101907  2 2415154 298712 3.3 50 15 1 2 40% 22894043 12773 76%
c ] 3005.58  0 55 39 101908  2 2453723 333016 2.9 64 22 1 2 46% 22894043 12773 76%
c { 3005.58  0 31 39 101908  4 2453723 333016 4.4 38 9 1 2 34% 22894043 12773 76%
c B 3035.60  0 31 39 103480  4 2485156 360674 4.5 39 9 1 2 34% 22894043 12773 76%
c } 3036.83  0 31 39 103525  4 2486041 361432 4.5 39 9 1 2 34% 22894043 12773 76%
c [ 3036.83  0 55 39 103525  2 2486041 361432 2.9 64 22 1 2 46% 22894043 12773 76%
c - 3058.54  0 51 40 103540  2 2517752 224415 3.1 63 20 1 2 46% 22894043 12773 76%
c 2 3058.59  0 51 40 103540  2 2517752 224412 3.1 63 20 1 2 46% 22894043 12773 76%
c p 3059.46  0 51 40 103540  2 2517752 254912 3.1 63 20 1 2 46% 22894043 12773 76%
c = 3069.21  0 51 40 103540  2 2517752 254910 3.1 63 20 1 2 46% 22894034 12770 76%
c u 3072.83  0 51 40 103540  2 2517752 252539 3.1 63 20 1 2 46% 22894034 12770 76%
c v 3073.08  0 51 40 103540  2 2517752 252532 3.1 63 20 1 2 46% 22894034 12770 76%
c w 3073.26  0 51 40 103540  2 2517752 252532 3.1 63 20 1 2 46% 22894034 12770 76%
c t 3073.36  0 51 40 103540  2 2517752 252523 3.1 63 20 1 2 46% 22894028 12770 76%
c ] 3078.14  0 51 40 103540  2 2520973 255378 3.0 63 21 1 2 46% 22894028 12770 76%
c { 3078.14  0 31 40 103540  4 2520973 255378 4.5 39 9 1 2 34% 22894028 12770 76%
c } 3109.08  0 30 40 105115  4 2551570 282374 4.6 39 9 1 2 35% 22894028 12770 76%
c [ 3109.08  0 51 40 105115  2 2551570 282374 3.0 63 21 1 2 46% 22894028 12770 76%
c 
c   seconds   reductions      conflicts          size   tier2          variables
c           MB      restarts         redundant      glue   trail            remaining
c            level         rate            size/glue  tier1   irredundant
c 
c O 3112.46  0 50 40 105115  2 2556157 286638 3.1 61 20 1 2 46% 22894028 12770 76%
c ] 3135.61  0 40 40 105133  2 2607766 331837 3.0 52 17 1 2 38% 22894028 12770 76%
c { 3135.61  0 30 40 105133  4 2607766 331837 4.6 39 9 1 2 35% 22894028 12770 76%
c s 3143.11  0 31 40 105608  4 2615268 338656 4.6 40 9 1 2 35% 22830308 12770 76%
c t 3143.38  0 31 40 105608  4 2615268 338656 4.6 40 9 1 2 35% 22829806 12770 76%
c e 3143.87  0 31 40 105608  4 2615268 338592 4.6 40 9 1 2 35% 22829802 12767 76%
c s 3144.37  0 31 40 105608  4 2615268 338592 4.6 40 9 1 2 35% 22777108 12767 76%
c W 3171.87  0 31 40 106594  4 2628159 350273 4.6 40 9 1 2 34% 22777108 12767 76%
c } 3183.58  0 31 40 107406  4 2638050 359095 4.6 40 9 1 2 34% 22777108 12767 76%
c [ 3183.58  0 40 40 107406  2 2638050 359095 3.0 52 17 1 2 38% 22777108 12767 76%
c - 3195.44  0 41 41 107413  2 2651026 227198 2.9 52 18 1 2 39% 22777108 12767 76%
c 2 3195.48  0 41 41 107413  2 2651026 227195 2.9 52 18 1 2 39% 22776903 12767 76%
c p 3196.70  0 41 41 107413  2 2651026 256982 2.9 52 18 1 2 39% 22776903 12767 76%
c u 3211.26  0 41 41 107413  2 2651026 256192 2.9 52 18 1 2 39% 22776903 12767 76%
c v 3211.31  0 41 41 107413  2 2651026 256190 2.9 52 18 1 2 39% 22776903 12767 76%
c w 3211.35  0 41 41 107413  2 2651026 256189 2.9 52 18 1 2 39% 22776903 12767 76%
c t 3211.43  0 41 41 107413  2 2651026 256185 2.9 52 18 1 2 39% 22776233 12767 76%
c ] 3225.17  0 40 41 107419  2 2668490 270871 2.8 50 18 1 2 41% 22776233 12767 76%
c { 3225.17  0 31 41 107419  4 2668490 270871 4.6 40 9 1 2 34% 22776233 12767 76%
c i 3247.31  0 30 41 108381  4 2689314 288813 4.5 39 9 1 2 35% 22776233 12766 76%
c 
c   seconds   reductions      conflicts          size  tier2          variables
c           MB      restarts         redundant      glue  trail            remaining
c            level         rate            size/glue tier1   irredundant
c 
c } 3256.49  0 30 41 109013  4 2697880 296495 4.5 39 9 1 2 35% 22776233 12766 76%
c [ 3256.49  0 40 41 109013  2 2697880 296495 2.8 50 18 1 2 41% 22776233 12766 76%
c B 3258.21  0 40 41 109015  2 2701163 299545 2.8 50 17 1 2 41% 22776233 12766 76%
c ] 3278.83  0 39 41 109023  2 2714955 311391 2.8 49 17 1 2 43% 22776233 12766 76%
c { 3278.83  0 30 41 109023  4 2714955 311391 4.5 39 9 1 2 35% 22776233 12766 76%
c } 3312.78  0 31 41 111148  4 2747176 339686 4.6 39 9 1 2 35% 22776233 12766 76%
c [ 3312.78  0 39 41 111148  2 2747176 339686 2.8 49 17 1 2 43% 22776233 12766 76%
c W 3341.16  0 40 41 111154  2 2775166 360799 2.8 49 18 1 2 43% 22463820 12766 76%
c - 3346.66  0 39 42 111155  2 2787691 229807 2.7 48 17 1 2 43% 22463820 12766 76%
c d 3347.06  0 39 42 111155  2 2787691 229632 2.7 48 17 1 2 43% 22463818 12764 76%
c p 3348.28  0 39 42 111155  2 2787691 281916 2.7 48 17 1 2 43% 22463818 12764 76%
c u 3358.21  0 39 42 111155  2 2787691 280137 2.7 48 17 1 2 43% 22471771 12764 76%
c v 3358.60  0 39 42 111155  2 2787691 280126 2.7 48 17 1 2 43% 22471771 12764 76%
c w 3358.78  0 39 42 111155  2 2787691 280126 2.7 48 17 1 2 43% 22471771 12764 76%
c t 3358.89  0 39 42 111155  2 2787691 279926 2.7 48 17 1 2 43% 22463814 12764 76%
c ] 3361.67  0 39 42 111155  2 2790226 282203 2.8 49 17 1 2 44% 22463814 12764 76%
c { 3361.67  0 31 42 111155  4 2790226 282203 4.6 39 9 1 2 35% 22463814 12764 76%
c } 3394.44  0 31 42 113157  4 2821087 309609 4.5 39 9 1 2 35% 22463813 12764 76%
c [ 3394.44  0 39 42 113157  2 2821087 309609 2.8 49 17 1 2 44% 22463813 12764 76%
c I 3411.19  0 35 42 113158  2 2850167 336793 3.4 54 16 1 2 41% 22463813 12764 76%
c 
c   seconds   reductions      conflicts          size   tier2          variables
c           MB      restarts         redundant      glue   trail            remaining
c            level         rate            size/glue  tier1   irredundant
c 
c ] 3420.54  0 34 42 113158  2 2866187 351254 3.6 57 16 1 2 39% 22463813 12764 76%
c { 3420.54  0 31 42 113158  4 2866187 351254 4.5 39 9 1 2 35% 22463813 12764 76%
c } 3456.24  0 31 42 115538  4 2899804 381202 4.5 40 9 1 2 34% 22463813 12764 76%
c [ 3456.24  0 34 42 115538  2 2899804 381202 3.6 57 16 1 2 39% 22463813 12764 76%
c B 3466.89  0 35 42 115538  2 2926168 405765 3.9 63 16 1 2 38% 22463813 12764 76%
c - 3469.50  0 37 43 115538  2 2927581 237511 3.8 63 17 1 2 38% 22463813 12764 76%
c p 3470.45  0 37 43 115538  2 2927581 266679 3.8 63 17 1 2 38% 22463813 12764 76%
c u 3483.00  0 37 43 115538  2 2927581 266050 3.8 63 17 1 2 38% 22463813 12764 76%
c v 3483.08  0 37 43 115538  2 2927581 266045 3.8 63 17 1 2 38% 22463813 12764 76%
c w 3483.19  0 37 43 115538  2 2927581 266043 3.8 63 17 1 2 38% 22463813 12764 76%
c ] 3499.03  0 39 43 115538  2 2947494 283466 3.5 60 17 1 2 40% 22463813 12764 76%
c { 3499.03  0 31 43 115538  4 2947494 283466 4.5 40 9 1 2 34% 22463813 12764 76%
c s 3513.87  0 31 43 116403  4 2960901 295491 4.5 40 9 1 2 34% 22416044 12764 76%
c t 3514.13  0 31 43 116403  4 2960901 295491 4.5 40 9 1 2 34% 22415512 12764 76%
c e 3514.64  0 31 43 116403  4 2960901 295257 4.5 40 9 1 2 34% 22415512 12762 76%
c s 3515.13  0 31 43 116403  4 2960901 295257 4.5 40 9 1 2 34% 22361043 12762 76%
c } 3537.07  0 31 43 117745  4 2982803 314759 4.5 40 9 1 2 34% 22361043 12762 76%
c [ 3537.07  0 39 43 117745  2 2982803 314759 3.5 60 17 1 2 40% 22361043 12762 76%
c W 3569.04  0 39 43 117758  2 3003170 332763 3.3 57 17 1 2 42% 22361043 12762 76%
c ] 3572.56  0 38 43 117760  2 3013466 341443 3.2 55 17 1 2 43% 22361043 12762 76%
c 
c   seconds   reductions      conflicts          size  tier2          variables
c           MB      restarts         redundant      glue  trail            remaining
c            level         rate            size/glue tier1   irredundant
c 
c { 3572.56  0 31 43 117760  4 3013466 341443 4.5 40 9 1 2 34% 22361043 12762 76%
c } 3609.16  0 31 43 120002  4 3049053 373079 4.5 40 9 1 2 35% 22361042 12762 76%
c [ 3609.16  0 38 43 120002  2 3049053 373079 3.2 55 17 1 2 43% 22361042 12762 76%
c - 3630.69  0 37 44 120014  2 3070942 244746 3.4 57 17 1 2 44% 22361042 12762 76%
c 2 3630.74  0 37 44 120014  2 3070942 244746 3.4 57 17 1 2 44% 22360890 12762 76%
c p 3632.19  0 37 44 120014  2 3070942 295876 3.4 57 17 1 2 44% 22360890 12762 76%
c u 3636.99  0 37 44 120014  2 3070942 294858 3.4 57 17 1 2 44% 22360890 12762 76%
c v 3637.10  0 37 44 120014  2 3070942 294857 3.4 57 17 1 2 44% 22360890 12762 76%
c t 3637.19  0 37 44 120014  2 3070942 294851 3.4 57 17 1 2 44% 22360185 12762 76%
c ] 3643.55  0 36 44 120017  2 3077909 300808 3.3 55 16 1 2 44% 22360185 12762 76%
c { 3643.55  0 31 44 120017  4 3077909 300808 4.5 40 9 1 2 35% 22360185 12762 76%
c # 3646.01  0 30 44 120128  4 3081171 303590 4.5 39 9 1 2 35% 22360185 12762 76%
c } 3677.65  0 30 44 121809  4 3112155 330785 4.5 39 9 1 2 36% 22360184 12762 76%
c [ 3677.65  0 36 44 121809  2 3112155 330785 3.3 55 16 1 2 44% 22360184 12762 76%
c ] 3703.09  0 39 44 121810  2 3135182 350972 3.0 53 18 1 2 45% 22360184 12762 76%
c { 3703.09  0 30 44 121810  4 3135182 350972 4.5 39 9 1 2 36% 22360184 12762 76%
c B 3726.74  0 29 44 123290  4 3160175 373316 4.6 40 9 1 2 36% 22360184 12762 76%
c } 3741.04  0 29 44 124038  4 3174646 385930 4.5 40 9 1 2 36% 22360184 12762 76%
c [ 3741.04  0 39 44 124038  2 3174646 385930 3.0 53 18 1 2 45% 22360184 12762 76%
c i 3765.21  0 34 44 124055  2 3211536 417322 2.8 44 16 1 2 45% 22360184 12759 76%
c 
c   seconds   reductions      conflicts          size   tier2          variables
c           MB      restarts         redundant      glue   trail            remaining
c            level         rate            size/glue  tier1   irredundant
c 
c ] 3768.72  0 34 44 124057  2 3214135 419656 2.8 45 16 1 2 45% 22360184 12759 76%
c { 3768.72  0 29 44 124057  4 3214135 419656 4.5 40 9 1 2 36% 22360184 12759 76%
c - 3772.88  0 29 45 124259  4 3217684 236809 4.5 39 9 1 2 36% 22320611 12759 76%
c 2 3772.92  0 29 45 124259  4 3217684 236808 4.5 39 9 1 2 36% 22320611 12759 76%
c d 3773.32  0 29 45 124259  4 3217684 236805 4.5 39 9 1 2 36% 22320603 12755 76%
c p 3774.70  0 29 45 124259  4 3217684 285031 4.5 39 9 1 2 36% 22320603 12755 76%
c 2 3774.77  0 29 45 124259  4 3217684 284997 4.5 39 9 1 2 36% 22320603 12755 76%
c u 3779.01  0 29 45 124259  4 3217684 282606 4.5 39 9 1 2 36% 22320603 12755 76%
c v 3779.02  0 29 45 124259  4 3217684 282602 4.5 39 9 1 2 36% 22320603 12755 76%
c w 3779.07  0 29 45 124259  4 3217684 282602 4.5 39 9 1 2 36% 22320603 12755 76%
c t 3779.17  0 29 45 124259  4 3217684 282564 4.5 39 9 1 2 36% 22320600 12755 76%
c i 3799.44  0 29 45 125542  4 3236900 299532 4.4 39 9 1 2 36% 22320600 12754 76%
c W 3817.44  0 29 45 125781  4 3240177 300162 4.4 39 9 1 2 36% 22320585 12754 76%
c } 3827.67  0 29 45 126365  4 3249505 308101 4.4 39 9 1 2 37% 22320585 12754 76%
c [ 3827.67  0 34 45 126365  2 3249505 308101 2.8 45 16 1 2 45% 22320585 12754 76%
c ] 3854.33  0 30 45 126377  2 3286130 341090 3.6 52 14 1 2 41% 22320585 12754 76%
c { 3854.33  0 29 45 126377  4 3286130 341090 4.4 39 9 1 2 37% 22320585 12754 76%
c F 3889.78  0 29 45 128563  4 3321178 372382 4.6 40 9 1 2 36% 22320585 12754 76%
c } 3893.11  0 29 45 128836  4 3323860 374719 4.6 40 9 1 2 36% 22320585 12754 76%
c [ 3893.11  0 30 45 128836  2 3323860 374719 3.6 52 14 1 2 41% 22320585 12754 76%
c 
c   seconds   reductions      conflicts          size   tier2          variables
c           MB      restarts         redundant      glue   trail            remaining
c            level         rate            size/glue  tier1   irredundant
c 
c s 3896.14  0 30 45 128836  2 3327250 377915 3.7 52 14 1 2 41% 22261364 12754 76%
c t 3896.41  0 30 45 128836  2 3327250 377914 3.7 52 14 1 2 41% 22260877 12754 76%
c e 3896.92  0 30 45 128836  2 3327250 375488 3.7 52 14 1 2 41% 22260867 12751 76%
c s 3897.44  0 30 45 128836  2 3327250 375487 3.7 52 14 1 2 41% 22208112 12751 76%
c ] 3923.15  0 36 45 128837  2 3360687 405199 3.2 52 16 1 2 44% 22208112 12751 76%
c { 3923.15  0 29 45 128837  4 3360687 405199 4.6 40 9 1 2 36% 22208112 12751 76%
c - 3935.76  0 29 46 129456  4 3367853 248580 4.6 40 9 1 2 36% 22208112 12751 76%
c 2 3935.81  0 29 46 129456  4 3367853 248580 4.6 40 9 1 2 36% 22207840 12751 76%
c p 3937.30  0 29 46 129456  4 3367853 296800 4.6 40 9 1 2 36% 22207840 12751 76%
c = 3947.56  0 29 46 129456  4 3367853 296799 4.6 40 9 1 2 36% 22207840 12750 76%
c u 3951.27  0 29 46 129456  4 3367853 296130 4.6 40 9 1 2 36% 22207840 12750 76%
c v 3952.93  0 29 46 129456  4 3367853 296053 4.6 40 9 1 2 36% 22207840 12750 76%
c w 3952.96  0 29 46 129456  4 3367853 296053 4.6 40 9 1 2 36% 22207840 12750 76%
c x 3955.99  0 29 46 129456  4 3367853 296053 4.6 40 9 1 2 36% 22206875 12750 76%
c t 3956.06  0 29 46 129456  4 3367853 296051 4.6 40 9 1 2 36% 22206337 12750 76%
c } 3983.53  0 30 46 131102  4 3395002 320255 4.7 41 9 1 2 36% 22206337 12750 76%
c [ 3983.53  0 36 46 131102  2 3395002 320255 3.2 52 16 1 2 44% 22206337 12750 76%
c O 3989.23  0 37 46 131105  2 3403179 327504 3.2 52 16 1 2 43% 22206337 12750 76%
c ] 4014.37  0 34 46 131121  2 3439544 358735 3.4 53 15 1 2 44% 22206337 12750 76%
c { 4014.37  0 30 46 131121  4 3439544 358735 4.7 41 9 1 2 36% 22206337 12750 76%
c 
c   seconds   reductions      conflicts          size  tier2          variables
c           MB      restarts         redundant      glue  trail            remaining
c            level         rate            size/glue tier1   irredundant
c 
c } 4052.33  0 29 46 133104  4 3476321 390991 4.6 41 9 1 2 36% 22206337 12750 76%
c [ 4052.33  0 34 46 133104  2 3476321 390991 3.4 53 15 1 2 44% 22206337 12750 76%
c B 4063.58  0 35 46 133110  2 3486180 399270 3.2 52 16 1 2 45% 22206337 12750 76%
c ] 4078.74  0 35 46 133115  2 3499258 410555 3.1 51 16 1 2 46% 22206337 12750 76%
c { 4078.74  0 29 46 133115  4 3499258 410555 4.6 41 9 1 2 36% 22206337 12750 76%
c - 4104.49  0 29 47 134715  4 3521391 259204 4.8 43 9 1 2 37% 22206337 12750 76%
c 2 4104.53  0 29 47 134715  4 3521391 259199 4.8 43 9 1 2 37% 22206337 12750 76%
c p 4106.03  0 29 47 134715  4 3521391 303631 4.8 43 9 1 2 37% 22206337 12750 76%
c u 4115.91  0 29 47 134715  4 3521391 301416 4.8 43 9 1 2 37% 22213722 12750 76%
c v 4119.11  0 29 47 134715  4 3521391 301130 4.8 43 9 1 2 37% 22213722 12750 76%
c w 4119.12  0 29 47 134715  4 3521391 301130 4.8 43 9 1 2 37% 22213722 12750 76%
c t 4119.21  0 29 47 134715  4 3521391 301122 4.8 43 9 1 2 37% 22206340 12750 76%
c } 4133.63  0 29 47 135425  4 3537300 314678 4.7 42 9 1 2 38% 22206340 12750 76%
c [ 4133.63  0 35 47 135425  2 3537300 314678 3.1 51 16 1 2 46% 22206340 12750 76%
c ] 4162.53  0 43 47 135428  2 3561605 336677 3.3 58 18 1 2 45% 22206340 12750 76%
c { 4162.53  0 29 47 135428  4 3561605 336677 4.7 42 9 1 2 38% 22206340 12750 76%
c B 4172.21  0 29 47 136144  4 3570182 344317 4.7 42 9 1 2 38% 22206340 12750 76%
c } 4202.34  0 28 47 137810  4 3599645 369661 4.5 41 9 1 2 38% 22206340 12750 76%
c [ 4202.34  0 43 47 137810  2 3599645 369661 3.3 58 18 1 2 45% 22206340 12750 76%
c ] 4232.51  0 45 47 137823  2 3631327 396973 2.9 56 19 1 2 46% 22206340 12750 76%
c 
c   seconds   reductions      conflicts          size  tier2          variables
c           MB      restarts         redundant      glue  trail            remaining
c            level         rate            size/glue tier1   irredundant
c 
c { 4232.51  0 28 47 137823  4 3631327 396973 4.5 41 9 1 2 38% 22206340 12750 76%
c W 4282.13  0 28 47 139297  4 3655183 418233 4.6 41 9 1 2 38% 22206340 12750 76%
c } 4298.20  0 29 47 140319  4 3670253 431495 4.6 41 9 1 2 37% 22206340 12750 76%
c [ 4298.20  0 45 47 140319  2 3670253 431495 2.9 56 19 1 2 46% 22206340 12750 76%
c - 4308.58  0 45 48 140325  2 3678386 266578 3.1 59 19 1 2 46% 22206340 12750 76%
c p 4310.24  0 45 48 140325  2 3678386 312308 3.1 59 19 1 2 46% 22206340 12750 76%
c u 4316.33  0 45 48 140325  2 3678386 310892 3.1 59 19 1 2 46% 22206340 12750 76%
c v 4319.20  0 45 48 140325  2 3678386 310488 3.1 59 19 1 2 46% 22206340 12750 76%
c w 4319.34  0 45 48 140325  2 3678386 310488 3.1 59 19 1 2 46% 22206340 12750 76%
c t 4319.41  0 45 48 140325  2 3678386 310480 3.1 59 19 1 2 46% 22206340 12750 76%
c ] 4344.15  0 46 48 140335  2 3711271 341488 3.1 59 19 1 2 41% 22206340 12750 76%
c { 4344.15  0 29 48 140335  4 3711271 341488 4.6 41 9 1 2 37% 22206340 12750 76%
c s 4347.37  0 29 48 140451  4 3714836 344598 4.6 41 9 1 2 37% 22170739 12750 76%
c t 4347.64  0 29 48 140451  4 3714836 344598 4.6 41 9 1 2 37% 22170376 12750 76%
c e 4348.13  0 29 48 140451  4 3714836 344063 4.6 41 9 1 2 37% 22170362 12741 76%
c s 4348.62  0 29 48 140451  4 3714836 344060 4.6 41 9 1 2 37% 22122225 12741 76%
c # 4378.37  0 29 48 142355  4 3741184 367587 4.7 42 9 1 2 36% 22122225 12741 76%
c } 4387.38  0 29 48 142899  4 3749539 374995 4.7 42 9 1 2 36% 22122225 12741 76%
c [ 4387.38  0 46 48 142899  2 3749539 374995 3.1 59 19 1 2 41% 22122225 12741 76%
c ] 4418.65  0 36 48 142901  2 3811767 431591 2.9 47 16 1 2 39% 22122225 12741 76%
c 
c   seconds   reductions      conflicts          size  tier2          variables
c           MB      restarts         redundant      glue  trail            remaining
c            level         rate            size/glue tier1   irredundant
c 
c { 4418.65  0 29 48 142901  4 3811767 431591 4.7 42 9 1 2 36% 22122225 12741 76%
c B 4432.82  0 28 48 143664  4 3828187 445760 4.6 42 9 1 2 37% 22122225 12741 76%
c - 4445.54  0 29 49 144400  4 3838839 273654 4.7 43 9 1 2 37% 22122225 12741 76%
c 2 4445.59  0 29 49 144400  4 3838839 273651 4.7 43 9 1 2 37% 22122034 12741 76%
c p 4446.87  0 29 49 144400  4 3838839 313410 4.7 43 9 1 2 37% 22122034 12741 76%
c u 4451.70  0 29 49 144400  4 3838839 312568 4.7 43 9 1 2 37% 22122034 12741 76%
c v 4453.94  0 29 49 144400  4 3838839 312426 4.7 43 9 1 2 37% 22122034 12741 76%
c w 4453.98  0 29 49 144400  4 3838839 312426 4.7 43 9 1 2 37% 22122034 12741 76%
c t 4454.06  0 29 49 144400  4 3838839 312424 4.7 43 9 1 2 37% 22121767 12741 76%
c } 4471.16  0 29 49 145347  4 3855569 327241 4.7 42 9 1 2 36% 22121767 12741 76%
c [ 4471.16  0 36 49 145347  2 3855569 327241 2.9 47 16 1 2 39% 22121767 12741 76%
c W 4513.37  0 40 49 145348  2 3916188 383604 3.0 49 17 1 2 34% 22121767 12741 76%
c ] 4517.39  0 41 49 145348  2 3925267 391758 3.0 53 17 1 2 35% 22121767 12741 76%
c { 4517.39  0 29 49 145348  4 3925267 391758 4.7 42 9 1 2 36% 22121767 12741 76%
c } 4559.39  0 29 49 147828  4 3963904 425775 4.7 43 9 1 2 36% 22121767 12741 76%
c [ 4559.39  0 41 49 147828  2 3963904 425775 3.0 53 17 1 2 35% 22121767 12741 76%
c - 4582.66  0 35 50 147828  2 4002675 278346 2.9 46 16 1 2 33% 22121767 12741 76%
c p 4583.79  0 35 50 147828  2 4002675 315630 2.9 46 16 1 2 33% 22121767 12741 76%
c = 4593.06  0 35 50 147828  2 4002675 315630 2.9 46 16 1 2 33% 22121763 12740 76%
c u 4597.31  0 35 50 147828  2 4002675 314202 2.9 46 16 1 2 33% 22121763 12740 76%
c 
c   seconds   reductions      conflicts          size   tier2          variables
c           MB      restarts         redundant      glue   trail            remaining
c            level         rate            size/glue  tier1   irredundant
c 
c v 4599.50  0 35 50 147828  2 4002675 313965 2.9 46 16 1 2 33% 22121763 12740 76%
c w 4599.54  0 35 50 147828  2 4002675 313965 2.9 46 16 1 2 33% 22121763 12740 76%
c t 4599.62  0 35 50 147828  2 4002675 313940 2.9 46 16 1 2 33% 22121761 12740 76%
c I 4604.37  0 36 50 147828  2 4005189 316269 3.0 47 16 1 2 33% 22121761 12740 76%
c ] 4607.92  0 36 50 147828  2 4007885 318553 3.1 49 16 1 2 34% 22121761 12740 76%
c { 4607.92  0 29 50 147828  4 4007885 318553 4.7 43 9 1 2 36% 22121761 12740 76%
c } 4650.96  0 28 50 150356  4 4052577 357610 4.6 42 9 1 2 36% 22121761 12740 76%
c [ 4650.96  0 36 50 150356  2 4052577 357610 3.1 49 16 1 2 34% 22121761 12740 76%
c B 4677.58  0 30 50 150356  2 4095192 394273 3.0 42 14 1 2 31% 22121761 12740 76%
c ] 4681.89  0 32 50 150356  2 4098721 397493 2.9 43 15 1 2 32% 22121761 12740 76%
c { 4681.89  0 28 50 150356  4 4098721 397493 4.6 42 9 1 2 36% 22121761 12740 76%
c s 4710.67  0 29 50 152192  4 4123786 419480 4.7 43 9 1 2 36% 22088020 12740 76%
c t 4710.94  0 29 50 152192  4 4123786 419480 4.7 43 9 1 2 36% 22087340 12740 76%
c s 4711.93  0 29 50 152192  4 4123786 419403 4.7 43 9 1 2 36% 22042496 12740 76%
c e 4712.37  0 29 50 152192  4 4123786 414996 4.7 43 9 1 2 36% 22042438 12720 75%
c } 4729.06  0 29 50 153182  4 4140249 429132 4.7 44 9 1 2 37% 22042438 12720 75%
c [ 4729.06  0 32 50 153182  2 4140249 429132 2.9 43 15 1 2 32% 22042438 12720 75%
c - 4747.02  0 30 51 153183  2 4169972 281375 2.7 39 14 1 2 31% 22042438 12720 75%
c 2 4747.07  0 30 51 153183  2 4169972 281367 2.7 39 14 1 2 31% 22041369 12720 75%
c p 4748.58  0 30 51 153183  2 4169972 319087 2.7 39 14 1 2 31% 22041369 12720 75%
c 
c   seconds   reductions      conflicts          size   tier2          variables
c           MB      restarts         redundant      glue   trail            remaining
c            level         rate            size/glue  tier1   irredundant
c 
c u 4753.97  0 30 51 153183  2 4169972 316761 2.7 39 14 1 2 31% 22041369 12720 75%
c v 4756.81  0 30 51 153183  2 4169972 316425 2.7 39 14 1 2 31% 22041369 12720 75%
c w 4756.81  0 30 51 153183  2 4169972 316425 2.7 39 14 1 2 31% 22041369 12720 75%
c t 4756.89  0 30 51 153183  2 4169972 316422 2.7 39 14 1 2 31% 22040549 12720 75%
c W 4780.77  0 37 51 153183  2 4186195 331473 2.7 40 15 1 2 31% 22040549 12720 75%
c ] 4788.29  0 39 51 153183  2 4200362 344041 2.6 42 16 1 2 31% 22040549 12720 75%
c { 4788.29  0 29 51 153183  4 4200362 344041 4.7 44 9 1 2 37% 22040549 12720 75%
c } 4832.25  0 28 51 155478  4 4247043 384994 4.7 43 9 1 2 36% 22040548 12720 75%
c [ 4832.25  0 39 51 155478  2 4247043 384994 2.6 42 16 1 2 31% 22040548 12720 75%
c O 4852.35  0 41 51 155478  2 4278196 412753 3.0 51 17 1 2 35% 22040548 12720 75%
c ] 4868.98  0 45 51 155478  2 4300237 432945 2.9 50 17 1 2 31% 22040548 12720 75%
c { 4868.98  0 28 51 155478  4 4300237 432945 4.7 43 9 1 2 36% 22040548 12720 75%
c - 4911.99  0 28 52 157736  4 4340648 288903 4.6 42 9 1 2 36% 22040548 12720 75%
c p 4913.42  0 28 52 157736  4 4340648 327613 4.6 42 9 1 2 36% 22040548 12720 75%
c u 4918.60  0 28 52 157736  4 4340648 326242 4.6 42 9 1 2 36% 22040548 12720 75%
c v 4921.01  0 28 52 157736  4 4340648 325921 4.6 42 9 1 2 36% 22040548 12720 75%
c w 4921.01  0 28 52 157736  4 4340648 325921 4.6 42 9 1 2 36% 22040548 12720 75%
c t 4921.09  0 28 52 157736  4 4340648 325913 4.6 42 9 1 2 36% 22040546 12720 75%
c } 4922.90  0 28 52 157782  4 4342948 327861 4.6 42 9 1 2 37% 22040546 12720 75%
c [ 4922.90  0 45 52 157782  2 4342948 327861 2.9 50 17 1 2 31% 22040546 12720 75%
c 
c   seconds   reductions      conflicts          size   tier2          variables
c           MB      restarts         redundant      glue   trail            remaining
c            level         rate            size/glue  tier1   irredundant
c 
c B 4944.51  0 42 52 157782  2 4371197 354121 2.9 48 16 1 2 28% 22040546 12720 75%
c ] 4962.45  0 45 52 157782  2 4388491 368856 2.7 45 17 1 2 29% 22040546 12720 75%
c { 4962.45  0 28 52 157782  4 4388491 368856 4.6 42 9 1 2 37% 22040546 12720 75%
c } 5006.30  0 29 52 160127  4 4430354 405818 4.7 42 9 1 2 36% 22040546 12720 75%
c [ 5006.30  0 45 52 160127  2 4430354 405818 2.7 45 17 1 2 29% 22040546 12720 75%
c W 5032.82  0 44 52 160127  2 4465198 438040 2.8 51 18 1 2 30% 22040545 12720 75%
c - 5055.48  0 58 53 160127  2 4514780 292848 2.3 60 26 1 2 35% 22040545 12720 75%
c p 5056.42  0 58 53 160127  2 4514780 325279 2.3 60 26 1 2 35% 22040545 12720 75%
c u 5065.51  0 58 53 160127  2 4514780 324264 2.3 60 26 1 2 35% 22047039 12720 75%
c v 5067.67  0 58 53 160127  2 4514780 323994 2.3 60 26 1 2 35% 22047039 12720 75%
c w 5067.87  0 58 53 160127  2 4514780 323992 2.3 60 26 1 2 35% 22047039 12720 75%
c t 5067.96  0 58 53 160127  2 4514780 323990 2.3 60 26 1 2 35% 22040548 12720 75%
c ] 5074.53  0 58 53 160127  2 4520182 329051 2.3 61 26 1 2 36% 22040548 12720 75%
c { 5074.53  0 29 53 160127  4 4520182 329051 4.7 42 9 1 2 36% 22040548 12720 75%
c s 5107.59  0 28 53 161949  4 4554146 358985 4.6 42 9 1 2 36% 21992060 12720 75%
c t 5107.85  0 28 53 161949  4 4554146 358985 4.6 42 9 1 2 36% 21990212 12720 75%
c e 5108.37  0 28 53 161949  4 4554146 358975 4.6 42 9 1 2 36% 21990196 12719 75%
c s 5108.89  0 28 53 161949  4 4554146 358973 4.6 42 9 1 2 36% 21961272 12719 75%
c W 5118.92  0 28 53 162461  4 4560199 364386 4.7 42 9 1 2 36% 21961272 12719 75%
c } 5128.56  0 28 53 163106  4 4569746 372585 4.7 42 9 1 2 36% 21961272 12719 75%
c 
c   seconds   reductions      conflicts          size   tier2          variables
c           MB      restarts         redundant      glue   trail            remaining
c            level         rate            size/glue  tier1   irredundant
c 
c [ 5128.56  0 58 53 163106  2 4569746 372585 2.3 61 26 1 2 36% 21961272 12719 75%
c ] 5157.66  0 47 53 163106  2 4602049 401204 2.5 55 22 1 2 35% 21961272 12719 75%
c { 5157.66  0 28 53 163106  4 4602049 401204 4.7 42 9 1 2 36% 21961272 12719 75%
c } 5205.14  0 29 53 165987  4 4646900 440609 4.6 42 9 1 2 36% 21961272 12719 75%
c [ 5205.14  0 47 53 165987  2 4646900 440609 2.5 55 22 1 2 35% 21961272 12719 75%
c I 5211.40  0 45 53 165988  2 4656200 448892 2.5 53 21 1 2 33% 21961272 12719 75%
c ] 5241.33  0 44 53 166005  2 4692193 479215 2.5 51 20 1 2 39% 21961272 12719 75%
c { 5241.33  0 29 53 166005  4 4692193 479215 4.6 42 9 1 2 36% 21961272 12719 75%
c - 5242.72  0 29 54 166020  4 4692372 298232 4.6 42 9 1 2 37% 21961272 12719 75%
c 2 5242.78  0 29 54 166020  4 4692372 298228 4.6 42 9 1 2 37% 21960800 12719 75%
c p 5244.50  0 29 54 166020  4 4692372 336786 4.6 42 9 1 2 37% 21960800 12719 75%
c u 5248.87  0 29 54 166020  4 4692372 335743 4.6 42 9 1 2 37% 21960800 12719 75%
c v 5249.02  0 29 54 166020  4 4692372 335742 4.6 42 9 1 2 37% 21960800 12719 75%
c w 5249.02  0 29 54 166020  4 4692372 335742 4.6 42 9 1 2 37% 21960800 12719 75%
c x 5254.57  0 29 54 166020  4 4692372 335742 4.6 42 9 1 2 37% 21958776 12719 75%
c t 5254.66  0 29 54 166020  4 4692372 335736 4.6 42 9 1 2 37% 21958355 12719 75%
c } 5300.48  0 28 54 168638  4 4738202 375811 4.6 42 9 1 2 36% 21958354 12719 75%
c [ 5300.48  0 44 54 168638  2 4738202 375811 2.5 51 20 1 2 39% 21958354 12719 75%
c B 5311.16  0 40 54 168647  2 4753202 389266 2.5 48 19 1 2 38% 21958354 12719 75%
c ] 5332.57  0 42 54 168650  2 4768571 402489 2.5 49 20 1 2 40% 21958354 12719 75%
c 
c   seconds   reductions      conflicts          size  tier2          variables
c           MB      restarts         redundant      glue  trail            remaining
c            level         rate            size/glue tier1   irredundant
c 
c { 5332.57  0 28 54 168650  4 4768571 402489 4.6 42 9 1 2 36% 21958354 12719 75%
c } 5380.73  0 28 54 171384  4 4817169 445229 4.5 41 9 1 2 35% 21958354 12719 75%
c [ 5380.73  0 42 54 171384  2 4817169 445229 2.5 49 20 1 2 40% 21958354 12719 75%
c W 5412.86  0 39 54 171396  2 4851206 476684 3.0 52 18 1 2 37% 21958354 12719 75%
c - 5421.77  0 39 55 171405  2 4873337 307517 2.8 52 18 1 2 40% 21958354 12719 75%
c p 5423.20  0 39 55 171405  2 4873337 342631 2.8 52 18 1 2 40% 21958354 12719 75%
c u 5440.10  0 39 55 171405  2 4873337 340283 2.8 52 18 1 2 40% 21958354 12719 75%
c v 5442.97  0 39 55 171405  2 4873337 339975 2.8 52 18 1 2 40% 21958354 12719 75%
c w 5443.07  0 39 55 171405  2 4873337 339975 2.8 52 18 1 2 40% 21958354 12719 75%
c t 5443.14  0 39 55 171405  2 4873337 339970 2.8 52 18 1 2 40% 21958350 12719 75%
c ] 5459.77  0 37 55 171415  2 4899855 362076 2.7 46 17 1 2 41% 21958350 12719 75%
c { 5459.77  0 28 55 171415  4 4899855 362076 4.5 41 9 1 2 35% 21958350 12719 75%
c } 5507.53  0 28 55 174076  4 4945105 401424 4.5 41 9 1 2 36% 21958350 12719 75%
c [ 5507.53  0 37 55 174076  2 4945105 401424 2.7 46 17 1 2 41% 21958350 12719 75%
c O 5509.99  0 37 55 174077  2 4950208 406109 2.7 47 17 1 2 40% 21958350 12719 75%
c ] 5542.11  0 40 55 174078  2 4991808 443895 2.8 51 18 1 2 35% 21958350 12719 75%
c { 5542.11  0 28 55 174078  4 4991808 443895 4.5 41 9 1 2 36% 21958350 12719 75%
c s 5558.69  0 28 55 175049  4 5005804 456422 4.6 42 9 1 2 36% 21925102 12719 75%
c t 5558.94  0 28 55 175049  4 5005804 456420 4.6 42 9 1 2 36% 21924408 12719 75%
c s 5559.89  0 28 55 175049  4 5005804 456419 4.6 42 9 1 2 36% 21897684 12719 75%
c 
c   seconds   reductions      conflicts          size  tier2          variables
c           MB      restarts         redundant      glue  trail            remaining
c            level         rate            size/glue tier1   irredundant
c 
c } 5593.27  0 28 55 176820  4 5035332 482032 4.5 41 9 1 2 36% 21897684 12719 75%
c [ 5593.27  0 40 55 176820  2 5035332 482032 2.8 51 18 1 2 35% 21897684 12719 75%
c B 5605.69  0 41 55 176827  2 5050209 494982 2.7 51 19 1 2 36% 21897684 12719 75%
c - 5613.92  0 41 56 176831  2 5057756 311802 2.7 51 19 1 2 37% 21897684 12719 75%
c 2 5613.97  0 41 56 176831  2 5057756 311802 2.7 51 19 1 2 37% 21897015 12719 75%
c p 5615.62  0 41 56 176831  2 5057756 349150 2.7 51 19 1 2 37% 21897015 12719 75%
c u 5620.99  0 41 56 176831  2 5057756 347896 2.7 51 19 1 2 37% 21897015 12719 75%
c v 5621.04  0 41 56 176831  2 5057756 347895 2.7 51 19 1 2 37% 21897015 12719 75%
c w 5621.11  0 41 56 176831  2 5057756 347895 2.7 51 19 1 2 37% 21897015 12719 75%
c t 5621.18  0 41 56 176831  2 5057756 347895 2.7 51 19 1 2 37% 21896549 12719 75%
c ] 5636.09  0 40 56 176835  2 5067521 355609 2.7 50 19 1 2 39% 21896549 12719 75%
c { 5636.09  0 28 56 176835  4 5067521 355609 4.5 41 9 1 2 36% 21896549 12719 75%
c } 5684.25  0 27 56 179419  4 5113455 395682 4.4 40 9 1 2 36% 21896549 12719 75%
c [ 5684.25  0 40 56 179419  2 5113455 395682 2.7 50 19 1 2 39% 21896549 12719 75%
c W 5722.31  0 35 56 179434  2 5151213 429201 2.7 44 16 1 2 35% 21896549 12719 75%
c ] 5737.38  0 38 56 179442  2 5178970 453887 2.9 53 18 1 2 39% 21896549 12719 75%
c { 5737.38  0 27 56 179442  4 5178970 453887 4.4 40 9 1 2 36% 21896549 12719 75%
c } 5787.89  0 27 56 182477  4 5229048 496895 4.5 40 9 1 2 38% 21896548 12719 75%
c [ 5787.89  0 38 56 182477  2 5229048 496895 2.9 53 18 1 2 39% 21896548 12719 75%
c - 5800.96  0 35 57 182485  2 5245565 317081 2.9 49 17 1 2 38% 21896548 12719 75%
c 
c   seconds   reductions      conflicts          size   tier2          variables
c           MB      restarts         redundant      glue   trail            remaining
c            level         rate            size/glue  tier1   irredundant
c 
c p 5802.82  0 35 57 182485  2 5245565 352584 2.9 49 17 1 2 38% 21896548 12718 75%
c u 5805.90  0 35 57 182485  2 5245565 352131 2.9 49 17 1 2 38% 21896548 12718 75%
c v 5806.13  0 35 57 182485  2 5245565 352126 2.9 49 17 1 2 38% 21896548 12718 75%
c w 5806.16  0 35 57 182485  2 5245565 352126 2.9 49 17 1 2 38% 21896548 12718 75%
c t 5806.25  0 35 57 182485  2 5245565 352124 2.9 49 17 1 2 38% 21896548 12718 75%
c I 5813.68  0 39 57 182485  2 5253216 359081 2.8 50 18 1 2 37% 21896548 12718 75%
c ] 5832.29  0 40 57 182496  2 5270859 373900 2.7 50 18 1 2 39% 21896548 12718 75%
c { 5832.29  0 27 57 182496  4 5270859 373900 4.5 40 9 1 2 38% 21896548 12718 75%
c } 5883.73  0 28 57 185648  4 5316841 414604 4.6 42 9 1 2 36% 21896548 12718 75%
c [ 5883.73  0 40 57 185648  2 5316841 414604 2.7 50 18 1 2 39% 21896548 12718 75%
c B 5917.21  0 40 57 185654  2 5356220 448351 2.9 55 19 1 2 42% 21896548 12718 75%
c ] 5921.80  0 41 57 185654  2 5359833 451417 2.9 55 19 1 2 42% 21896548 12718 75%
c { 5921.80  0 28 57 185654  4 5359833 451417 4.6 42 9 1 2 36% 21896548 12718 75%
c } 5974.11  0 29 57 188792  4 5405713 491631 4.5 42 9 1 2 36% 21896548 12718 75%
c [ 5974.11  0 41 57 188792  2 5405713 491631 2.9 55 19 1 2 42% 21896548 12718 75%
c - 6001.08  0 36 58 188793  2 5436826 323986 3.9 64 17 1 2 39% 21896537 12718 75%
c 2 6001.13  0 36 58 188793  2 5436826 323983 3.9 64 17 1 2 39% 21896536 12718 75%
c d 6001.51  0 36 58 188793  2 5436826 323979 3.9 64 17 1 2 39% 21896534 12715 75%
c p 6003.21  0 36 58 188793  2 5436826 358891 3.9 64 17 1 2 39% 21896534 12715 75%
c 2 6003.27  0 36 58 188793  2 5436826 358853 3.9 64 17 1 2 39% 21896531 12715 75%
c 
c   seconds   reductions      conflicts          size   tier2          variables
c           MB      restarts         redundant      glue   trail            remaining
c            level         rate            size/glue  tier1   irredundant
c 
c u 6006.75  0 36 58 188793  2 5436826 358024 3.9 64 17 1 2 39% 21896531 12715 75%
c v 6006.83  0 36 58 188793  2 5436826 358021 3.9 64 17 1 2 39% 21896531 12715 75%
c w 6006.88  0 36 58 188793  2 5436826 358021 3.9 64 17 1 2 39% 21896531 12715 75%
c t 6006.96  0 36 58 188793  2 5436826 357923 3.9 64 17 1 2 39% 21896527 12715 75%
c ] 6019.68  0 38 58 188793  2 5444562 364764 3.8 65 17 1 2 40% 21896527 12715 75%
c { 6019.68  0 29 58 188793  4 5444562 364764 4.5 42 9 1 2 36% 21896527 12715 75%
c F 6039.90  0 29 58 190003  4 5460221 378405 4.5 42 9 1 2 36% 21896527 12715 75%
c s 6059.16  0 28 58 191018  4 5478786 394429 4.5 42 9 1 2 36% 21875890 12715 75%
c t 6059.40  0 28 58 191018  4 5478786 394429 4.5 42 9 1 2 36% 21875202 12715 75%
c e 6059.81  0 28 58 191018  4 5478786 394083 4.5 42 9 1 2 36% 21875168 12707 75%
c s 6060.25  0 28 58 191018  4 5478786 394081 4.5 42 9 1 2 36% 21856056 12707 75%
c } 6072.81  0 28 58 191596  4 5489125 402972 4.5 42 9 1 2 36% 21856056 12707 75%
c [ 6072.81  0 38 58 191596  2 5489125 402972 3.8 65 17 1 2 40% 21856056 12707 75%
c ] 6108.31  0 36 58 191596  2 5530442 441215 4.1 65 16 1 2 37% 21856056 12707 75%
c { 6108.31  0 28 58 191596  4 5530442 441215 4.5 42 9 1 2 36% 21856056 12707 75%
c B 6145.99  0 27 58 193450  4 5565222 470893 4.4 41 9 1 2 38% 21856056 12707 75%
c } 6157.46  0 27 58 193932  4 5577845 481545 4.4 40 9 1 2 38% 21856056 12707 75%
c [ 6157.46  0 36 58 193932  2 5577845 481545 4.1 65 16 1 2 37% 21856056 12707 75%
c - 6188.16  0 32 59 193954  2 5631543 332992 3.5 50 14 1 2 32% 21856056 12707 75%
c 2 6188.21  0 32 59 193954  2 5631543 332989 3.5 50 14 1 2 32% 21855731 12707 75%
c 
c   seconds   reductions      conflicts          size   tier2          variables
c           MB      restarts         redundant      glue   trail            remaining
c            level         rate            size/glue  tier1   irredundant
c 
c p 6190.00  0 32 59 193954  2 5631543 367255 3.5 50 14 1 2 32% 21855731 12707 75%
c u 6194.79  0 32 59 193954  2 5631543 366517 3.5 50 14 1 2 32% 21855731 12707 75%
c v 6195.12  0 32 59 193954  2 5631543 366513 3.5 50 14 1 2 32% 21855731 12707 75%
c w 6195.17  0 32 59 193954  2 5631543 366513 3.5 50 14 1 2 32% 21855731 12707 75%
c t 6195.25  0 32 59 193954  2 5631543 366510 3.5 50 14 1 2 32% 21855464 12707 75%
c ] 6207.26  0 34 59 193961  2 5645291 378494 3.4 50 15 1 2 34% 21855464 12707 75%
c { 6207.26  0 27 59 193961  4 5645291 378494 4.4 40 9 1 2 38% 21855464 12707 75%
c W 6260.10  0 27 59 195674  4 5671224 401118 4.4 41 9 1 2 38% 21855464 12707 75%
c } 6283.47  0 27 59 197119  4 5692641 419655 4.4 41 9 1 2 39% 21855464 12707 75%
c [ 6283.47  0 34 59 197119  2 5692641 419655 3.4 50 15 1 2 34% 21855464 12707 75%
c ] 6321.97  0 26 59 197149  2 5771444 486945 2.9 36 12 1 2 31% 21855464 12707 75%
c { 6321.97  0 27 59 197149  4 5771444 486945 4.4 41 9 1 2 39% 21855464 12707 75%
c # 6328.38  0 27 59 197562  4 5778228 492924 4.4 41 9 1 2 38% 21855464 12707 75%
c } 6374.47  0 27 59 200161  4 5819284 528566 4.4 41 9 1 2 37% 21855464 12707 75%
c [ 6374.47  0 26 59 200161  2 5819284 528566 2.9 36 12 1 2 31% 21855464 12707 75%
c - 6382.63  0 29 60 200163  2 5829669 338153 2.8 37 13 1 2 30% 21855464 12707 75%
c p 6384.33  0 29 60 200163  2 5829669 371830 2.8 37 13 1 2 30% 21855464 12707 75%
c u 6394.80  0 29 60 200163  2 5829669 371394 2.8 37 13 1 2 30% 21860486 12707 75%
c v 6394.91  0 29 60 200163  2 5829669 371392 2.8 37 13 1 2 30% 21860486 12707 75%
c w 6395.01  0 29 60 200163  2 5829669 371392 2.8 37 13 1 2 30% 21860486 12707 75%
c 
c   seconds   reductions      conflicts          size   tier2          variables
c           MB      restarts         redundant      glue   trail            remaining
c            level         rate            size/glue  tier1   irredundant
c 
c t 6395.10  0 29 60 200163  2 5829669 371389 2.8 37 13 1 2 30% 21855465 12707 75%
c W 6434.85  0 39 60 200168  2 5886229 422680 2.4 38 16 1 2 28% 21855465 12707 75%
c ] 6443.62  0 37 60 200176  2 5900634 435087 2.4 37 16 1 2 28% 21855465 12707 75%
c { 6443.62  0 27 60 200176  4 5900634 435087 4.4 41 9 1 2 37% 21855465 12707 75%
c } 6496.49  0 28 60 202941  4 5949584 478070 4.5 41 9 1 2 36% 21855465 12707 75%
c [ 6496.49  0 37 60 202941  2 5949584 478070 2.4 37 16 1 2 28% 21855465 12707 75%
c s 6524.91  0 36 60 202951  2 5973203 498158 2.5 38 15 1 2 33% 21836048 12707 75%
c t 6525.16  0 36 60 202951  2 5973203 498158 2.5 38 15 1 2 33% 21835616 12707 75%
c s 6526.11  0 36 60 202951  2 5973203 498156 2.5 38 15 1 2 33% 21812754 12707 75%
c ] 6537.19  0 35 60 202956  2 5983666 507005 2.5 38 15 1 2 35% 21812754 12707 75%
c { 6537.19  0 28 60 202956  4 5983666 507005 4.5 41 9 1 2 36% 21812754 12707 75%
c B 6549.02  0 28 60 203531  4 5995233 517120 4.5 42 9 1 2 36% 21812754 12707 75%
c - 6586.12  0 27 61 205625  4 6031251 342792 4.5 42 9 1 2 35% 21812754 12707 75%
c 2 6586.17  0 27 61 205625  4 6031251 342792 4.5 42 9 1 2 35% 21812471 12707 75%
c p 6587.93  0 27 61 205625  4 6031251 375869 4.5 42 9 1 2 35% 21812471 12707 75%
c u 6610.49  0 27 61 205625  4 6031251 374788 4.5 42 9 1 2 35% 21812471 12707 75%
c v 6610.53  0 27 61 205625  4 6031251 374788 4.5 42 9 1 2 35% 21812471 12707 75%
c w 6610.53  0 27 61 205625  4 6031251 374788 4.5 42 9 1 2 35% 21812471 12707 75%
c t 6610.61  0 27 61 205625  4 6031251 374787 4.5 42 9 1 2 35% 21812245 12707 75%
c } 6617.94  0 28 61 206019  4 6036806 379641 4.5 42 9 1 2 34% 21812245 12707 75%
c 
c   seconds   reductions      conflicts          size   tier2          variables
c           MB      restarts         redundant      glue   trail            remaining
c            level         rate            size/glue  tier1   irredundant
c 
c [ 6617.94  0 35 61 206019  2 6036806 379641 2.5 38 15 1 2 35% 21812245 12707 75%
c O 6654.45  0 28 61 206042  2 6105234 440142 2.5 32 12 1 2 30% 21812245 12707 75%
c ] 6659.68  0 28 61 206046  2 6114597 448435 2.5 32 13 1 2 30% 21812245 12707 75%
c { 6659.68  0 28 61 206046  4 6114597 448435 4.5 42 9 1 2 34% 21812245 12707 75%
c } 6715.79  0 27 61 209239  4 6167047 493818 4.6 43 9 1 2 36% 21812245 12707 75%
c [ 6715.79  0 28 61 209239  2 6167047 493818 2.5 32 13 1 2 30% 21812245 12707 75%
c B 6747.76  0 25 61 209249  2 6216239 537771 2.6 30 12 1 2 28% 21812245 12707 75%
c ] 6755.98  0 36 61 209249  2 6226798 547255 2.3 36 15 1 2 29% 21812245 12707 75%
c { 6755.98  0 27 61 209249  4 6226798 547255 4.6 43 9 1 2 36% 21812245 12707 75%
c - 6768.14  0 27 62 209765  4 6236235 347082 4.6 43 9 1 2 36% 21812245 12707 75%
c p 6769.85  0 27 62 209765  4 6236235 379568 4.6 43 9 1 2 36% 21812245 12707 75%
c u 6776.05  0 27 62 209765  4 6236235 378220 4.6 43 9 1 2 36% 21812245 12707 75%
c v 6776.06  0 27 62 209765  4 6236235 378220 4.6 43 9 1 2 36% 21812245 12707 75%
c w 6776.07  0 27 62 209765  4 6236235 378220 4.6 43 9 1 2 36% 21812245 12707 75%
c t 6776.14  0 27 62 209765  4 6236235 378215 4.6 43 9 1 2 36% 21812244 12707 75%
c } 6821.28  0 27 62 211896  4 6283167 418439 4.5 42 9 1 2 37% 21812244 12707 75%
c [ 6821.28  0 36 62 211896  2 6283167 418439 2.3 36 15 1 2 29% 21812244 12707 75%
c W 6863.14  0 32 62 211897  2 6328240 457916 2.5 35 14 1 2 28% 21812244 12707 75%
c ] 6893.13  0 44 62 211898  2 6401198 518929 2.1 45 21 1 2 39% 21812244 12707 75%
c { 6893.13  0 27 62 211898  4 6401198 518929 4.5 42 9 1 2 37% 21812244 12707 75%
c 
c   seconds   reductions      conflicts          size  tier2          variables
c           MB      restarts         redundant      glue  trail            remaining
c            level         rate            size/glue tier1   irredundant
c 
c W 6937.51  0 27 62 214076  3 6441241 553677 4.5 41 9 1 2 36% 21812244 12707 75%
c - 6941.90  0 27 63 214237  3 6444673 349246 4.5 41 9 1 2 36% 21812244 12707 75%
c p 6943.28  0 27 63 214237  3 6444673 377784 4.5 41 9 1 2 36% 21812244 12707 75%
c u 6946.83  0 27 63 214237  3 6444673 377053 4.5 41 9 1 2 36% 21812244 12707 75%
c v 6946.84  0 27 63 214237  3 6444673 377053 4.5 41 9 1 2 36% 21812244 12707 75%
c x 6950.76  0 27 63 214237  3 6444673 377053 4.5 41 9 1 2 36% 21811171 12707 75%
c t 6950.85  0 27 63 214237  3 6444673 377042 4.5 41 9 1 2 36% 21811167 12707 75%
c } 6965.58  0 26 63 214930  3 6460649 390325 4.4 40 9 1 2 37% 21811167 12707 75%
c [ 6965.58  0 44 63 214930  2 6460649 390325 2.1 45 21 1 2 39% 21811167 12707 75%
c s 6995.39  0 43 63 214930  2 6488979 415405 2.3 47 20 1 2 40% 21774422 12707 75%
c t 6995.65  0 43 63 214930  2 6488979 415405 2.3 47 20 1 2 40% 21773813 12707 75%
c s 6996.61  0 43 63 214930  2 6488979 415405 2.3 47 20 1 2 40% 21735200 12707 75%
c ] 7011.40  0 41 63 214930  2 6505807 429808 2.3 46 20 1 2 42% 21735200 12707 75%
c { 7011.40  0 26 63 214930  3 6505807 429808 4.4 40 9 1 2 37% 21735200 12707 75%
c F 7060.81  0 26 63 217772  3 6555248 472376 4.4 40 9 1 2 36% 21735200 12707 75%
c } 7069.79  0 25 63 218077  3 6566441 481127 4.3 38 9 1 2 38% 21735200 12707 75%
c [ 7069.79  0 41 63 218077  2 6566441 481127 2.3 46 20 1 2 42% 21735200 12707 75%
c i 7070.05  0 41 63 218077  2 6567170 481637 2.3 46 20 1 2 42% 21735200 12706 75%
c ] 7124.69  0 38 63 218090  2 6635955 543059 2.6 46 17 1 2 36% 21735200 12706 75%
c { 7124.69  0 25 63 218090  3 6635955 543059 4.3 38 9 1 2 38% 21735200 12706 75%
c 
c   seconds   reductions      conflicts          size  tier2          variables
c           MB      restarts         redundant      glue  trail            remaining
c            level         rate            size/glue tier1   irredundant
c 
c - 7151.93  0 26 64 219686  4 6656566 352352 4.3 39 9 1 2 37% 21735187 12706 75%
c 2 7151.98  0 26 64 219686  4 6656566 352351 4.3 39 9 1 2 37% 21734980 12706 75%
c d 7152.39  0 26 64 219686  4 6656566 352350 4.3 39 9 1 2 37% 21734977 12705 75%
c p 7154.12  0 26 64 219686  4 6656566 383056 4.3 39 9 1 2 37% 21734977 12705 75%
c 2 7154.18  0 26 64 219686  4 6656566 383023 4.3 39 9 1 2 37% 21734977 12705 75%
c u 7159.51  0 26 64 219686  4 6656566 380631 4.3 39 9 1 2 37% 21734977 12705 75%
c v 7159.52  0 26 64 219686  4 6656566 380631 4.3 39 9 1 2 37% 21734977 12705 75%
c w 7159.52  0 26 64 219686  4 6656566 380631 4.3 39 9 1 2 37% 21734977 12705 75%
c t 7159.61  0 26 64 219686  4 6656566 380513 4.3 39 9 1 2 37% 21734826 12705 75%
c B 7174.24  0 26 64 220656  4 6670252 391991 4.2 38 9 1 2 37% 21734826 12705 75%
c } 7195.28  0 27 64 222149  4 6689371 408806 4.4 40 9 1 2 37% 21734826 12705 75%
c [ 7195.28  0 38 64 222149  2 6689371 408806 2.6 46 17 1 2 36% 21734826 12705 75%
c I 7243.22  0 30 64 222182  2 6786255 492381 2.6 38 15 1 2 34% 21734826 12705 75%
c ] 7245.25  0 29 64 222185  2 6790050 495791 2.6 38 15 1 2 34% 21734826 12705 75%
c { 7245.25  0 27 64 222185  4 6790050 495791 4.4 40 9 1 2 37% 21734826 12705 75%
c } 7306.21  0 27 64 226062  4 6844797 543223 4.6 43 9 1 2 37% 21734826 12705 75%
c [ 7306.21  0 29 64 226062  2 6844797 543223 2.6 38 15 1 2 34% 21734826 12705 75%
c - 7321.73  0 28 65 226074  2 6871814 357078 2.6 36 14 1 2 34% 21734826 12705 75%
c p 7323.49  0 28 65 226074  2 6871814 387412 2.6 36 14 1 2 34% 21734826 12705 75%
c u 7329.49  0 28 65 226074  2 6871814 386238 2.6 36 14 1 2 34% 21734826 12705 75%
c 
c   seconds   reductions      conflicts          size   tier2          variables
c           MB      restarts         redundant      glue   trail            remaining
c            level         rate            size/glue  tier1   irredundant
c 
c v 7329.54  0 28 65 226074  2 6871814 386236 2.6 36 14 1 2 34% 21734826 12705 75%
c w 7329.57  0 28 65 226074  2 6871814 386236 2.6 36 14 1 2 34% 21734826 12705 75%
c t 7329.65  0 28 65 226074  2 6871814 386227 2.6 36 14 1 2 34% 21734824 12705 75%
c B 7358.98  0 32 65 226076  2 6903256 414659 3.0 47 16 1 2 36% 21734824 12705 75%
c ] 7363.01  0 32 65 226076  2 6907291 418310 3.0 47 16 1 2 37% 21734824 12705 75%
c { 7363.01  0 27 65 226076  4 6907291 418310 4.6 43 9 1 2 37% 21734824 12705 75%
c } 7425.65  0 27 65 229812  4 6967839 470399 4.4 42 9 1 2 38% 21734824 12705 75%
c [ 7425.65  0 32 65 229812  2 6967839 470399 3.0 47 16 1 2 37% 21734824 12705 75%
c W 7482.23  0 27 65 229830  2 7021258 518186 2.9 39 13 1 2 32% 21734824 12705 75%
c s 7486.86  0 28 65 229833  2 7025989 522221 2.9 39 13 1 2 32% 21708170 12705 75%
c t 7487.12  0 28 65 229833  2 7025989 522220 2.9 39 13 1 2 32% 21707878 12705 75%
c e 7487.59  0 28 65 229833  2 7025989 522210 2.9 39 13 1 2 32% 21707873 12704 75%
c s 7488.14  0 28 65 229833  2 7025989 522210 2.9 39 13 1 2 32% 21672252 12704 75%
c ] 7500.75  0 28 65 229842  2 7045875 538990 2.9 39 14 1 2 34% 21672252 12704 75%
c { 7500.75  0 27 65 229842  4 7045875 538990 4.4 42 9 1 2 38% 21672252 12704 75%
c - 7549.41  0 27 66 232242  4 7090518 363953 4.4 41 9 1 2 36% 21672252 12704 75%
c 2 7549.45  0 27 66 232242  4 7090518 363953 4.4 41 9 1 2 36% 21671925 12704 75%
c p 7551.20  0 27 66 232242  4 7090518 393925 4.4 41 9 1 2 36% 21671925 12704 75%
c u 7556.82  0 27 66 232242  4 7090518 391861 4.4 41 9 1 2 36% 21671925 12704 75%
c v 7556.84  0 27 66 232242  4 7090518 391861 4.4 41 9 1 2 36% 21671925 12704 75%
c 
c   seconds   reductions      conflicts          size  tier2          variables
c           MB      restarts         redundant      glue  trail            remaining
c            level         rate            size/glue tier1   irredundant
c 
c w 7556.85  0 27 66 232242  4 7090518 391861 4.4 41 9 1 2 36% 21671925 12704 75%
c t 7556.95  0 27 66 232242  4 7090518 391856 4.4 41 9 1 2 36% 21671702 12704 75%
c } 7569.82  0 27 66 232968  4 7103761 403227 4.3 41 9 1 2 36% 21671702 12704 75%
c [ 7569.82  0 28 66 232968  2 7103761 403227 2.9 39 14 1 2 34% 21671702 12704 75%
c O 7590.85  0 25 66 232977  2 7140259 435813 2.8 35 13 1 2 31% 21671702 12704 75%
c ] 7611.24  0 24 66 232996  2 7178414 467539 2.7 34 13 1 2 29% 21671702 12704 75%
c { 7611.24  0 27 66 232996  4 7178414 467539 4.3 41 9 1 2 36% 21671702 12704 75%
c } 7672.76  0 27 66 236553  4 7234948 516709 4.3 41 9 1 2 35% 21671702 12704 75%
c [ 7672.76  0 24 66 236553  2 7234948 516709 2.7 34 13 1 2 29% 21671702 12704 75%
c B 7684.88  0 24 66 236557  2 7260260 538648 2.6 33 13 1 2 29% 21671702 12704 75%
c - 7726.16  0 52 67 236559  2 7312590 366901 2.3 52 22 1 2 32% 21671702 12704 75%
c p 7727.95  0 52 67 236559  2 7312590 396649 2.3 52 22 1 2 32% 21671702 12704 75%
c u 7734.65  0 52 67 236559  2 7312590 394972 2.3 52 22 1 2 32% 21671702 12704 75%
c v 7734.71  0 52 67 236559  2 7312590 394971 2.3 52 22 1 2 32% 21671702 12704 75%
c w 7734.80  0 52 67 236559  2 7312590 394970 2.3 52 22 1 2 32% 21671702 12704 75%
c t 7734.88  0 52 67 236559  2 7312590 394966 2.3 52 22 1 2 32% 21671701 12704 75%
c ] 7735.96  0 53 67 236559  2 7314233 396524 2.3 52 22 1 2 32% 21671701 12704 75%
c { 7735.96  0 27 67 236559  4 7314233 396524 4.3 41 9 1 2 35% 21671701 12704 75%
c } 7799.30  0 27 67 240403  4 7375933 450423 4.5 43 9 1 2 36% 21671701 12704 75%
c [ 7799.30  0 53 67 240403  2 7375933 450423 2.3 52 22 1 2 32% 21671701 12704 75%
c 
c   seconds   reductions      conflicts          size   tier2          variables
c           MB      restarts         redundant      glue   trail            remaining
c            level         rate            size/glue  tier1   irredundant
c 
c W 7818.82  0 51 67 240403  2 7381262 454868 2.4 51 21 1 2 33% 21671701 12704 75%
c ] 7867.72  0 51 67 240413  2 7445311 511191 2.2 48 21 1 2 27% 21671701 12704 75%
c { 7867.72  0 27 67 240413  4 7445311 511191 4.5 43 9 1 2 36% 21671701 12704 75%
c W 7932.34  0 27 67 243627  4 7503270 560526 4.6 43 9 1 2 37% 21671700 12704 75%
c } 7937.10  0 26 67 243826  4 7509104 565292 4.5 42 9 1 2 37% 21671700 12704 75%
c [ 7937.10  0 51 67 243826  2 7509104 565292 2.2 48 21 1 2 27% 21671700 12704 75%
c - 7958.54  0 43 68 243838  2 7538110 372839 2.3 42 18 1 2 27% 21671699 12704 75%
c p 7960.37  0 43 68 243838  2 7538110 402343 2.3 42 18 1 2 27% 21671699 12704 75%
c c 7965.18  0 43 68 243838  2 7538110 402343 2.3 42 18 1 2 27% 21676069 12704 75%
c d 7965.64  0 43 68 243838  2 7538110 402342 2.3 42 18 1 2 27% 21676067 12703 75%
c 2 7965.73  0 43 68 243838  2 7538110 402336 2.3 42 18 1 2 27% 21676066 12703 75%
c = 7979.00  0 43 68 243838  2 7538110 402336 2.3 42 18 1 2 27% 21676066 12702 75%
c u 7986.22  0 43 68 243838  2 7538110 400118 2.3 42 18 1 2 27% 21676066 12702 75%
c v 7986.37  0 43 68 243838  2 7538110 400113 2.3 42 18 1 2 27% 21676066 12702 75%
c w 7986.38  0 43 68 243838  2 7538110 400113 2.3 42 18 1 2 27% 21676066 12702 75%
c t 7986.46  0 43 68 243838  2 7538110 400063 2.3 42 18 1 2 27% 21671697 12702 75%
c ] 8012.19  0 40 68 243847  2 7576596 432527 2.3 43 18 1 2 34% 21671697 12702 75%
c { 8012.19  0 26 68 243847  4 7576596 432527 4.5 42 9 1 2 37% 21671697 12702 75%
c s 8021.09  0 26 68 244293  4 7584280 439109 4.5 42 9 1 2 37% 21633593 12702 75%
c t 8021.34  0 26 68 244293  4 7584280 439109 4.5 42 9 1 2 37% 21633305 12702 75%
c 
c   seconds   reductions      conflicts          size  tier2          variables
c           MB      restarts         redundant      glue  trail            remaining
c            level         rate            size/glue tier1   irredundant
c 
c s 8022.26  0 26 68 244293  4 7584280 439109 4.5 42 9 1 2 37% 21595554 12702 75%
c # 8068.14  0 27 68 246961  4 7626271 475379 4.4 42 9 1 2 37% 21595554 12702 75%
c } 8078.10  0 27 68 247493  4 7635503 483415 4.5 42 9 1 2 36% 21595554 12702 75%
c [ 8078.10  0 40 68 247493  2 7635503 483415 2.3 43 18 1 2 34% 21595554 12702 75%
c ] 8133.71  0 32 68 247525  2 7727237 561862 2.5 40 16 1 2 35% 21595554 12702 75%
c { 8133.71  0 27 68 247525  4 7727237 561862 4.5 42 9 1 2 36% 21595554 12702 75%
c B 8158.90  0 27 68 248971  4 7750272 581740 4.5 42 9 1 2 36% 21595554 12702 75%
c - 8176.58  0 26 69 249791  4 7767086 376498 4.4 42 9 1 2 36% 21595554 12702 75%
c 2 8176.63  0 26 69 249791  4 7767086 376497 4.4 42 9 1 2 36% 21595436 12702 75%
c p 8178.37  0 26 69 249791  4 7767086 405797 4.4 42 9 1 2 36% 21595436 12702 75%
c u 8185.05  0 26 69 249791  4 7767086 404336 4.4 42 9 1 2 36% 21595436 12702 75%
c t 8185.11  0 26 69 249791  4 7767086 404333 4.4 42 9 1 2 36% 21595323 12702 75%
c } 8208.66  0 27 69 251190  4 7789054 423461 4.5 42 9 1 2 36% 21595323 12702 75%
c [ 8208.66  0 32 69 251190  2 7789054 423461 2.5 40 16 1 2 35% 21595323 12702 75%
c ] 8255.18  0 33 69 251206  2 7849077 476048 2.5 39 16 1 2 37% 21595323 12702 75%
c { 8255.18  0 27 69 251206  4 7849077 476048 4.5 42 9 1 2 36% 21595323 12702 75%
c W 8301.59  0 26 69 252828  4 7875274 498669 4.4 41 9 1 2 36% 21595323 12702 75%
c } 8336.64  0 26 69 254544  3 7910812 529287 4.4 40 9 1 2 36% 21595323 12702 75%
c [ 8336.64  0 33 69 254544  2 7910812 529287 2.5 39 16 1 2 37% 21595323 12702 75%
c ] 8384.18  0 29 69 254574  2 7991630 600540 2.6 36 14 1 2 33% 21595323 12702 75%
c 
c   seconds   reductions      conflicts          size  tier2          variables
c           MB      restarts         redundant      glue  trail            remaining
c            level         rate            size/glue tier1   irredundant
c 
c { 8384.18  0 26 69 254574  3 7991630 600540 4.4 40 9 1 2 36% 21595323 12702 75%
c - 8394.61  0 26 70 255178  4 7999402 381181 4.4 41 9 1 2 36% 21595322 12702 75%
c p 8396.36  0 26 70 255178  4 7999402 410470 4.4 41 9 1 2 36% 21595322 12702 75%
c u 8403.12  0 26 70 255178  4 7999402 408123 4.4 41 9 1 2 36% 21595322 12702 75%
c v 8403.17  0 26 70 255178  4 7999402 408118 4.4 41 9 1 2 36% 21595322 12702 75%
c w 8403.19  0 26 70 255178  4 7999402 408118 4.4 41 9 1 2 36% 21595322 12702 75%
c t 8403.26  0 26 70 255178  4 7999402 408112 4.4 41 9 1 2 36% 21595321 12702 75%
c F 8405.52  0 27 70 255327  4 8001276 409762 4.4 41 9 1 2 36% 21595321 12702 75%
c } 8460.45  0 27 70 258678  4 8055150 456608 4.4 41 9 1 2 35% 21595321 12702 75%
c [ 8460.45  0 29 70 258678  2 8055150 456608 2.6 36 14 1 2 33% 21595321 12702 75%
c I 8496.36  0 27 70 258695  1 8128277 521552 2.5 32 13 1 2 28% 21595321 12702 75%
c ] 8511.15  0 30 70 258696  2 8151796 543307 2.7 38 14 1 2 28% 21595321 12702 75%
c { 8511.15  0 27 70 258696  4 8151796 543307 4.4 41 9 1 2 35% 21595321 12702 75%
c s 8523.41  0 27 70 259502  4 8163779 553734 4.4 41 9 1 2 35% 21565613 12702 75%
c t 8523.69  0 27 70 259502  4 8163779 553734 4.4 41 9 1 2 35% 21565386 12702 75%
c e 8524.18  0 27 70 259502  4 8163779 553447 4.4 41 9 1 2 35% 21565379 12701 75%
c s 8524.71  0 27 70 259502  4 8163779 553445 4.4 41 9 1 2 35% 21529495 12701 75%
c } 8580.55  0 27 70 262654  4 8213185 596062 4.3 41 9 1 2 35% 21529495 12701 75%
c [ 8580.55  0 30 70 262654  2 8213185 596062 2.7 38 14 1 2 28% 21529495 12701 75%
c - 8605.99  0 28 71 262654  2 8235168 388015 3.1 42 13 1 2 28% 21529495 12701 75%
c 
c   seconds   reductions      conflicts          size   tier2          variables
c           MB      restarts         redundant      glue   trail            remaining
c            level         rate            size/glue  tier1   irredundant
c 
c 2 8606.04  0 28 71 262654  2 8235168 388015 3.1 42 13 1 2 28% 21529395 12701 75%
c d 8606.44  0 28 71 262654  2 8235168 387958 3.1 42 13 1 2 28% 21529393 12700 75%
c p 8608.25  0 28 71 262654  2 8235168 416726 3.1 42 13 1 2 28% 21529393 12700 75%
c 2 8608.31  0 28 71 262654  2 8235168 416725 3.1 42 13 1 2 28% 21529393 12700 75%
c u 8615.73  0 28 71 262654  2 8235168 415102 3.1 42 13 1 2 28% 21529393 12700 75%
c v 8615.86  0 28 71 262654  2 8235168 415097 3.1 42 13 1 2 28% 21529393 12700 75%
c w 8615.89  0 28 71 262654  2 8235168 415097 3.1 42 13 1 2 28% 21529393 12700 75%
c t 8615.97  0 28 71 262654  2 8235168 415091 3.1 42 13 1 2 28% 21529246 12700 75%
c B 8636.81  0 46 71 262654  2 8256278 434867 2.7 56 21 1 2 31% 21529246 12700 75%
c ] 8640.48  0 45 71 262654  2 8264965 442384 2.6 54 20 1 2 33% 21529246 12700 75%
c { 8640.49  0 27 71 262654  4 8264965 442384 4.3 41 9 1 2 35% 21529246 12700 75%
c } 8706.80  0 26 71 266288  4 8327160 495235 4.3 41 9 1 2 36% 21529246 12700 75%
c [ 8706.80  0 45 71 266288  2 8327160 495235 2.6 54 20 1 2 33% 21529246 12700 75%
c W 8770.79  0 54 71 266289  2 8385279 546116 2.5 49 19 1 2 36% 21529246 12700 75%
c ] 8789.64  0 52 71 266289  2 8428444 584679 2.4 49 20 1 2 38% 21529246 12700 75%
c { 8789.64  0 26 71 266289  4 8428444 584679 4.3 41 9 1 2 36% 21529246 12700 75%
c - 8837.52  0 26 72 268853  4 8474286 390981 4.2 40 9 1 2 36% 21529246 12700 75%
c p 8839.29  0 26 72 268853  4 8474286 419434 4.2 40 9 1 2 36% 21529246 12700 75%
c u 8850.73  0 26 72 268853  4 8474286 417561 4.2 40 9 1 2 36% 21533362 12700 75%
c t 8850.83  0 26 72 268853  4 8474286 417551 4.2 40 9 1 2 36% 21529246 12700 75%
c 
c   seconds   reductions      conflicts          size  tier2          variables
c           MB      restarts         redundant      glue  trail            remaining
c            level         rate            size/glue tier1   irredundant
c 
c } 8873.85  0 25 72 270207  3 8501076 440606 4.3 40 9 1 2 37% 21529246 12700 75%
c [ 8873.85  0 52 72 270207  2 8501076 440606 2.4 49 20 1 2 38% 21529246 12700 75%
c O 8892.75  0 53 72 270207  2 8515280 453555 2.4 49 21 1 2 36% 21529246 12700 75%
c ] 8923.23  0 48 72 270208  2 8562995 497216 2.4 48 20 1 2 33% 21529246 12700 75%
c { 8923.23  0 25 72 270208  3 8562995 497216 4.3 40 9 1 2 37% 21529246 12700 75%
c i 8952.21  0 25 72 271868  4 8590933 521070 4.3 40 9 1 2 37% 21529246 12699 75%
c } 8990.74  0 25 72 274072  4 8624245 549489 4.3 40 9 1 2 36% 21529246 12699 75%
c [ 8990.74  0 48 72 274072  2 8624245 549489 2.4 48 20 1 2 33% 21529246 12699 75%
c B 9004.18  0 44 72 274072  2 8646282 569838 2.6 49 19 1 2 32% 21529246 12699 75%
c ] 9041.78  0 49 72 274072  2 8679692 600045 2.5 56 22 1 2 36% 21529246 12699 75%
c { 9041.78  0 25 72 274072  4 8679692 600045 4.3 40 9 1 2 36% 21529246 12699 75%
c - 9083.14  0 25 73 276240  4 8716852 394946 4.1 39 9 1 2 37% 21529226 12699 75%
c 2 9083.19  0 25 73 276240  4 8716852 394946 4.1 39 9 1 2 37% 21529225 12699 75%
c d 9083.55  0 25 73 276240  4 8716852 394944 4.1 39 9 1 2 37% 21529223 12697 75%
c p 9085.31  0 25 73 276240  4 8716852 421595 4.1 39 9 1 2 37% 21529223 12697 75%
c 2 9085.38  0 25 73 276240  4 8716852 421581 4.1 39 9 1 2 37% 21529223 12697 75%
c u 9091.88  0 25 73 276240  4 8716852 420328 4.1 39 9 1 2 37% 21529223 12697 75%
c v 9091.88  0 25 73 276240  4 8716852 420328 4.1 39 9 1 2 37% 21529223 12697 75%
c w 9091.88  0 25 73 276240  4 8716852 420328 4.1 39 9 1 2 37% 21529223 12697 75%
c x 9096.91  0 25 73 276240  4 8716852 420328 4.1 39 9 1 2 37% 21527576 12697 75%
c 
c   seconds   reductions      conflicts          size  tier2          variables
c           MB      restarts         redundant      glue  trail            remaining
c            level         rate            size/glue tier1   irredundant
c 
c t 9096.99  0 25 73 276240  4 8716852 420289 4.1 39 9 1 2 37% 21527575 12697 75%
c } 9126.11  0 26 73 277943  4 8743968 443547 4.1 39 9 1 2 37% 21527575 12697 75%
c [ 9126.11  0 49 73 277943  2 8743968 443547 2.5 56 22 1 2 36% 21527575 12697 75%
c s 9134.95  0 44 73 277943  2 8764501 462309 2.6 52 20 1 2 33% 21494832 12697 75%
c t 9135.20  0 44 73 277943  2 8764501 462309 2.6 52 20 1 2 33% 21494529 12697 75%
c e 9135.68  0 44 73 277943  2 8764501 461647 2.6 52 20 1 2 33% 21494522 12694 75%
c s 9136.18  0 44 73 277943  2 8764501 461645 2.6 52 20 1 2 33% 21460150 12694 75%
c W 9169.18  0 49 73 277943  2 8778283 474117 2.6 56 21 1 2 34% 21460150 12694 75%
c ] 9213.78  0 59 73 277943  2 8872137 557736 2.2 54 25 1 2 36% 21460150 12694 75%
c { 9213.78  0 26 73 277943  4 8872137 557736 4.1 39 9 1 2 37% 21460150 12694 75%
c B 9251.85  0 25 73 279800  3 8911286 590796 4.1 38 9 1 2 37% 21460150 12694 75%
c } 9285.25  0 25 73 281654  3 8940520 615618 4.2 39 9 1 2 37% 21460150 12694 75%
c [ 9285.25  0 59 73 281654  2 8940520 615618 2.2 54 25 1 2 36% 21460150 12694 75%
c - 9298.94  0 54 74 281654  2 8962862 400433 2.4 56 23 1 2 35% 21460150 12694 75%
c 2 9298.99  0 54 74 281654  2 8962862 400433 2.4 56 23 1 2 35% 21459961 12694 75%
c p 9300.72  0 54 74 281654  2 8962862 426663 2.4 56 23 1 2 35% 21459961 12694 75%
c u 9306.64  0 54 74 281654  2 8962862 425594 2.4 56 23 1 2 35% 21459961 12694 75%
c v 9306.76  0 54 74 281654  2 8962862 425584 2.4 56 23 1 2 35% 21459961 12694 75%
c w 9306.81  0 54 74 281654  2 8962862 425583 2.4 56 23 1 2 35% 21459961 12694 75%
c t 9306.87  0 54 74 281654  2 8962862 425576 2.4 56 23 1 2 35% 21459792 12694 75%
c 
c   seconds   reductions      conflicts          size   tier2          variables
c           MB      restarts         redundant      glue   trail            remaining
c            level         rate            size/glue  tier1   irredundant
c 
c I 9357.07  0 70 74 281655  2 9045287 499232 2.0 62 30 1 2 34% 21459792 12694 75%
c ] 9358.01  0 70 74 281655  2 9045949 499787 2.0 62 30 1 2 34% 21459792 12694 75%
c { 9358.01  0 25 74 281655  3 9045949 499787 4.2 39 9 1 2 37% 21459792 12694 75%
c } 9428.02  0 24 74 285460  3 9115376 557537 4.2 38 9 1 2 38% 21459792 12694 75%
c [ 9428.02  0 70 74 285460  2 9115376 557537 2.0 62 30 1 2 34% 21459792 12694 75%
c B 9463.60  0 46 74 285460  2 9180288 616449 2.3 46 20 1 2 27% 21459792 12694 75%
c ] 9484.55  0 53 74 285460  2 9206440 639921 2.3 51 23 1 2 30% 21459792 12694 75%
c { 9484.55  0 24 74 285460  3 9206440 639921 4.2 38 9 1 2 38% 21459792 12694 75%
c - 9493.61  0 24 75 285895  3 9212219 402406 4.2 38 9 1 2 38% 21459792 12694 75%
c p 9495.47  0 24 75 285895  3 9212219 428666 4.2 38 9 1 2 38% 21459792 12694 75%
c u 9502.23  0 24 75 285895  3 9212219 426378 4.2 38 9 1 2 38% 21459792 12694 75%
c v 9502.29  0 24 75 285895  3 9212219 426376 4.2 38 9 1 2 38% 21459792 12694 75%
c w 9502.31  0 24 75 285895  3 9212219 426375 4.2 38 9 1 2 38% 21459792 12694 75%
c t 9502.39  0 24 75 285895  3 9212219 426369 4.2 38 9 1 2 38% 21459788 12694 75%
c } 9568.07  0 24 75 289763  3 9278826 483378 4.1 37 9 1 2 37% 21459788 12694 75%
c [ 9568.07  0 53 75 289763  2 9278826 483378 2.3 51 23 1 2 30% 21459788 12694 75%
c i 9569.92  0 51 75 289763  2 9283741 487359 2.3 50 22 1 2 31% 21459788 12693 75%
c W 9603.78  0 51 75 289763  2 9316289 505773 2.4 52 22 1 2 31% 21459773 12693 75%
c s 9628.76  0 45 75 289763  2 9386455 566489 2.3 52 22 1 2 38% 21425693 12693 75%
c t 9629.01  0 45 75 289763  2 9386455 566489 2.3 52 22 1 2 38% 21425338 12693 75%
c 
c   seconds   reductions      conflicts          size   tier2          variables
c           MB      restarts         redundant      glue   trail            remaining
c            level         rate            size/glue  tier1   irredundant
c 
c e 9629.46  0 45 75 289763  2 9386455 565024 2.3 52 22 1 2 38% 21425334 12692 75%
c s 9629.96  0 45 75 289763  2 9386455 565024 2.3 52 22 1 2 38% 21390960 12692 75%
c O 9660.53  0 44 75 289763  2 9453291 621259 2.2 48 22 1 2 41% 21390960 12692 75%
c ] 9663.09  0 44 75 289763  2 9456518 624120 2.2 48 22 1 2 40% 21390960 12692 75%
c { 9663.09  0 24 75 289763  3 9456518 624120 4.1 37 9 1 2 37% 21390960 12692 75%
c - 9674.19  0 25 76 290446  3 9465021 395194 4.1 38 9 1 2 37% 21390960 12692 75%
c 2 9674.23  0 25 76 290446  3 9465021 395194 4.1 38 9 1 2 37% 21390781 12692 75%
c p 9675.60  0 25 76 290446  3 9465021 417881 4.1 38 9 1 2 37% 21390781 12692 75%
c u 9691.79  0 25 76 290446  3 9465021 416826 4.1 38 9 1 2 37% 21390781 12692 75%
c v 9691.80  0 25 76 290446  3 9465021 416826 4.1 38 9 1 2 37% 21390781 12692 75%
c w 9691.80  0 25 76 290446  3 9465021 416826 4.1 38 9 1 2 37% 21390781 12692 75%
c t 9691.87  0 25 76 290446  3 9465021 416823 4.1 38 9 1 2 37% 21390697 12692 75%
c } 9756.46  0 25 76 294569  4 9522816 466020 4.2 39 9 1 2 38% 21390697 12692 75%
c [ 9756.46  0 44 76 294569  2 9522816 466020 2.2 48 22 1 2 40% 21390697 12692 75%
c B 9787.75  0 38 76 294569  2 9591292 528810 2.3 44 19 1 2 33% 21390697 12692 75%
c ] 9827.32  0 49 76 294569  2 9662424 592538 2.1 45 21 1 2 30% 21390697 12692 75%
c { 9827.32  0 25 76 294569  4 9662424 592538 4.2 39 9 1 2 38% 21390697 12692 75%
c - 9894.28  0 25 77 298371  4 9721159 402818 4.1 38 9 1 2 37% 21390697 12692 75%
c p 9896.02  0 25 77 298371  4 9721159 428294 4.1 38 9 1 2 37% 21390697 12692 75%
c u 9906.48  0 25 77 298371  4 9721159 426097 4.1 38 9 1 2 37% 21394573 12692 75%
c 
c   seconds   reductions      conflicts          size  tier2          variables
c           MB      restarts         redundant      glue  trail            remaining
c            level         rate            size/glue tier1   irredundant
c 
c v 9908.13  0 25 77 298371  4 9721159 425933 4.1 38 9 1 2 37% 21394573 12692 75%
c w 9908.14  0 25 77 298371  4 9721159 425933 4.1 38 9 1 2 37% 21394573 12692 75%
c t 9908.22  0 25 77 298371  4 9721159 425929 4.1 38 9 1 2 37% 21390697 12692 75%
c } 9915.88  0 25 77 298833  4 9728923 432490 4.1 38 9 1 2 37% 21390697 12692 75%
c [ 9915.88  0 49 77 298833  2 9728923 432490 2.1 45 21 1 2 30% 21390697 12692 75%
c W 9929.02  0 48 77 298833  2 9730296 433724 2.1 45 21 1 2 30% 21390697 12692 75%
c I 9995.45  0 64 77 298863  2 9870297 558057 2.1 61 30 1 2 41% 21390697 12692 75%
c ] 10001.63  0 60 77 298864  2 9881774 567127 2.1 59 28 1 2 42% 21390697 12692 75%
c { 10001.63  0 25 77 298864  4 9881774 567127 4.1 38 9 1 2 37% 21390697 12692 75%
c } 10075.00  0 25 77 302946  4 9947564 622858 4.1 39 9 1 2 37% 21390697 12692 75%
c [ 10075.00  0 60 77 302946  2 9947564 622858 2.1 59 28 1 2 42% 21390697 12692 75%
c - 10100.81  0 63 78 302959  2 9980736 406109 2.2 61 28 1 2 41% 21390697 12692 75%
c p 10102.52  0 63 78 302959  2 9980736 431125 2.2 61 28 1 2 41% 21390697 12692 75%
c u 10108.96  0 63 78 302959  2 9980736 429568 2.2 61 28 1 2 41% 21390697 12692 75%
c v 10109.59  0 63 78 302959  2 9980736 429501 2.2 61 28 1 2 41% 21390697 12692 75%
c w 10109.83  0 63 78 302959  2 9980736 429501 2.2 61 28 1 2 41% 21390697 12692 75%
c t 10109.90  0 63 78 302959  2 9980736 429493 2.2 61 28 1 2 41% 21390694 12692 75%
c ] 10139.44  0 56 78 302970  2 10009059 453076 2.1 55 26 1 2 42% 21390694 12692 75%
c { 10139.44  0 25 78 302970  4 10009059 453076 4.1 39 9 1 2 37% 21390694 12692 75%
c W 10152.64  0 25 78 303091  4 10011299 455104 4.2 39 9 1 2 36% 21390694 12692 75%
c 
c   seconds    reductions      conflicts           size  tier2          variables
c            MB      restarts          redundant      glue  trail            remaining
c             level         rate             size/glue tier1   irredundant
c 
c s 10172.66  0 25 78 304211  4 10029591 471094 4.2 40 9 1 2 36% 21361651 12692 75%
c t 10172.91  0 25 78 304211  4 10029591 471094 4.2 40 9 1 2 36% 21361501 12692 75%
c e 10173.38  0 25 78 304211  4 10029591 471029 4.2 40 9 1 2 36% 21361483 12690 75%
c s 10173.89  0 25 78 304211  4 10029591 471027 4.2 40 9 1 2 36% 21335537 12690 75%
c } 10228.40  0 25 78 307175  3 10084005 517225 4.1 38 9 1 2 36% 21335537 12690 75%
c [ 10228.40  0 56 78 307175  2 10084005 517225 2.1 55 26 1 2 42% 21335537 12690 75%
c ] 10285.46  0 49 78 307183  2 10152755 576542 2.2 53 24 1 2 45% 21335537 12690 75%
c { 10285.46  0 25 78 307183  3 10152755 576542 4.1 38 9 1 2 36% 21335537 12690 75%
c # 10286.06  0 25 78 307234  3 10153300 576992 4.1 38 9 1 2 36% 21335537 12690 75%
c } 10361.45  0 25 78 311387  3 10225546 638537 4.1 37 9 1 2 36% 21335537 12690 75%
c [ 10361.45  0 49 78 311387  2 10225546 638537 2.2 53 24 1 2 45% 21335537 12690 75%
c - 10373.36  0 48 79 311398  2 10243758 410893 2.2 51 23 1 2 43% 21335537 12690 75%
c 2 10373.40  0 48 79 311398  2 10243758 410891 2.2 51 23 1 2 43% 21335400 12690 75%
c p 10375.17  0 48 79 311398  2 10243758 436082 2.2 51 23 1 2 43% 21335400 12690 75%
c u 10381.41  0 48 79 311398  2 10243758 433985 2.2 51 23 1 2 43% 21335400 12690 75%
c v 10381.49  0 48 79 311398  2 10243758 433985 2.2 51 23 1 2 43% 21335400 12690 75%
c w 10381.53  0 48 79 311398  2 10243758 433985 2.2 51 23 1 2 43% 21335400 12690 75%
c t 10381.62  0 48 79 311398  2 10243758 433983 2.2 51 23 1 2 43% 21335287 12690 75%
c ] 10425.48  0 40 79 311417  2 10291592 474943 2.3 47 20 1 2 44% 21335287 12690 75%
c { 10425.48  0 25 79 311417  3 10291592 474943 4.1 37 9 1 2 36% 21335287 12690 75%
c 
c   seconds    reductions      conflicts           size  tier2          variables
c            MB      restarts          redundant      glue  trail            remaining
c             level         rate             size/glue tier1   irredundant
c 
c B 10431.68  0 25 79 311806  3 10296303 478933 4.0 37 9 1 2 36% 21335287 12690 75%
c } 10501.38  0 24 79 315683  3 10361158 534252 4.2 38 9 1 2 37% 21335287 12690 75%
c [ 10501.38  0 40 79 315683  2 10361158 534252 2.3 47 20 1 2 44% 21335287 12690 75%
c B 10544.86  0 39 79 315714  2 10440308 606835 2.6 47 18 1 2 34% 21335287 12690 75%
c ] 10568.22  0 43 79 315716  2 10481511 643287 2.4 47 20 1 2 34% 21335287 12690 75%
c { 10568.22  0 24 79 315716  3 10481511 643287 4.2 38 9 1 2 37% 21335287 12690 75%
c - 10606.23  0 25 80 317968  4 10510135 417854 4.2 40 9 1 2 36% 21335287 12690 75%
c p 10608.06  0 25 80 317968  4 10510135 443268 4.2 40 9 1 2 36% 21335287 12690 75%
c u 10616.67  0 25 80 317968  4 10510135 441647 4.2 40 9 1 2 36% 21335287 12690 75%
c v 10620.89  0 25 80 317968  4 10510135 441210 4.2 40 9 1 2 36% 21335287 12690 75%
c w 10620.92  0 25 80 317968  4 10510135 441210 4.2 40 9 1 2 36% 21335287 12690 75%
c t 10621.00  0 25 80 317968  4 10510135 441205 4.2 40 9 1 2 36% 21335283 12690 75%
c } 10661.93  0 26 80 320594  4 10546863 472564 4.2 40 10 1 2 37% 21335283 12690 75%
c [ 10661.93  0 43 80 320594  2 10546863 472564 2.4 47 20 1 2 34% 21335283 12690 75%
c W 10702.74  0 50 80 320595  2 10585309 508414 2.6 51 19 1 2 31% 21335283 12690 75%
c s 10760.15  0 56 80 320625  2 10693944 602367 2.2 54 25 1 2 37% 21302738 12690 75%
c t 10760.42  0 56 80 320625  2 10693944 602366 2.2 54 25 1 2 37% 21302374 12690 75%
c e 10760.88  0 56 80 320625  2 10693944 602337 2.2 54 25 1 2 37% 21302373 12689 75%
c s 10761.38  0 56 80 320625  2 10693944 602335 2.2 54 25 1 2 37% 21263627 12689 75%
c ] 10767.35  0 54 80 320626  2 10701612 608458 2.2 53 25 1 2 38% 21263627 12689 75%
c 
c   seconds    reductions      conflicts           size   tier2          variables
c            MB      restarts          redundant      glue   trail            remaining
c             level         rate             size/glue  tier1   irredundant
c 
c { 10767.35  0 26 80 320626  4 10701612 608458 4.2 40 10 1 2 37% 21263627 12689 75%
c W 10808.13  0 26 80 322614  4 10731310 633447 4.3 41 10 1 2 37% 21263627 12689 75%
c } 10852.16  0 26 80 325031  4 10771750 668151 4.3 41 10 1 2 36% 21263627 12689 75%
c [ 10852.16  0 54 80 325031  2 10771750 668151 2.2 53 25 1 2 38% 21263627 12689 75%
c - 10861.91  0 54 81 325031  2 10779953 422144 2.3 56 25 1 2 38% 21263627 12689 75%
c 2 10861.96  0 54 81 325031  2 10779953 422144 2.3 56 25 1 2 38% 21263440 12689 75%
c p 10863.69  0 54 81 325031  2 10779953 447397 2.3 56 25 1 2 38% 21263440 12689 75%
c u 10870.46  0 54 81 325031  2 10779953 446102 2.3 56 25 1 2 38% 21263440 12689 75%
c v 10870.68  0 54 81 325031  2 10779953 446099 2.3 56 25 1 2 38% 21263440 12689 75%
c w 10870.72  0 54 81 325031  2 10779953 446099 2.3 56 25 1 2 38% 21263440 12689 75%
c t 10870.79  0 54 81 325031  2 10779953 446092 2.3 56 25 1 2 38% 21263292 12689 75%
c ] 10917.33  0 46 81 325053  2 10825429 483748 2.3 50 22 1 2 41% 21263292 12689 75%
c { 10917.33  0 26 81 325053  4 10825429 483748 4.3 41 10 1 2 36% 21263292 12689 75%
c F 10970.53  0 26 81 327986  4 10878312 529038 4.4 42 10 1 2 36% 21263292 12689 75%
c } 10996.71  0 26 81 329548  4 10901676 549595 4.4 42 10 1 2 35% 21263292 12689 75%
c [ 10996.71  0 46 81 329548  2 10901676 549595 2.3 50 22 1 2 41% 21263292 12689 75%
c ] 11054.92  0 45 81 329558  2 10961348 600262 2.2 51 23 1 2 44% 21263292 12689 75%
c { 11054.92  0 26 81 329558  4 10961348 600262 4.4 42 10 1 2 35% 21263292 12689 75%
c B 11125.07  0 25 81 333362  4 11026314 655202 4.5 43 10 1 2 37% 21263292 12689 75%
c } 11134.75  0 25 81 333733  3 11036243 663359 4.5 42 9 1 2 36% 21263292 12689 75%
c 
c   seconds    reductions      conflicts           size   tier2          variables
c            MB      restarts          redundant      glue   trail            remaining
c             level         rate             size/glue  tier1   irredundant
c 
c [ 11134.75  0 45 81 333733  2 11036243 663359 2.2 51 23 1 2 44% 21263292 12689 75%
c - 11146.32  0 40 82 333735  2 11053092 428646 2.3 48 21 1 2 42% 21263292 12689 75%
c p 11148.16  0 40 82 333735  2 11053092 453852 2.3 48 21 1 2 42% 21263292 12689 75%
c u 11155.97  0 40 82 333735  2 11053092 451462 2.3 48 21 1 2 42% 21263292 12689 75%
c v 11156.03  0 40 82 333735  2 11053092 451461 2.3 48 21 1 2 42% 21263292 12689 75%
c w 11156.05  0 40 82 333735  2 11053092 451461 2.3 48 21 1 2 42% 21263292 12689 75%
c t 11156.12  0 40 82 333735  2 11053092 451453 2.3 48 21 1 2 42% 21263292 12689 75%
c ] 11207.63  0 42 82 333763  2 11112773 501621 2.2 49 22 1 2 43% 21263292 12689 75%
c { 11207.63  0 25 82 333763  3 11112773 501621 4.5 42 9 1 2 36% 21263292 12689 75%
c W 11295.55  0 24 82 337279  3 11175315 553527 4.2 40 9 1 2 37% 21263292 12689 75%
c } 11313.86  0 24 82 338323  3 11193164 568641 4.2 39 9 1 2 37% 21263292 12689 75%
c [ 11313.86  0 42 82 338323  2 11193164 568641 2.2 49 22 1 2 43% 21263292 12689 75%
c ] 11374.21  0 31 82 338354  2 11278787 644330 3.0 49 16 1 2 36% 21263292 12689 75%
c { 11374.21  0 24 82 338354  3 11278787 644330 4.2 39 9 1 2 37% 21263292 12689 75%
c # 11424.02  0 25 82 341289  3 11325316 684387 4.3 41 9 1 2 36% 21263292 12689 75%
c - 11429.71  0 25 83 341600  3 11329668 436493 4.3 40 9 1 2 36% 21263292 12689 75%
c p 11431.46  0 25 83 341600  3 11329668 460917 4.3 40 9 1 2 36% 21263292 12689 75%
c u 11444.89  0 25 83 341600  3 11329668 458886 4.3 40 9 1 2 36% 21266922 12689 75%
c v 11444.96  0 25 83 341600  3 11329668 458886 4.3 40 9 1 2 36% 21266922 12689 75%
c t 11445.04  0 25 83 341600  3 11329668 458882 4.3 40 9 1 2 36% 21263291 12689 75%
c 
c   seconds    reductions      conflicts           size  tier2          variables
c            MB      restarts          redundant      glue  trail            remaining
c             level         rate             size/glue tier1   irredundant
c 
c } 11474.52  0 25 83 343234  3 11356659 482028 4.3 40 9 1 2 36% 21263291 12689 75%
c [ 11474.52  0 31 83 343234  2 11356659 482028 3.0 49 16 1 2 36% 21263291 12689 75%
c s 11482.44  0 30 83 343236  2 11379422 502455 2.9 45 16 1 2 32% 21229218 12689 75%
c t 11482.69  0 30 83 343236  2 11379422 502455 2.9 45 16 1 2 32% 21229011 12689 75%
c e 11483.15  0 30 83 343236  2 11379422 502426 2.9 45 16 1 2 32% 21229011 12687 75%
c s 11483.65  0 30 83 343236  2 11379422 502424 2.9 45 16 1 2 32% 21194983 12687 75%
c ] 11549.06  0 38 83 343237  2 11452381 567028 2.8 55 20 1 2 36% 21194983 12687 75%
c { 11549.06  0 25 83 343237  3 11452381 567028 4.3 40 9 1 2 36% 21194983 12687 75%
c B 11574.23  0 24 83 344396  3 11476318 586345 4.1 39 9 1 2 37% 21194983 12687 75%
c } 11629.64  0 25 83 347703  4 11524380 627532 4.2 40 9 1 2 36% 21194983 12687 75%
c [ 11629.64  0 38 83 347703  2 11524380 627532 2.8 55 20 1 2 36% 21194983 12687 75%
c - 11684.31  0 29 84 347704  1 11609684 441639 2.7 39 14 1 2 27% 21194983 12687 75%
c 2 11684.35  0 29 84 347704  1 11609684 441639 2.7 39 14 1 2 27% 21194811 12687 75%
c p 11686.23  0 29 84 347704  1 11609684 466582 2.7 39 14 1 2 27% 21194811 12687 75%
c u 11692.64  0 29 84 347704  1 11609684 465332 2.7 39 14 1 2 27% 21194811 12687 75%
c v 11692.83  0 29 84 347704  1 11609684 465329 2.7 39 14 1 2 27% 21194811 12687 75%
c w 11692.88  0 29 84 347704  1 11609684 465329 2.7 39 14 1 2 27% 21194811 12687 75%
c x 11699.40  0 29 84 347704  1 11609684 465326 2.7 39 14 1 2 27% 21193230 12687 75%
c t 11699.48  0 29 84 347704  1 11609684 465317 2.7 39 14 1 2 27% 21193058 12687 75%
c O 11708.93  0 35 84 347704  2 11628319 482482 2.9 46 16 1 2 28% 21193058 12687 75%
c 
c   seconds    reductions      conflicts           size   tier2          variables
c            MB      restarts          redundant      glue   trail            remaining
c             level         rate             size/glue  tier1   irredundant
c 
c ] 11709.18  0 35 84 347704  2 11628755 482886 2.9 46 16 1 2 28% 21193058 12687 75%
c { 11709.18  0 25 84 347704  4 11628755 482886 4.2 40 9 1 2 36% 21193058 12687 75%
c } 11789.69  0 24 84 352002  3 11705739 548330 4.2 39 9 1 2 35% 21193058 12687 75%
c [ 11789.69  0 35 84 352002  2 11705739 548330 2.9 46 16 1 2 28% 21193058 12687 75%
c B 11840.03  0 30 84 352016  1 11781320 616618 2.8 38 13 1 2 24% 21193058 12687 75%
c ] 11855.07  0 33 84 352023  2 11801786 634589 2.8 41 15 1 2 27% 21193058 12687 75%
c { 11855.07  0 24 84 352023  3 11801786 634589 4.2 39 9 1 2 35% 21193058 12687 75%
c } 11942.05  0 25 84 357265  3 11883890 704248 4.0 38 9 1 2 35% 21193058 12687 75%
c [ 11942.05  0 33 84 357265  2 11883890 704248 2.8 41 15 1 2 27% 21193058 12687 75%
c - 11953.14  0 32 85 357270  2 11893019 450254 2.9 42 15 1 2 29% 21193058 12687 75%
c p 11954.93  0 32 85 357270  2 11893019 474821 2.9 42 15 1 2 29% 21193058 12687 75%
c = 11971.47  0 32 85 357270  2 11893019 474817 2.9 42 15 1 2 29% 21193058 12684 75%
c u 11979.60  0 32 85 357270  2 11893019 472469 2.9 42 15 1 2 29% 21193058 12684 75%
c v 11979.69  0 32 85 357270  2 11893019 472469 2.9 42 15 1 2 29% 21193058 12684 75%
c w 11979.73  0 32 85 357270  2 11893019 472469 2.9 42 15 1 2 29% 21193058 12684 75%
c t 11979.79  0 32 85 357270  2 11893019 472459 2.9 42 15 1 2 29% 21193058 12684 75%
c W 12039.89  0 31 85 357282  2 11935324 509777 3.4 50 15 1 2 30% 21193058 12684 75%
c ] 12071.99  0 30 85 357306  2 11995480 562584 2.9 46 16 1 2 27% 21193058 12684 75%
c { 12071.99  0 25 85 357306  3 11995480 562584 4.0 38 9 1 2 35% 21193058 12684 75%
c } 12154.42  0 24 85 361787  3 12072730 627511 4.2 40 9 1 2 35% 21193058 12684 75%
c 
c   seconds    reductions      conflicts           size   tier2          variables
c            MB      restarts          redundant      glue   trail            remaining
c             level         rate             size/glue  tier1   irredundant
c 
c [ 12154.42  0 30 85 361787  2 12072730 627511 2.9 46 16 1 2 27% 21193058 12684 75%
c s 12161.39  0 29 85 361787  2 12086032 639612 2.9 44 15 1 2 27% 21157108 12684 75%
c t 12161.65  0 29 85 361787  2 12086032 639612 2.9 44 15 1 2 27% 21156833 12684 75%
c e 12162.16  0 29 85 361787  2 12086032 639542 2.9 44 15 1 2 27% 21156827 12680 75%
c s 12162.63  0 29 85 361787  2 12086032 639538 2.9 44 15 1 2 27% 21117930 12680 75%
c I 12167.03  0 30 85 361788  2 12090325 643268 3.0 45 15 1 2 27% 21117930 12680 75%
c ] 12218.62  0 33 85 361800  2 12139102 684051 2.6 46 18 1 2 35% 21117930 12680 75%
c { 12218.62  0 24 85 361800  3 12139102 684051 4.2 40 9 1 2 35% 21117930 12680 75%
c i 12239.75  0 24 85 363053  3 12157293 699281 4.2 40 10 1 2 36% 21117930 12679 75%
c - 12264.73  0 25 86 364406  3 12179786 452432 4.2 40 10 1 2 35% 21117917 12679 75%
c 2 12264.78  0 25 86 364406  3 12179786 452406 4.2 40 10 1 2 35% 21117805 12679 75%
c d 12265.18  0 25 86 364406  3 12179786 452406 4.2 40 10 1 2 35% 21117803 12678 75%
c p 12266.98  0 25 86 364406  3 12179786 475549 4.2 40 10 1 2 35% 21117803 12678 75%
c 2 12267.05  0 25 86 364406  3 12179786 475547 4.2 40 10 1 2 35% 21117803 12678 75%
c u 12274.98  0 25 86 364406  3 12179786 473239 4.2 40 10 1 2 35% 21117803 12678 75%
c v 12275.00  0 25 86 364406  3 12179786 473239 4.2 40 10 1 2 35% 21117803 12678 75%
c w 12275.02  0 25 86 364406  3 12179786 473239 4.2 40 10 1 2 35% 21117803 12678 75%
c t 12275.10  0 25 86 364406  3 12179786 473211 4.2 40 10 1 2 35% 21117625 12678 75%
c } 12315.16  0 25 86 366575  3 12219061 506491 4.2 40 9 1 2 35% 21117625 12678 75%
c [ 12315.16  0 33 86 366575  2 12219061 506491 2.6 46 18 1 2 35% 21117625 12678 75%
c 
c   seconds    reductions      conflicts           size   tier2          variables
c            MB      restarts          redundant      glue   trail            remaining
c             level         rate             size/glue  tier1   irredundant
c 
c B 12330.56  0 31 86 366585  2 12246326 531611 2.7 45 17 1 2 31% 21117625 12678 75%
c ] 12388.82  0 29 86 366625  2 12355698 625301 2.9 44 15 1 2 35% 21117625 12678 75%
c { 12388.82  0 25 86 366625  3 12355698 625301 4.2 40 9 1 2 35% 21117625 12678 75%
c W 12460.43  0 25 86 369548  3 12403327 666034 4.2 39 9 1 2 34% 21117625 12678 75%
c } 12494.28  0 25 86 371297  3 12436164 693777 4.2 39 9 1 2 34% 21117625 12678 75%
c [ 12494.28  0 29 86 371297  2 12436164 693777 2.9 44 15 1 2 35% 21117625 12678 75%
c - 12515.04  0 26 87 371298  2 12469856 456432 3.1 43 14 1 2 31% 21117625 12678 75%
c d 12515.47  0 26 87 371298  2 12469856 456424 3.1 43 14 1 2 31% 21117619 12677 75%
c p 12517.18  0 26 87 371298  2 12469856 479509 3.1 43 14 1 2 31% 21117619 12677 75%
c 2 12517.24  0 26 87 371298  2 12469856 479491 3.1 43 14 1 2 31% 21117619 12677 75%
c u 12525.36  0 26 87 371298  2 12469856 477839 3.1 43 14 1 2 31% 21117619 12677 75%
c v 12525.62  0 26 87 371298  2 12469856 477822 3.1 43 14 1 2 31% 21117619 12677 75%
c w 12525.68  0 26 87 371298  2 12469856 477822 3.1 43 14 1 2 31% 21117619 12677 75%
c t 12525.76  0 26 87 371298  2 12469856 477809 3.1 43 14 1 2 31% 21117618 12677 75%
c ] 12576.82  0 36 87 371299  2 12537341 537259 2.9 52 18 1 2 37% 21117618 12677 75%
c { 12576.82  0 25 87 371299  3 12537341 537259 4.2 39 9 1 2 34% 21117618 12677 75%
c F 12604.95  0 25 87 372957  3 12561328 557961 4.2 39 9 1 2 33% 21117618 12677 75%
c } 12662.96  0 25 87 376300  4 12615355 604138 4.3 41 10 1 2 34% 21117618 12677 75%
c [ 12662.96  0 36 87 376300  2 12615355 604138 2.9 52 18 1 2 37% 21117618 12677 75%
c W 12741.31  0 34 87 376338  2 12720329 695656 2.8 48 17 1 2 38% 21117618 12677 75%
c 
c   seconds    reductions      conflicts           size   tier2          variables
c            MB      restarts          redundant      glue   trail            remaining
c             level         rate             size/glue  tier1   irredundant
c 
c ] 12749.93  0 33 87 376346  2 12743416 715050 2.7 47 17 1 2 39% 21117618 12677 75%
c { 12749.93  0 25 87 376346  4 12743416 715050 4.3 41 10 1 2 34% 21117618 12677 75%
c - 12772.18  0 25 88 377380  3 12763359 460477 4.2 40 9 1 2 34% 21117618 12677 75%
c p 12774.09  0 25 88 377380  3 12763359 483544 4.2 40 9 1 2 34% 21117618 12677 75%
c u 12782.66  0 25 88 377380  3 12763359 481699 4.2 40 9 1 2 34% 21117618 12677 75%
c v 12782.69  0 25 88 377380  3 12763359 481698 4.2 40 9 1 2 34% 21117618 12677 75%
c w 12782.70  0 25 88 377380  3 12763359 481698 4.2 40 9 1 2 34% 21117618 12677 75%
c t 12782.78  0 25 88 377380  3 12763359 481686 4.2 40 9 1 2 34% 21117614 12677 75%
c s 12831.96  0 25 88 380089  3 12813750 524406 4.2 39 9 1 2 34% 21082294 12677 75%
c t 12832.22  0 25 88 380089  3 12813750 524406 4.2 39 9 1 2 34% 21081953 12677 75%
c e 12832.65  0 25 88 380089  3 12813750 524033 4.2 39 9 1 2 34% 21081949 12674 75%
c s 12833.16  0 25 88 380089  3 12813750 524033 4.2 39 9 1 2 34% 21048515 12674 75%
c } 12852.29  0 25 88 381053  3 12832153 540029 4.3 40 9 1 2 34% 21048515 12674 75%
c [ 12852.29  0 33 88 381053  2 12832153 540029 2.7 47 17 1 2 39% 21048515 12674 75%
c O 12884.68  0 41 88 381069  2 12880330 582010 2.4 49 20 1 2 40% 21048515 12674 75%
c ] 12929.09  0 38 88 381099  2 12971801 663808 2.3 42 18 1 2 32% 21048515 12674 75%
c { 12929.09  0 25 88 381099  3 12971801 663808 4.3 40 9 1 2 34% 21048515 12674 75%
c B 13006.00  0 25 88 385506  3 13041331 722091 4.2 40 9 1 2 35% 21048515 12674 75%
c } 13020.77  0 24 88 386398  3 13054999 733111 4.1 39 9 1 2 36% 21048515 12674 75%
c [ 13020.77  0 38 88 386398  2 13054999 733111 2.3 42 18 1 2 32% 21048515 12674 75%
c 
c   seconds    reductions      conflicts           size   tier2          variables
c            MB      restarts          redundant      glue   trail            remaining
c             level         rate             size/glue  tier1   irredundant
c 
c - 13025.49  0 38 89 386399  2 13060299 463914 2.3 43 18 1 2 32% 21048515 12674 75%
c 2 13025.54  0 38 89 386399  2 13060299 463914 2.3 43 18 1 2 32% 21048325 12674 75%
c p 13027.28  0 38 89 386399  2 13060299 486882 2.3 43 18 1 2 32% 21048325 12674 75%
c u 13033.95  0 38 89 386399  2 13060299 484515 2.3 43 18 1 2 32% 21048325 12674 75%
c v 13033.98  0 38 89 386399  2 13060299 484509 2.3 43 18 1 2 32% 21048325 12674 75%
c w 13033.99  0 38 89 386399  2 13060299 484508 2.3 43 18 1 2 32% 21048325 12674 75%
c t 13034.07  0 38 89 386399  2 13060299 484498 2.3 43 18 1 2 32% 21048256 12674 75%
c ] 13099.97  0 41 89 386426  2 13134578 548375 2.4 47 20 1 2 38% 21048256 12674 75%
c { 13099.97  0 24 89 386426  3 13134578 548375 4.1 39 9 1 2 36% 21048256 12674 75%
c W 13192.50  0 24 89 390554  3 13203332 605969 4.0 37 9 1 2 36% 21048256 12674 75%
c } 13212.11  0 24 89 391773  3 13222642 622448 4.1 39 9 1 2 36% 21048256 12674 75%
c [ 13212.11  0 41 89 391773  2 13222642 622448 2.4 47 20 1 2 38% 21048256 12674 75%
c ] 13293.79  0 33 89 391780  2 13329885 715886 2.8 50 18 1 2 39% 21048256 12674 75%
c { 13293.79  0 24 89 391780  3 13329885 715886 4.1 39 9 1 2 36% 21048256 12674 75%
c - 13326.72  0 24 90 393745  3 13360544 466212 4.0 38 9 1 2 35% 21048256 12674 75%
c p 13328.57  0 24 90 393745  3 13360544 489414 4.0 38 9 1 2 35% 21048256 12674 75%
c u 13366.24  0 24 90 393745  3 13360544 487316 4.0 38 9 1 2 35% 21051402 12674 75%
c v 13366.25  0 24 90 393745  3 13360544 487314 4.0 38 9 1 2 35% 21051402 12674 75%
c t 13366.36  0 24 90 393745  3 13360544 487309 4.0 38 9 1 2 35% 21048254 12674 75%
c # 13372.63  0 24 90 394035  3 13366339 492251 4.0 38 9 1 2 35% 21048254 12674 75%
c 
c   seconds    reductions      conflicts           size  tier2          variables
c            MB      restarts          redundant      glue  trail            remaining
c             level         rate             size/glue tier1   irredundant
c 
c } 13425.47  0 24 90 396946  3 13422120 539599 4.0 37 9 1 2 35% 21048254 12674 75%
c [ 13425.47  0 33 90 396946  2 13422120 539599 2.8 50 18 1 2 39% 21048254 12674 75%
c ] 13495.64  0 35 90 396947  2 13515435 621055 2.5 47 19 1 2 41% 21048254 12674 75%
c { 13495.64  0 24 90 396947  3 13515435 621055 4.0 37 9 1 2 35% 21048254 12674 75%
c B 13512.00  0 24 90 397962  3 13530340 633875 4.0 37 9 1 2 34% 21048254 12674 75%
c s 13547.20  0 24 90 400149  3 13562585 660876 4.0 37 9 1 2 34% 21014753 12674 75%
c t 13547.46  0 24 90 400149  3 13562585 660876 4.0 37 9 1 2 34% 21014524 12674 75%
c s 13548.47  0 24 90 400149  3 13562585 660876 4.0 37 9 1 2 34% 20980144 12674 75%
c } 13587.64  0 24 90 402222  3 13595890 688653 4.0 37 9 1 2 34% 20980144 12674 75%
c [ 13587.64  0 35 90 402222  2 13595890 688653 2.5 47 19 1 2 41% 20980144 12674 75%
c - 13635.26  0 36 91 402223  1 13664219 471068 3.1 59 19 1 2 35% 20980144 12674 75%
c 2 13635.30  0 36 91 402223  1 13664219 471068 3.1 59 19 1 2 35% 20980116 12674 75%
c p 13637.04  0 36 91 402223  1 13664219 494287 3.1 59 19 1 2 35% 20980116 12674 75%
c u 13646.70  0 36 91 402223  1 13664219 492148 3.1 59 19 1 2 35% 20980116 12674 75%
c v 13646.74  0 36 91 402223  1 13664219 492145 3.1 59 19 1 2 35% 20980116 12674 75%
c w 13646.86  0 36 91 402223  1 13664219 492145 3.1 59 19 1 2 35% 20980116 12674 75%
c t 13646.94  0 36 91 402223  1 13664219 492137 3.1 59 19 1 2 35% 20980072 12674 75%
c B 13669.47  0 63 91 402223  2 13695341 520369 2.6 64 25 1 2 35% 20980072 12674 75%
c ] 13673.40  0 62 91 402223  2 13700772 525060 2.6 64 25 1 2 36% 20980072 12674 75%
c { 13673.40  0 24 91 402223  3 13700772 525060 4.0 37 9 1 2 34% 20980072 12674 75%
c 
c   seconds    reductions      conflicts           size  tier2          variables
c            MB      restarts          redundant      glue  trail            remaining
c             level         rate             size/glue tier1   irredundant
c 
c } 13766.60  0 25 91 407839  4 13790141 600496 3.9 37 9 1 2 34% 20980072 12674 75%
c [ 13766.60  0 62 91 407839  2 13790141 600496 2.6 64 25 1 2 36% 20980072 12674 75%
c W 13832.83  0 44 91 407839  2 13861342 663949 2.5 45 18 1 2 27% 20980072 12674 75%
c ] 13886.88  0 55 91 407839  2 13953078 745311 2.5 64 26 1 2 30% 20980072 12674 75%
c { 13886.88  0 25 91 407839  4 13953078 745311 3.9 37 9 1 2 34% 20980072 12674 75%
c - 13907.78  0 25 92 408971  4 13971194 476587 4.0 38 9 1 2 34% 20980072 12674 75%
c p 13909.66  0 25 92 408971  4 13971194 499603 4.0 38 9 1 2 34% 20980072 12674 75%
c u 13917.83  0 25 92 408971  4 13971194 498140 4.0 38 9 1 2 34% 20980072 12674 75%
c v 13917.84  0 25 92 408971  4 13971194 498140 4.0 38 9 1 2 34% 20980072 12674 75%
c w 13917.85  0 25 92 408971  4 13971194 498140 4.0 38 9 1 2 34% 20980072 12674 75%
c t 13917.93  0 25 92 408971  4 13971194 498123 4.0 38 9 1 2 34% 20980069 12674 75%
c W 13987.44  0 25 92 412677  4 14028343 547473 4.0 39 10 1 2 33% 20980069 12674 75%
c } 14000.41  0 25 92 413509  4 14041138 558318 4.0 38 10 1 2 33% 20980069 12674 75%
c [ 14000.42  0 55 92 413509  2 14041138 558318 2.5 64 26 1 2 30% 20980069 12674 75%
c I 14064.52  0 35 92 413545  1 14196345 696256 2.4 42 18 1 2 20% 20980069 12674 75%
c ] 14081.40  0 32 92 413560  2 14230582 725804 2.4 39 16 1 2 22% 20980069 12674 75%
c { 14081.40  0 25 92 413560  4 14230582 725804 4.0 38 10 1 2 33% 20980069 12674 75%
c - 14135.73  0 25 93 416633  4 14281601 480642 4.1 39 10 1 2 33% 20980069 12674 75%
c p 14137.46  0 25 93 416633  4 14281601 503848 4.1 39 10 1 2 33% 20980069 12674 75%
c u 14144.38  0 25 93 416633  4 14281601 502333 4.1 39 10 1 2 33% 20980069 12674 75%
c 
c   seconds    reductions      conflicts           size   tier2          variables
c            MB      restarts          redundant      glue   trail            remaining
c             level         rate             size/glue  tier1   irredundant
c 
c v 14144.42  0 25 93 416633  4 14281601 502333 4.1 39 10 1 2 33% 20980069 12674 75%
c w 14144.44  0 25 93 416633  4 14281601 502333 4.1 39 10 1 2 33% 20980069 12674 75%
c t 14144.52  0 25 93 416633  4 14281601 502328 4.1 39 10 1 2 33% 20980068 12674 75%
c } 14186.54  0 25 93 419156  4 14322518 536593 4.1 39 10 1 2 35% 20980068 12674 75%
c [ 14186.54  0 32 93 419156  2 14322518 536593 2.4 39 16 1 2 22% 20980068 12674 75%
c s 14192.05  0 30 93 419161  2 14332477 544842 2.4 38 16 1 2 23% 20947585 12674 75%
c t 14192.29  0 30 93 419161  2 14332477 544842 2.4 38 16 1 2 23% 20947474 12674 75%
c e 14192.75  0 30 93 419161  2 14332477 544625 2.4 38 16 1 2 23% 20947465 12672 75%
c s 14193.27  0 30 93 419161  2 14332477 544620 2.4 38 16 1 2 23% 20909802 12672 75%
c B 14223.91  0 31 93 419167  2 14365346 572011 2.4 38 16 1 2 29% 20909802 12672 75%
c ] 14262.31  0 30 93 419176  2 14412994 610664 2.3 38 16 1 2 34% 20909802 12672 75%
c { 14262.31  0 25 93 419176  4 14412994 610664 4.1 39 10 1 2 35% 20909802 12672 75%
c } 14358.52  0 25 93 424831  4 14503952 688248 4.2 41 10 1 2 34% 20909802 12672 75%
c [ 14358.52  0 30 93 424831  2 14503952 688248 2.3 38 16 1 2 34% 20909802 12672 75%
c W 14397.13  0 27 93 424845  2 14535348 717128 2.8 40 14 1 2 33% 20909802 12672 75%
c - 14420.20  0 29 94 424867  2 14595436 483740 2.5 40 16 1 2 36% 20909802 12672 75%
c 2 14420.26  0 29 94 424867  2 14595436 483739 2.5 40 16 1 2 36% 20909633 12672 75%
c p 14422.00  0 29 94 424867  2 14595436 507013 2.5 40 16 1 2 36% 20909633 12672 75%
c u 14430.40  0 29 94 424867  2 14595436 504776 2.5 40 16 1 2 36% 20909633 12672 75%
c v 14430.48  0 29 94 424867  2 14595436 504774 2.5 40 16 1 2 36% 20909633 12672 75%
c 
c   seconds    reductions      conflicts           size   tier2          variables
c            MB      restarts          redundant      glue   trail            remaining
c             level         rate             size/glue  tier1   irredundant
c 
c w 14430.52  0 29 94 424867  2 14595436 504774 2.5 40 16 1 2 36% 20909633 12672 75%
c t 14430.61  0 29 94 424867  2 14595436 504765 2.5 40 16 1 2 36% 20909392 12672 75%
c ] 14468.26  0 32 94 424885  2 14646520 548429 2.3 38 17 1 2 38% 20909392 12672 75%
c { 14468.26  0 25 94 424885  4 14646520 548429 4.2 41 10 1 2 34% 20909392 12672 75%
c F 14525.71  0 24 94 427783  3 14706349 598486 4.1 39 10 1 2 35% 20909392 12672 75%
c } 14563.31  0 24 94 429924  3 14742527 629012 4.1 39 10 1 2 35% 20909392 12672 75%
c [ 14563.31  0 32 94 429924  2 14742527 629012 2.3 38 17 1 2 38% 20909392 12672 75%
c ] 14628.41  0 26 94 429926  2 14810802 691128 3.1 43 14 1 2 33% 20909392 12672 75%
c { 14628.41  0 24 94 429926  3 14810802 691128 4.1 39 10 1 2 35% 20909392 12672 75%
c B 14701.40  0 24 94 434043  3 14878351 747560 4.0 38 10 1 2 34% 20909392 12672 75%
c } 14724.95  0 23 94 435271  3 14903546 768239 3.9 37 10 1 2 35% 20909392 12672 75%
c [ 14724.95  0 26 94 435271  2 14903546 768239 3.1 43 14 1 2 33% 20909392 12672 75%
c - 14730.12  0 26 95 435271  2 14912559 491831 3.1 42 14 1 2 33% 20909392 12672 75%
c p 14731.91  0 26 95 435271  2 14912559 515426 3.1 42 14 1 2 33% 20909392 12672 75%
c u 14742.15  0 26 95 435271  2 14912559 513066 3.1 42 14 1 2 33% 20909392 12672 75%
c v 14742.29  0 26 95 435271  2 14912559 513064 3.1 42 14 1 2 33% 20909392 12672 75%
c w 14742.35  0 26 95 435271  2 14912559 513064 3.1 42 14 1 2 33% 20909392 12672 75%
c t 14742.44  0 26 95 435271  2 14912559 513052 3.1 42 14 1 2 33% 20909391 12672 75%
c O 14813.88  0 30 95 435315  1 15051353 631733 2.3 38 17 1 2 30% 20909391 12672 75%
c ] 14820.31  0 29 95 435317  2 15062235 640805 2.4 40 16 1 2 31% 20909391 12672 75%
c 
c   seconds    reductions      conflicts           size   tier2          variables
c            MB      restarts          redundant      glue   trail            remaining
c             level         rate             size/glue  tier1   irredundant
c 
c { 14820.31  0 23 95 435317  3 15062235 640805 3.9 37 10 1 2 35% 20909391 12672 75%
c s 14881.54  0 23 95 438570  3 15123413 691009 3.8 36 9 1 2 36% 20871170 12672 75%
c t 14881.80  0 23 95 438570  3 15123413 691009 3.8 36 9 1 2 36% 20871003 12672 75%
c s 14882.80  0 23 95 438570  3 15123413 691008 3.8 36 9 1 2 36% 20834103 12672 75%
c } 14917.39  0 23 95 440175  3 15158386 719904 3.7 34 9 1 2 36% 20834103 12672 75%
c [ 14917.39  0 29 95 440175  2 15158386 719904 2.4 40 16 1 2 31% 20834103 12672 75%
c B 14973.09  0 31 95 440192  2 15225354 776047 2.4 40 17 1 2 36% 20834103 12672 75%
c - 14981.15  0 31 96 440192  2 15233109 491832 2.4 41 17 1 2 37% 20834103 12672 75%
c 2 14981.20  0 31 96 440192  2 15233109 491832 2.4 41 17 1 2 37% 20833961 12672 75%
c p 14983.04  0 31 96 440192  2 15233109 515358 2.4 41 17 1 2 37% 20833961 12672 75%
c = 15004.32  0 31 96 440192  2 15233109 515358 2.4 41 17 1 2 37% 20833961 12671 75%
c u 15010.73  0 31 96 440192  2 15233109 514155 2.4 41 17 1 2 37% 20833961 12671 75%
c v 15010.85  0 31 96 440192  2 15233109 514153 2.4 41 17 1 2 37% 20833961 12671 75%
c w 15010.88  0 31 96 440192  2 15233109 514152 2.4 41 17 1 2 37% 20833961 12671 75%
c x 15015.75  0 31 96 440192  2 15233109 514145 2.4 41 17 1 2 37% 20832689 12671 75%
c t 15015.82  0 31 96 440192  2 15233109 514143 2.4 41 17 1 2 37% 20832524 12671 75%
c ] 15029.61  0 32 96 440195  2 15247943 526646 2.4 41 17 1 2 38% 20832524 12671 75%
c { 15029.61  0 23 96 440195  3 15247943 526646 3.7 34 9 1 2 36% 20832524 12671 75%
c } 15125.30  0 23 96 445510  3 15340853 604244 3.7 35 9 1 2 34% 20832523 12671 75%
c [ 15125.30  0 32 96 445510  2 15340853 604244 2.4 41 17 1 2 38% 20832523 12671 75%
c 
c   seconds    reductions      conflicts           size   tier2          variables
c            MB      restarts          redundant      glue   trail            remaining
c             level         rate             size/glue  tier1   irredundant
c 
c W 15212.18  0 34 96 445537  2 15400359 653157 2.2 41 19 1 2 40% 20832523 12671 75%
c i 15240.43  0 31 96 445568  2 15479604 719018 2.1 37 17 1 2 42% 20832523 12670 75%
c ] 15244.78  0 32 96 445568  2 15486008 724598 2.2 39 18 1 2 42% 20832523 12670 75%
c { 15244.78  0 23 96 445568  3 15486008 724598 3.7 35 9 1 2 34% 20832523 12670 75%
c - 15322.08  0 23 97 449755  3 15556935 466938 3.7 34 9 1 2 34% 20667411 12670 75%
c 2 15322.12  0 23 97 449755  3 15556935 466934 3.7 34 9 1 2 34% 20667407 12670 75%
c d 15322.51  0 23 97 449755  3 15556935 466934 3.7 34 9 1 2 34% 20667402 12669 75%
c p 15324.22  0 23 97 449755  3 15556935 490406 3.7 34 9 1 2 34% 20667402 12669 75%
c 2 15324.28  0 23 97 449755  3 15556935 490346 3.7 34 9 1 2 34% 20667402 12669 75%
c u 15332.19  0 23 97 449755  3 15556935 487902 3.7 34 9 1 2 34% 20667402 12669 75%
c v 15332.20  0 23 97 449755  3 15556935 487899 3.7 34 9 1 2 34% 20667402 12669 75%
c w 15332.20  0 23 97 449755  3 15556935 487899 3.7 34 9 1 2 34% 20667402 12669 75%
c t 15332.27  0 23 97 449755  3 15556935 487882 3.7 34 9 1 2 34% 20667399 12669 75%
c W 15362.30  0 23 97 451183  3 15576360 504516 3.8 35 9 1 2 34% 20667399 12669 75%
c } 15363.43  0 23 97 451276  3 15577448 505493 3.8 35 9 1 2 34% 20667399 12669 75%
c [ 15363.43  0 32 97 451276  2 15577448 505493 2.2 39 18 1 2 42% 20667399 12669 75%
c ] 15445.05  0 30 97 451280  1 15739507 649902 2.3 38 16 1 2 26% 20667399 12669 75%
c { 15445.05  0 23 97 451280  3 15739507 649902 3.8 35 9 1 2 34% 20667399 12669 75%
c # 15458.23  0 23 97 452047  3 15753361 661660 3.8 35 9 1 2 33% 20667399 12669 75%
c i 15483.26  0 23 97 453560  3 15776626 681225 3.8 35 9 1 2 33% 20667399 12668 75%
c 
c   seconds    reductions      conflicts           size  tier2          variables
c            MB      restarts          redundant      glue  trail            remaining
c             level         rate             size/glue tier1   irredundant
c 
c } 15546.77  0 24 97 457338  3 15834058 730357 4.0 37 9 1 2 33% 20667399 12668 75%
c [ 15546.77  0 30 97 457338  1 15834058 730357 2.3 38 16 1 2 26% 20667399 12668 75%
c - 15573.89  0 29 98 457338  1 15883839 489215 2.6 41 16 1 2 25% 20667389 12668 75%
c 2 15573.94  0 29 98 457338  1 15883839 489213 2.6 41 16 1 2 25% 20667389 12668 75%
c p 15575.77  0 29 98 457338  1 15883839 512482 2.6 41 16 1 2 25% 20667389 12668 75%
c u 15589.03  0 29 98 457338  1 15883839 510593 2.6 41 16 1 2 25% 20670081 12668 75%
c v 15593.49  0 29 98 457338  1 15883839 510342 2.6 41 16 1 2 25% 20670081 12668 75%
c w 15593.52  0 29 98 457338  1 15883839 510342 2.6 41 16 1 2 25% 20670081 12668 75%
c t 15593.61  0 29 98 457338  1 15883839 510335 2.6 41 16 1 2 25% 20667389 12668 75%
c I 15637.88  0 39 98 457344  2 15931362 552829 2.7 51 19 1 2 30% 20667389 12668 75%
c s 15640.83  0 38 98 457345  2 15935328 555915 2.7 50 19 1 2 30% 20633622 12668 75%
c t 15641.08  0 38 98 457345  2 15935328 555915 2.7 50 19 1 2 30% 20633515 12668 75%
c e 15641.57  0 38 98 457345  2 15935328 555790 2.7 50 19 1 2 30% 20633498 12665 75%
c s 15642.06  0 38 98 457345  2 15935328 555790 2.7 50 19 1 2 30% 20606319 12665 75%
c ] 15655.08  0 39 98 457353  2 15950143 568034 2.6 50 19 1 2 32% 20606319 12665 75%
c { 15655.08  0 24 98 457353  3 15950143 568034 4.0 37 9 1 2 33% 20606319 12665 75%
c } 15754.78  0 23 98 463039  3 16050695 651527 3.8 35 9 1 2 33% 20606319 12665 75%
c [ 15754.78  0 39 98 463039  2 16050695 651527 2.6 50 19 1 2 32% 20606319 12665 75%
c B 15783.23  0 39 98 463057  2 16110363 705090 2.4 46 19 1 2 29% 20606319 12665 75%
c ] 15840.83  0 38 98 463087  2 16195079 775933 2.2 43 20 1 2 36% 20606319 12665 75%
c 
c   seconds    reductions      conflicts           size  tier2          variables
c            MB      restarts          redundant      glue  trail            remaining
c             level         rate             size/glue tier1   irredundant
c 
c { 15840.83  0 23 98 463087  3 16195079 775933 3.8 35 9 1 2 33% 20606319 12665 75%
c - 15861.75  0 23 99 464152  3 16214161 495722 3.7 35 9 1 2 34% 20606319 12665 75%
c 2 15861.82  0 23 99 464152  3 16214161 495722 3.7 35 9 1 2 34% 20606271 12665 75%
c p 15863.55  0 23 99 464152  3 16214161 519057 3.7 35 9 1 2 34% 20606271 12665 75%
c u 15871.24  0 23 99 464152  3 16214161 516875 3.7 35 9 1 2 34% 20606271 12665 75%
c v 15877.76  0 23 99 464152  3 16214161 516408 3.7 35 9 1 2 34% 20606271 12665 75%
c t 15877.83  0 23 99 464152  3 16214161 516402 3.7 35 9 1 2 34% 20606215 12665 75%
c B 15955.35  0 24 99 468984  3 16290364 580743 3.8 36 9 1 2 34% 20606215 12665 75%
c } 15962.47  0 24 99 469456  3 16297901 587270 3.8 36 9 1 2 33% 20606215 12665 75%
c [ 15962.47  0 38 99 469456  2 16297901 587270 2.2 43 20 1 2 36% 20606215 12665 75%
c ] 16049.38  0 35 99 469502  2 16443739 716854 2.4 44 18 1 2 29% 20606215 12665 75%
c { 16049.38  0 24 99 469502  3 16443739 716854 3.8 36 9 1 2 33% 20606215 12665 75%
c W 16134.79  0 24 99 471353  3 16471366 740298 3.8 35 9 1 2 33% 20606215 12665 75%
c } 16213.15  0 24 99 476229  3 16547415 803755 3.8 36 9 1 2 33% 20606215 12665 75%
c [ 16213.15  0 35 99 476229  2 16547415 803755 2.4 44 18 1 2 29% 20606215 12665 75%
c - 16214.67  0 35 100 476229  2 16547771 506436 2.4 44 18 1 2 29% 20606215 12665 75%
c d 16215.09  0 35 100 476229  2 16547771 506434 2.4 44 18 1 2 29% 20606215 12664 75%
c p 16216.89  0 35 100 476229  2 16547771 529566 2.4 44 18 1 2 29% 20606215 12664 75%
c 2 16216.95  0 35 100 476229  2 16547771 529565 2.4 44 18 1 2 29% 20606213 12664 75%
c u 16226.64  0 35 100 476229  2 16547771 527426 2.4 44 18 1 2 29% 20606213 12664 75%
c 
c   seconds     reductions      conflicts           size   tier2          variables
c            MB       restarts          redundant      glue   trail            remaining
c             level          rate             size/glue  tier1   irredundant
c 
c v 16231.34  0 35 100 476229  2 16547771 526997 2.4 44 18 1 2 29% 20606213 12664 75%
c w 16231.36  0 35 100 476229  2 16547771 526997 2.4 44 18 1 2 29% 20606213 12664 75%
c t 16231.43  0 35 100 476229  2 16547771 526974 2.4 44 18 1 2 29% 20606212 12664 75%
c W 16302.15  0 45 100 476247  2 16653369 617181 2.0 47 23 1 2 33% 20606212 12664 75%
c ] 16335.89  0 43 100 476268  2 16742277 691905 2.1 47 23 1 2 38% 20606212 12664 75%
c { 16335.89  0 24 100 476268  3 16742277 691905 3.8 36 9 1 2 33% 20606212 12664 75%
c i 16348.60  0 23 100 476890  3 16757506 704116 3.7 35 9 1 2 34% 20606212 12663 75%
c s 16359.37  0 23 100 477454  3 16767437 712226 3.8 35 9 1 2 35% 20572231 12663 75%
c t 16359.61  0 23 100 477454  3 16767437 712226 3.8 35 9 1 2 35% 20571941 12663 75%
c e 16360.04  0 23 100 477454  3 16767437 708626 3.8 35 9 1 2 35% 20571921 12661 75%
c s 16360.56  0 23 100 477454  3 16767437 708626 3.8 35 9 1 2 35% 20544629 12661 75%
c F 16435.72  0 23 100 481808  3 16836371 766718 3.7 35 9 1 2 33% 20544629 12661 75%
c } 16442.36  0 23 100 482102  3 16844020 772792 3.7 34 9 1 2 34% 20544629 12661 75%
c [ 16442.36  0 43 100 482102  2 16844020 772792 2.1 47 23 1 2 38% 20544629 12661 75%
c - 16469.98  0 44 101 482112  2 16884795 503604 2.3 51 22 1 2 36% 20544629 12661 75%
c 2 16470.03  0 44 101 482112  2 16884795 503600 2.3 51 22 1 2 36% 20544540 12661 75%
c p 16471.84  0 44 101 482112  2 16884795 527914 2.3 51 22 1 2 36% 20544540 12661 75%
c u 16479.68  0 44 101 482112  2 16884795 526162 2.3 51 22 1 2 36% 20544540 12661 75%
c v 16483.43  0 44 101 482112  2 16884795 525610 2.3 51 22 1 2 36% 20544540 12661 75%
c w 16483.59  0 44 101 482112  2 16884795 525610 2.3 51 22 1 2 36% 20544540 12661 75%
c 
c   seconds     reductions      conflicts           size   tier2          variables
c            MB       restarts          redundant      glue   trail            remaining
c             level          rate             size/glue  tier1   irredundant
c 
c t 16483.67  0 44 101 482112  2 16884795 525593 2.3 51 22 1 2 36% 20544436 12661 75%
c ] 16545.38  0 44 101 482144  2 16995317 618297 1.9 46 24 1 2 36% 20544436 12661 75%
c { 16545.38  0 23 101 482144  3 16995317 618297 3.7 34 9 1 2 34% 20544436 12661 75%
c B 16571.77  0 23 101 483650  3 17020372 639031 3.7 35 9 1 2 34% 20544436 12661 75%
c } 16652.70  0 23 101 488547  3 17100367 705087 3.7 34 9 1 2 34% 20544436 12661 75%
c [ 16652.70  0 44 101 488547  2 17100367 705087 1.9 46 24 1 2 36% 20544436 12661 75%
c O 16726.56  0 36 101 488586  2 17205376 793867 2.2 44 20 1 2 38% 20544436 12661 75%
c - 16739.70  0 38 102 488593  2 17225100 503209 2.2 45 21 1 2 39% 20544436 12661 75%
c d 16740.11  0 38 102 488593  2 17225100 501903 2.2 45 21 1 2 39% 20544435 12660 75%
c p 16741.85  0 38 102 488593  2 17225100 525657 2.2 45 21 1 2 39% 20544435 12660 75%
c 2 16741.91  0 38 102 488593  2 17225100 525656 2.2 45 21 1 2 39% 20544434 12660 75%
c u 16748.77  0 38 102 488593  2 17225100 523321 2.2 45 21 1 2 39% 20544434 12660 75%
c v 16755.41  0 38 102 488593  2 17225100 522378 2.2 45 21 1 2 39% 20544434 12660 75%
c w 16755.47  0 38 102 488593  2 17225100 522378 2.2 45 21 1 2 39% 20544434 12660 75%
c t 16755.54  0 38 102 488593  2 17225100 522362 2.2 45 21 1 2 39% 20544434 12660 75%
c ] 16763.46  0 37 102 488599  2 17232926 529116 2.2 46 21 1 2 39% 20544434 12660 75%
c { 16763.46  0 23 102 488599  3 17232926 529116 3.7 34 9 1 2 34% 20544434 12660 75%
c } 16872.04  0 24 102 495175  3 17342666 621383 3.9 37 9 1 2 33% 20544434 12660 75%
c [ 16872.04  0 37 102 495175  2 17342666 621383 2.2 46 21 1 2 39% 20544434 12660 75%
c B 16897.42  0 33 102 495186  2 17391379 664220 2.3 41 17 1 2 33% 20544434 12660 75%
c 
c   seconds     reductions      conflicts           size   tier2          variables
c            MB       restarts          redundant      glue   trail            remaining
c             level          rate             size/glue  tier1   irredundant
c 
c ] 16969.77  0 58 102 495188  2 17503873 762960 1.9 51 27 1 2 34% 20544434 12660 75%
c { 16969.77  0 24 102 495188  3 17503873 762960 3.9 37 9 1 2 33% 20544434 12660 75%
c - 17042.22  0 24 103 499297  3 17568816 513013 3.9 37 10 1 2 33% 20544434 12660 75%
c p 17043.97  0 24 103 499297  3 17568816 536797 3.9 37 10 1 2 33% 20544434 12660 75%
c = 17061.59  0 24 103 499297  3 17568816 536786 3.9 37 10 1 2 33% 20544432 12658 75%
c u 17071.44  0 24 103 499297  3 17568816 534550 3.9 37 10 1 2 33% 20544432 12658 75%
c v 17076.58  0 24 103 499297  3 17568816 533779 3.9 37 10 1 2 33% 20544432 12658 75%
c t 17076.65  0 24 103 499297  3 17568816 533758 3.9 37 10 1 2 33% 20544432 12658 75%
c W 17121.73  0 24 103 499685  3 17578380 541283 3.8 37 9 1 2 34% 20544432 12658 75%
c } 17151.89  0 24 103 501376  3 17607289 565670 3.9 37 9 1 2 33% 20544432 12658 75%
c [ 17151.89  0 58 103 501376  2 17607289 565670 1.9 51 27 1 2 34% 20544432 12658 75%
c s 17160.57  0 56 103 501376  2 17620572 578066 2.0 50 25 1 2 32% 20517847 12658 75%
c t 17160.82  0 56 103 501376  2 17620572 578066 2.0 50 25 1 2 32% 20517682 12658 75%
c e 17161.27  0 56 103 501376  2 17620572 577983 2.0 50 25 1 2 32% 20517680 12657 75%
c s 17161.78  0 56 103 501376  2 17620572 577982 2.0 50 25 1 2 32% 20491848 12657 75%
c ] 17249.27  0 93 103 501377  2 17733628 678537 1.9 68 36 1 2 36% 20491847 12657 75%
c { 17249.27  0 24 103 501377  3 17733628 678537 3.9 37 9 1 2 33% 20491847 12657 75%
c # 17284.20  0 24 103 503366  3 17766385 706041 3.9 37 10 1 2 33% 20491847 12657 75%
c } 17356.32  0 23 103 507082  3 17839817 767025 3.7 35 9 1 2 33% 20491847 12657 75%
c [ 17356.32  0 93 103 507082  2 17839817 767025 1.9 68 36 1 2 36% 20491847 12657 75%
c 
c   seconds     reductions      conflicts           size   tier2          variables
c            MB       restarts          redundant      glue   trail            remaining
c             level          rate             size/glue  tier1   irredundant
c 
c - 17409.48  0 53 104 507082  2 17915943 524671 2.3 52 23 1 2 32% 20491847 12657 75%
c 2 17409.53  0 53 104 507082  2 17915943 524655 2.3 52 23 1 2 32% 20491828 12657 75%
c d 17409.93  0 53 104 507082  2 17915943 524267 2.3 52 23 1 2 32% 20491828 12656 75%
c p 17411.67  0 53 104 507082  2 17915943 548144 2.3 52 23 1 2 32% 20491828 12656 75%
c u 17420.36  0 53 104 507082  2 17915943 545634 2.3 52 23 1 2 32% 20491828 12656 75%
c v 17428.08  0 53 104 507082  2 17915943 544563 2.3 52 23 1 2 32% 20491828 12656 75%
c w 17428.21  0 53 104 507082  2 17915943 544563 2.3 52 23 1 2 32% 20491828 12656 75%
c t 17428.29  0 53 104 507082  2 17915943 544540 2.3 52 23 1 2 32% 20491809 12656 75%
c ] 17458.18  0 58 104 507082  2 17945095 571412 2.7 66 25 1 2 35% 20491809 12656 75%
c { 17458.18  0 23 104 507082  3 17945095 571412 3.7 35 9 1 2 33% 20491809 12656 75%
c B 17468.95  0 23 104 507690  3 17955390 579870 3.7 34 9 1 2 33% 20491809 12656 75%
c } 17568.67  0 23 104 513644  3 18054575 663286 3.8 36 9 1 2 33% 20491809 12656 75%
c [ 17568.67  0 58 104 513644  2 18054575 663286 2.7 66 25 1 2 35% 20491809 12656 75%
c ] 17642.88  0 36 104 513644  1 18139439 740101 3.6 62 17 1 2 31% 20491809 12656 75%
c { 17642.88  0 23 104 513644  3 18139439 740101 3.8 36 9 1 2 33% 20491809 12656 75%
c W 17677.90  0 23 104 514062  3 18145393 745198 3.8 36 9 1 2 33% 20491809 12656 75%
c } 17782.15  0 23 104 520171  3 18242474 824598 3.7 35 9 1 2 34% 20491809 12656 75%
c [ 17782.15  0 36 104 520171  1 18242474 824598 3.6 62 17 1 2 31% 20491809 12656 75%
c - 17802.02  0 34 105 520171  2 18266367 535511 3.3 55 17 1 2 33% 20491809 12656 75%
c p 17803.82  0 34 105 520171  2 18266367 559248 3.3 55 17 1 2 33% 20491809 12656 75%
c 
c   seconds     reductions      conflicts           size   tier2          variables
c            MB       restarts          redundant      glue   trail            remaining
c             level          rate             size/glue  tier1   irredundant
c 
c u 17812.92  0 34 105 520171  2 18266367 556816 3.3 55 17 1 2 33% 20491809 12656 75%
c v 17823.32  0 34 105 520171  2 18266367 555581 3.3 55 17 1 2 33% 20491809 12656 75%
c w 17823.34  0 34 105 520171  2 18266367 555581 3.3 55 17 1 2 33% 20491809 12656 75%
c t 17823.41  0 34 105 520171  2 18266367 555543 3.3 55 17 1 2 33% 20491807 12656 75%
c W 17871.75  0 47 105 520172  2 18336394 618905 2.6 54 21 1 2 33% 20491807 12656 75%
c ] 17918.05  0 47 105 520172  2 18468845 733995 2.1 46 21 1 2 33% 20491807 12656 75%
c { 17918.05  0 23 105 520172  3 18468845 733995 3.7 35 9 1 2 34% 20491807 12656 75%
c s 17946.53  0 23 105 521902  3 18494767 755617 3.7 35 9 1 2 34% 20461018 12656 75%
c t 17946.79  0 23 105 521902  3 18494767 755616 3.7 35 9 1 2 34% 20460903 12656 75%
c e 17947.24  0 23 105 521902  3 18494767 751804 3.7 35 9 1 2 34% 20460903 12654 75%
c s 17947.77  0 23 105 521902  3 18494767 751800 3.7 35 9 1 2 34% 20426874 12654 75%
c F 17981.78  0 23 105 523730  3 18528398 779685 3.6 34 9 1 2 33% 20426874 12654 75%
c } 18033.49  0 23 105 527162  3 18577764 820765 3.6 34 9 1 2 34% 20426874 12654 75%
c [ 18033.49  0 47 105 527162  2 18577764 820765 2.1 46 21 1 2 33% 20426874 12654 75%
c - 18055.63  0 39 106 527162  1 18620200 537014 2.1 39 19 1 2 28% 20426874 12654 75%
c 2 18055.69  0 39 106 527162  1 18620200 537013 2.1 39 19 1 2 28% 20426780 12654 75%
c p 18057.40  0 39 106 527162  1 18620200 560855 2.1 39 19 1 2 28% 20426780 12654 75%
c u 18064.79  0 39 106 527162  1 18620200 559330 2.1 39 19 1 2 28% 20426780 12654 75%
c v 18068.23  0 39 106 527162  1 18620200 559026 2.1 39 19 1 2 28% 20426780 12654 75%
c t 18068.30  0 39 106 527162  1 18620200 559018 2.1 39 19 1 2 28% 20426702 12654 75%
c 
c   seconds     reductions      conflicts           size   tier2          variables
c            MB       restarts          redundant      glue   trail            remaining
c             level          rate             size/glue  tier1   irredundant
c 
c I 18137.41  0 59 106 527162  2 18721401 650529 2.4 69 28 1 2 34% 20426702 12654 75%
c ] 18148.66  0 53 106 527162  2 18746271 672885 2.4 61 25 1 2 33% 20426702 12654 75%
c { 18148.66  0 23 106 527162  3 18746271 672885 3.6 34 9 1 2 34% 20426702 12654 75%
c } 18262.15  0 23 106 533821  3 18856865 765905 3.6 35 10 1 2 32% 20426702 12654 75%
c [ 18262.15  0 53 106 533821  2 18856865 765905 2.4 61 25 1 2 33% 20426702 12654 75%
c B 18302.31  0 37 106 533821  2 18915402 818438 3.1 58 19 1 2 29% 20426702 12654 75%
c - 18336.28  0 56 107 533821  2 18977294 541311 2.6 53 20 1 2 25% 20426702 12654 75%
c p 18338.00  0 56 107 533821  2 18977294 564911 2.6 53 20 1 2 25% 20426702 12654 75%
c u 18350.52  0 56 107 533821  2 18977294 562546 2.6 53 20 1 2 25% 20428952 12654 75%
c v 18356.66  0 56 107 533821  2 18977294 561537 2.6 53 20 1 2 25% 20428952 12654 75%
c w 18356.69  0 56 107 533821  2 18977294 561537 2.6 53 20 1 2 25% 20428952 12654 75%
c t 18356.78  0 56 107 533821  2 18977294 561532 2.6 53 20 1 2 25% 20426702 12654 75%
c ] 18386.05  0 59 107 533821  2 19027224 606901 2.2 49 22 1 2 23% 20426702 12654 75%
c { 18386.05  0 23 107 533821  3 19027224 606901 3.6 35 10 1 2 32% 20426702 12654 75%
c B 18467.40  0 23 107 538792  3 19110403 676683 3.7 36 10 1 2 33% 20426702 12654 75%
c } 18497.89  0 23 107 540340  3 19142173 702654 3.6 34 9 1 2 32% 20426702 12654 75%
c [ 18497.89  0 59 107 540340  2 19142173 702654 2.2 49 22 1 2 23% 20426702 12654 75%
c ] 18584.32  0 38 107 540341  1 19271683 819574 2.3 40 17 1 2 21% 20426702 12654 75%
c { 18584.32  0 23 107 540341  3 19271683 819574 3.6 34 9 1 2 32% 20426702 12654 75%
c W 18655.41  0 23 107 542615  3 19306405 848687 3.7 35 9 1 2 32% 20426702 12654 75%
c 
c   seconds     reductions      conflicts           size  tier2          variables
c            MB       restarts          redundant      glue  trail            remaining
c             level          rate             size/glue tier1   irredundant
c 
c - 18689.67  0 23 108 544614  3 19337798 549706 3.7 35 9 1 2 32% 20426702 12654 75%
c p 18691.44  0 23 108 544614  3 19337798 573315 3.7 35 9 1 2 32% 20426702 12654 75%
c u 18701.02  0 23 108 544614  3 19337798 570898 3.7 35 9 1 2 32% 20426702 12654 75%
c v 18705.67  0 23 108 544614  3 19337798 570447 3.7 35 9 1 2 32% 20426702 12654 75%
c w 18705.70  0 23 108 544614  3 19337798 570447 3.7 35 9 1 2 32% 20426702 12654 75%
c t 18705.78  0 23 108 544614  3 19337798 570441 3.7 35 9 1 2 32% 20426702 12654 75%
c } 18751.07  0 23 108 547274  3 19385781 610419 3.7 35 9 1 2 32% 20426702 12654 75%
c [ 18751.07  0 38 108 547274  1 19385781 610419 2.3 40 17 1 2 21% 20426702 12654 75%
c s 18753.37  0 37 108 547274  1 19389931 614013 2.4 40 17 1 2 22% 20399296 12654 75%
c t 18753.62  0 37 108 547274  1 19389931 614013 2.4 40 17 1 2 22% 20399168 12654 75%
c s 18754.56  0 37 108 547274  1 19389931 614010 2.4 40 17 1 2 22% 20367958 12654 75%
c W 18813.36  0 50 108 547274  2 19503406 717435 2.7 60 22 1 2 27% 20367958 12654 75%
c ] 18881.30  0 48 108 547274  2 19653474 848802 2.1 47 22 1 2 30% 20367958 12654 75%
c { 18881.30  0 23 108 547274  3 19653474 848802 3.7 35 9 1 2 32% 20367958 12654 75%
c # 18929.17  0 22 108 549433  3 19701407 887565 3.5 33 9 1 2 32% 20367958 12654 75%
c - 18930.75  0 22 109 549450  3 19701709 552601 3.5 32 9 1 2 32% 20367958 12654 75%
c 2 18930.82  0 22 109 549450  3 19701709 552601 3.5 32 9 1 2 32% 20367912 12654 75%
c p 18932.51  0 22 109 549450  3 19701709 576292 3.5 32 9 1 2 32% 20367912 12654 75%
c u 18937.52  0 22 109 549450  3 19701709 575228 3.5 32 9 1 2 32% 20367912 12654 75%
c v 18937.56  0 22 109 549450  3 19701709 575225 3.5 32 9 1 2 32% 20367912 12654 75%
c 
c   seconds     reductions      conflicts           size  tier2          variables
c            MB       restarts          redundant      glue  trail            remaining
c             level          rate             size/glue tier1   irredundant
c 
c x 18943.11  0 22 109 549450  3 19701709 575221 3.5 32 9 1 2 32% 20366962 12654 75%
c t 18943.20  0 22 109 549450  3 19701709 575206 3.5 32 9 1 2 32% 20366893 12654 75%
c } 19008.04  0 22 109 553386  3 19769328 631124 3.7 34 9 1 2 33% 20366893 12654 75%
c [ 19008.04  0 48 109 553386  2 19769328 631124 2.1 47 22 1 2 30% 20366893 12654 75%
c O 19076.83  0 35 109 553386  1 19900408 753972 3.9 70 18 1 2 25% 20366893 12654 75%
c ] 19104.86  0 31 109 553386  1 19961407 807979 3.3 54 16 1 2 22% 20366893 12654 75%
c { 19104.86  0 22 109 553386  3 19961407 807979 3.7 34 9 1 2 33% 20366893 12654 75%
c - 19218.74  0 22 110 560262  3 20068890 561041 3.6 34 9 1 2 33% 20366893 12654 75%
c p 19220.55  0 22 110 560262  3 20068890 584448 3.6 34 9 1 2 33% 20366893 12654 75%
c u 19228.58  0 22 110 560262  3 20068890 582230 3.6 34 9 1 2 33% 20366893 12654 75%
c v 19228.68  0 22 110 560262  3 20068890 582226 3.6 34 9 1 2 33% 20366893 12654 75%
c w 19228.72  0 22 110 560262  3 20068890 582226 3.6 34 9 1 2 33% 20366893 12654 75%
c t 19228.78  0 22 110 560262  3 20068890 582211 3.6 34 9 1 2 33% 20366891 12654 75%
c } 19235.53  0 22 110 560718  3 20075351 587168 3.6 34 9 1 2 33% 20366891 12654 75%
c [ 19235.53  0 31 110 560718  1 20075351 587168 3.3 54 16 1 2 22% 20366891 12654 75%
c B 19260.33  0 29 110 560718  1 20100410 610512 3.6 55 15 1 2 24% 20366891 12654 75%
c ] 19328.56  0 47 110 560718  2 20194608 696253 2.7 63 23 1 2 33% 20366891 12654 75%
c { 19328.56  0 22 110 560718  3 20194608 696253 3.6 34 9 1 2 33% 20366891 12654 75%
c B 19437.42  0 22 110 567093  3 20301412 784169 3.5 33 9 1 2 33% 20366890 12654 75%
c s 19444.44  0 22 110 567554  3 20306047 788008 3.6 34 9 1 2 33% 20342882 12654 75%
c 
c   seconds     reductions      conflicts           size  tier2          variables
c            MB       restarts          redundant      glue  trail            remaining
c             level          rate             size/glue tier1   irredundant
c 
c t 19444.69  0 22 110 567554  3 20306047 788007 3.6 34 9 1 2 33% 20342834 12654 75%
c e 19445.15  0 22 110 567554  3 20306047 787783 3.6 34 9 1 2 33% 20342832 12653 75%
c s 19445.67  0 22 110 567554  3 20306047 787779 3.6 34 9 1 2 33% 20319106 12653 75%
c } 19449.48  0 23 110 567789  3 20308933 790301 3.6 34 9 1 2 33% 20319106 12653 75%
c [ 19449.48  0 47 110 567789  2 20308933 790301 2.7 63 23 1 2 33% 20319106 12653 75%
c - 19513.32  0 27 111 567789  1 20439474 565621 2.6 38 15 1 2 22% 20319106 12653 75%
c 2 19513.36  0 27 111 567789  1 20439474 565621 2.6 38 15 1 2 22% 20319081 12653 75%
c p 19515.06  0 27 111 567789  1 20439474 588847 2.6 38 15 1 2 22% 20319081 12653 75%
c u 19532.04  0 27 111 567789  1 20439474 587471 2.6 38 15 1 2 22% 20319081 12653 75%
c v 19532.36  0 27 111 567789  1 20439474 587461 2.6 38 15 1 2 22% 20319081 12653 75%
c w 19532.36  0 27 111 567789  1 20439474 587461 2.6 38 15 1 2 22% 20319081 12653 75%
c t 19532.43  0 27 111 567789  1 20439474 587452 2.6 38 15 1 2 22% 20319023 12653 75%
c W 19596.16  0 39 111 567789  1 20503413 646741 2.3 40 17 1 2 19% 20319023 12653 75%
c ] 19611.33  0 48 111 567789  2 20546507 685704 2.3 49 21 1 2 23% 20319023 12653 75%
c { 19611.33  0 23 111 567789  3 20546507 685704 3.6 34 9 1 2 33% 20319023 12653 75%
c } 19731.99  0 23 111 575077  3 20667219 787360 3.6 34 9 1 2 31% 20319023 12653 75%
c [ 19731.99  0 48 111 575077  2 20667219 787360 2.3 49 21 1 2 23% 20319023 12653 75%
c I 19753.96  0 42 111 575077  2 20706414 821432 2.3 44 19 1 2 21% 20319023 12653 75%
c - 19811.77  0 46 112 575077  2 20813349 572026 2.0 42 20 1 2 17% 20319023 12653 75%
c p 19813.58  0 46 112 575077  2 20813349 595322 2.0 42 20 1 2 17% 20319023 12653 75%
c 
c   seconds     reductions      conflicts           size   tier2          variables
c            MB       restarts          redundant      glue   trail            remaining
c             level          rate             size/glue  tier1   irredundant
c 
c u 19816.22  0 46 112 575077  2 20813349 594928 2.0 42 20 1 2 17% 20319023 12653 75%
c v 19816.36  0 46 112 575077  2 20813349 594924 2.0 42 20 1 2 17% 20319023 12653 75%
c w 19816.41  0 46 112 575077  2 20813349 594923 2.0 42 20 1 2 17% 20319023 12653 75%
c t 19816.49  0 46 112 575077  2 20813349 594921 2.0 42 20 1 2 17% 20319018 12653 75%
c ] 19848.69  0 40 112 575107  2 20895131 666793 2.2 42 19 1 2 20% 20319018 12653 75%
c { 19848.69  0 23 112 575107  3 20895131 666793 3.6 34 9 1 2 31% 20319018 12653 75%
c W 19876.67  0 23 112 575999  3 20910417 679289 3.7 34 9 1 2 32% 20319018 12653 75%
c } 19983.83  0 22 112 582232  3 21020680 770331 3.6 34 9 1 2 33% 20319018 12653 75%
c [ 19983.83  0 40 112 582232  2 21020680 770331 2.2 42 19 1 2 20% 20319018 12653 75%
c i 20000.40  0 34 112 582242  2 21052687 796669 2.2 38 17 1 2 26% 20319018 12652 75%
c B 20033.12  0 33 112 582264  2 21115419 850205 2.3 40 17 1 2 32% 20319018 12652 75%
c - 20083.66  0 36 113 582282  2 21190628 565619 2.3 44 19 1 2 35% 20156017 12652 75%
c 2 20083.71  0 36 113 582282  2 21190628 565618 2.3 44 19 1 2 35% 20156017 12652 75%
c d 20084.05  0 36 113 582282  2 21190628 565615 2.3 44 19 1 2 35% 20156013 12650 75%
c p 20085.71  0 36 113 582282  2 21190628 588950 2.3 44 19 1 2 35% 20156013 12650 75%
c 2 20085.78  0 36 113 582282  2 21190628 588892 2.3 44 19 1 2 35% 20156012 12650 75%
c u 20089.02  0 36 113 582282  2 21190628 588227 2.3 44 19 1 2 35% 20156012 12650 75%
c v 20089.14  0 36 113 582282  2 21190628 588225 2.3 44 19 1 2 35% 20156012 12650 75%
c w 20089.19  0 36 113 582282  2 21190628 588224 2.3 44 19 1 2 35% 20156012 12650 75%
c t 20089.25  0 36 113 582282  2 21190628 588144 2.3 44 19 1 2 35% 20156011 12650 75%
c 
c   seconds     reductions      conflicts           size   tier2          variables
c            MB       restarts          redundant      glue   trail            remaining
c             level          rate             size/glue  tier1   irredundant
c 
c ] 20099.69  0 35 113 582290  2 21204471 599725 2.3 43 18 1 2 36% 20156011 12650 75%
c { 20099.69  0 22 113 582290  3 21204471 599725 3.6 34 9 1 2 33% 20156011 12650 75%
c s 20136.97  0 22 113 584460  3 21243174 631759 3.6 34 9 1 2 33% 20130181 12650 75%
c t 20137.20  0 22 113 584460  3 21243174 631759 3.6 34 9 1 2 33% 20130023 12650 75%
c e 20137.66  0 22 113 584460  3 21243174 619689 3.6 34 9 1 2 33% 20130012 12648 75%
c s 20138.14  0 22 113 584460  3 21243174 619689 3.6 34 9 1 2 33% 20109557 12648 75%
c F 20214.02  0 22 113 588920  3 21321424 684735 3.5 32 9 1 2 32% 20109557 12648 75%
c } 20218.72  0 22 113 589158  3 21326381 688663 3.5 32 9 1 2 32% 20109557 12648 75%
c [ 20218.72  0 35 113 589158  2 21326381 688663 2.3 43 18 1 2 36% 20109557 12648 75%
c ] 20315.86  0 38 113 589196  2 21468586 812199 2.3 48 21 1 2 37% 20109557 12648 75%
c { 20315.86  0 22 113 589196  3 21468586 812199 3.5 32 9 1 2 32% 20109557 12648 75%
c i 20374.85  0 22 113 592520  3 21525100 858930 3.5 33 9 1 2 31% 20109557 12647 75%
c B 20377.32  0 22 113 592646  3 21528447 861723 3.5 32 9 1 2 31% 20109557 12647 75%
c - 20420.09  0 22 114 595217  3 21570912 562979 3.5 32 9 1 2 30% 20109547 12647 75%
c 2 20420.15  0 22 114 595217  3 21570912 562975 3.5 32 9 1 2 30% 20109518 12647 75%
c p 20421.89  0 22 114 595217  3 21570912 586527 3.5 32 9 1 2 30% 20109518 12647 75%
c u 20426.87  0 22 114 595217  3 21570912 585788 3.5 32 9 1 2 30% 20109518 12647 75%
c v 20439.59  0 22 114 595217  3 21570912 584193 3.5 32 9 1 2 30% 20109518 12647 75%
c t 20439.68  0 22 114 595217  3 21570912 584182 3.5 32 9 1 2 30% 20109489 12647 75%
c } 20461.24  0 22 114 596419  3 21595017 603416 3.5 32 9 1 2 32% 20109488 12647 75%
c 
c   seconds     reductions      conflicts           size   tier2          variables
c            MB       restarts          redundant      glue   trail            remaining
c             level          rate             size/glue  tier1   irredundant
c 
c [ 20461.24  0 38 114 596419  2 21595017 603416 2.3 48 21 1 2 37% 20109488 12647 75%
c i 20476.41  0 35 114 596420  2 21622039 627354 2.4 45 19 1 2 38% 20109488 12646 75%
c W 20573.94  0 44 114 596450  2 21736451 704252 2.2 51 23 1 2 37% 19941528 12646 75%
c ] 20605.90  0 38 114 596475  2 21804327 760757 2.2 44 20 1 2 39% 19941528 12646 75%
c { 20605.90  0 22 114 596475  3 21804327 760757 3.5 32 9 1 2 32% 19941528 12646 75%
c } 20728.30  0 22 114 604361  3 21922748 858130 3.5 32 9 1 2 32% 19941528 12646 75%
c [ 20728.30  0 38 114 604361  2 21922748 858130 2.2 44 20 1 2 39% 19941528 12646 75%
c O 20741.21  0 38 114 604368  2 21945452 878500 2.3 43 19 1 2 36% 19941528 12646 75%
c - 20747.50  0 38 115 604368  2 21954475 568035 2.3 42 18 1 2 35% 19941528 12646 75%
c 2 20747.55  0 38 115 604368  2 21954475 568032 2.3 42 18 1 2 35% 19941528 12646 75%
c p 20749.29  0 38 115 604368  2 21954475 591654 2.3 42 18 1 2 35% 19941528 12646 75%
c u 20754.92  0 38 115 604368  2 21954475 590692 2.3 42 18 1 2 35% 19941528 12646 75%
c v 20763.21  0 38 115 604368  2 21954475 589395 2.3 42 18 1 2 35% 19941528 12646 75%
c w 20763.25  0 38 115 604368  2 21954475 589395 2.3 42 18 1 2 35% 19941528 12646 75%
c t 20763.33  0 38 115 604368  2 21954475 589381 2.3 42 18 1 2 35% 19941523 12646 75%
c B 20851.49  0 28 115 604431  2 22155453 759934 2.3 36 16 1 2 26% 19941523 12646 75%
c ] 20855.18  0 30 115 604432  2 22161216 765166 2.3 37 16 1 2 26% 19941523 12646 75%
c { 20855.18  0 22 115 604432  3 22161216 765166 3.5 32 9 1 2 32% 19941523 12646 75%
c s 20891.31  0 21 115 606072  3 22200304 795969 3.4 31 9 1 2 32% 19908398 12646 75%
c t 20891.56  0 21 115 606072  3 22200304 795969 3.4 31 9 1 2 32% 19907862 12646 75%
c 
c   seconds     reductions      conflicts           size  tier2          variables
c            MB       restarts          redundant      glue  trail            remaining
c             level          rate             size/glue tier1   irredundant
c 
c e 20892.02  0 21 115 606072  3 22200304 795804 3.4 31 9 1 2 32% 19907856 12645 75%
c s 20892.49  0 21 115 606072  3 22200304 795799 3.4 31 9 1 2 32% 19872005 12645 75%
c i 20924.32  0 20 115 607615  3 22232882 821799 3.5 31 9 1 2 33% 19872005 12644 75%
c i 20935.17  0 20 115 608108  3 22243327 829705 3.4 31 9 1 2 33% 19872005 12643 75%
c } 20977.52  0 21 115 611087  3 22285039 864277 3.5 32 9 1 2 33% 19872005 12643 75%
c [ 20977.52  0 30 115 611087  2 22285039 864277 2.3 37 16 1 2 26% 19872005 12643 75%
c - 21006.39  0 32 116 611088  2 22341006 560009 2.3 36 16 1 2 21% 19871980 12643 75%
c 2 21006.45  0 32 116 611088  2 22341006 559997 2.3 36 16 1 2 21% 19871943 12643 75%
c d 21006.82  0 32 116 611088  2 22341006 559994 2.3 36 16 1 2 21% 19871943 12642 75%
c p 21008.45  0 32 116 611088  2 22341006 584049 2.3 36 16 1 2 21% 19871943 12642 75%
c 2 21008.51  0 32 116 611088  2 22341006 584042 2.3 36 16 1 2 21% 19871943 12642 75%
c u 21014.08  0 32 116 611088  2 22341006 583460 2.3 36 16 1 2 21% 19871943 12642 75%
c v 21014.39  0 32 116 611088  2 22341006 583457 2.3 36 16 1 2 21% 19871943 12642 75%
c w 21014.47  0 32 116 611088  2 22341006 583457 2.3 36 16 1 2 21% 19871943 12642 75%
c x 21020.28  0 32 116 611088  2 22341006 583457 2.3 36 16 1 2 21% 19871333 12642 75%
c t 21020.35  0 32 116 611088  2 22341006 583401 2.3 36 16 1 2 21% 19871141 12642 75%
c W 21056.52  0 38 116 611088  2 22366454 606500 2.3 39 17 1 2 24% 19871141 12642 75%
c I 21138.35  0 49 116 611119  1 22578457 793537 2.0 49 25 1 2 30% 19871141 12642 75%
c ] 21144.56  0 50 116 611120  1 22593290 806006 1.9 49 25 1 2 31% 19871141 12642 75%
c { 21144.56  0 21 116 611120  3 22593290 806006 3.5 32 9 1 2 33% 19871141 12642 75%
c 
c   seconds     reductions      conflicts           size  tier2          variables
c            MB       restarts          redundant      glue  trail            remaining
c             level          rate             size/glue tier1   irredundant
c 
c } 21277.90  0 22 116 619558  3 22727889 916980 3.7 34 9 1 2 33% 19871141 12642 75%
c [ 21277.90  0 50 116 619558  1 22727889 916980 1.9 49 25 1 2 31% 19871141 12642 75%
c - 21280.07  0 49 117 619558  1 22730743 570788 1.9 48 25 1 2 31% 19871141 12642 75%
c p 21281.84  0 49 117 619558  1 22730743 595091 1.9 48 25 1 2 31% 19871141 12642 75%
c u 21291.74  0 49 117 619558  1 22730743 594139 1.9 48 25 1 2 31% 19872854 12642 75%
c v 21297.34  0 49 117 619558  1 22730743 593128 1.9 48 25 1 2 31% 19872854 12642 75%
c w 21297.35  0 49 117 619558  1 22730743 593128 1.9 48 25 1 2 31% 19872854 12642 75%
c t 21297.43  0 49 117 619558  1 22730743 593118 1.9 48 25 1 2 31% 19871146 12642 75%
c B 21339.32  0 41 117 619587  2 22791458 645270 2.3 51 22 1 2 34% 19871146 12642 75%
c ] 21402.93  0 35 117 619611  2 22894002 734427 2.4 47 20 1 2 34% 19871146 12642 75%
c { 21402.93  0 22 117 619611  3 22894002 734427 3.7 34 9 1 2 33% 19871146 12642 75%
c W 21533.18  0 22 117 626411  3 23005459 826353 3.5 32 9 1 2 32% 19871146 12642 75%
c } 21554.70  0 22 117 627762  3 23026292 843673 3.6 33 9 1 2 31% 19871146 12642 75%
c [ 21554.70  0 35 117 627762  2 23026292 843673 2.4 47 20 1 2 34% 19871146 12642 75%
c - 21587.88  0 27 118 627801  1 23123861 576289 2.3 38 16 1 2 23% 19871146 12642 75%
c p 21589.58  0 27 118 627801  1 23123861 600396 2.3 38 16 1 2 23% 19871146 12642 75%
c u 21596.09  0 27 118 627801  1 23123861 599618 2.3 38 16 1 2 23% 19871146 12642 75%
c v 21602.55  0 27 118 627801  1 23123861 598647 2.3 38 16 1 2 23% 19871146 12642 75%
c w 21602.65  0 27 118 627801  1 23123861 598647 2.3 38 16 1 2 23% 19871146 12642 75%
c t 21602.72  0 27 118 627801  1 23123861 598629 2.3 38 16 1 2 23% 19871144 12642 75%
c 
c   seconds     reductions      conflicts           size   tier2          variables
c            MB       restarts          redundant      glue   trail            remaining
c             level          rate             size/glue  tier1   irredundant
c 
c s 21646.82  0 36 118 627804  2 23177158 644435 2.2 44 19 1 2 26% 19838340 12642 75%
c t 21647.06  0 36 118 627804  2 23177158 644434 2.2 44 19 1 2 26% 19838208 12642 75%
c e 21647.48  0 36 118 627804  2 23177158 642177 2.2 44 19 1 2 26% 19838205 12641 75%
c s 21647.99  0 36 118 627804  2 23177158 642173 2.2 44 19 1 2 26% 19808107 12641 75%
c W 21685.86  0 36 118 627805  2 23220462 679042 2.3 44 19 1 2 29% 19808107 12641 75%
c ] 21700.48  0 42 118 627805  2 23242055 697667 2.1 45 21 1 2 29% 19808107 12641 75%
c { 21700.48  0 22 118 627805  3 23242055 697667 3.6 33 9 1 2 31% 19808107 12641 75%
c } 21835.17  0 23 118 636570  3 23376942 809798 3.7 35 9 1 2 32% 19808107 12641 75%
c [ 21835.17  0 42 118 636570  2 23376942 809798 2.1 45 21 1 2 29% 19808107 12641 75%
c O 21871.56  0 38 118 636595  2 23436465 862179 2.6 52 20 1 2 32% 19808107 12641 75%
c - 21930.57  0 36 119 636626  2 23520366 582767 2.5 50 20 1 2 36% 19808107 12641 75%
c 2 21930.62  0 36 119 636626  2 23520366 582766 2.5 50 20 1 2 36% 19808045 12641 75%
c p 21932.33  0 36 119 636626  2 23520366 605138 2.5 50 20 1 2 36% 19808045 12641 75%
c u 21940.02  0 36 119 636626  2 23520366 604417 2.5 50 20 1 2 36% 19808045 12641 75%
c v 21940.18  0 36 119 636626  2 23520366 604412 2.5 50 20 1 2 36% 19808045 12641 75%
c w 21940.36  0 36 119 636626  2 23520366 604411 2.5 50 20 1 2 36% 19808045 12641 75%
c t 21940.45  0 36 119 636626  2 23520366 604398 2.5 50 20 1 2 36% 19807909 12641 75%
c ] 21959.63  0 36 119 636632  2 23546277 626482 2.4 47 20 1 2 36% 19807909 12641 75%
c { 21959.63  0 23 119 636632  3 23546277 626482 3.7 35 9 1 2 32% 19807909 12641 75%
c # 22062.86  0 23 119 642946  3 23653466 716393 3.8 36 9 1 2 32% 19807909 12641 75%
c 
c   seconds     reductions      conflicts           size  tier2          variables
c            MB       restarts          redundant      glue  trail            remaining
c             level          rate             size/glue tier1   irredundant
c 
c } 22092.21  0 23 119 644607  3 23683221 740484 3.7 35 9 1 2 32% 19807909 12641 75%
c [ 22092.21  0 36 119 644607  2 23683221 740484 2.4 47 20 1 2 36% 19807909 12641 75%
c B 22175.89  0 36 119 644669  2 23871467 903298 2.3 44 20 1 2 27% 19807909 12641 75%
c - 22207.35  0 43 120 644671  2 23920088 590035 2.1 45 22 1 2 30% 19807909 12641 75%
c d 22207.74  0 43 120 644671  2 23920088 588289 2.1 45 22 1 2 30% 19807909 12640 75%
c p 22209.38  0 43 120 644671  2 23920088 610842 2.1 45 22 1 2 30% 19807909 12640 75%
c = 22226.60  0 43 120 644671  2 23920088 610841 2.1 45 22 1 2 30% 19807909 12639 75%
c u 22234.80  0 43 120 644671  2 23920088 610245 2.1 45 22 1 2 30% 19807909 12639 75%
c v 22234.92  0 43 120 644671  2 23920088 610241 2.1 45 22 1 2 30% 19807909 12639 75%
c w 22234.98  0 43 120 644671  2 23920088 610241 2.1 45 22 1 2 30% 19807909 12639 75%
c t 22235.06  0 43 120 644671  2 23920088 610227 2.1 45 22 1 2 30% 19807908 12639 75%
c ] 22238.16  0 43 120 644671  2 23923580 613189 2.1 45 22 1 2 30% 19807908 12639 75%
c { 22238.16  0 23 120 644671  3 23923580 613189 3.7 35 9 1 2 32% 19807908 12639 75%
c } 22373.96  0 23 120 653540  3 24066262 731740 3.7 35 9 1 2 31% 19807908 12639 75%
c [ 22373.96  0 43 120 653540  2 24066262 731740 2.1 45 22 1 2 30% 19807908 12639 75%
c W 22424.76  0 38 120 653541  2 24090472 752909 2.1 42 20 1 2 32% 19807908 12639 75%
c s 22468.78  0 41 120 653542  2 24174852 828933 2.3 45 19 1 2 25% 19772473 12639 75%
c t 22469.03  0 41 120 653542  2 24174852 828933 2.3 45 19 1 2 25% 19772172 12639 75%
c e 22469.44  0 41 120 653542  2 24174852 826700 2.3 45 19 1 2 25% 19772156 12635 75%
c s 22469.97  0 41 120 653542  2 24174852 826695 2.3 45 19 1 2 25% 19741766 12635 75%
c 
c   seconds     reductions      conflicts           size   tier2          variables
c            MB       restarts          redundant      glue   trail            remaining
c             level          rate             size/glue  tier1   irredundant
c 
c ] 22533.65  0 42 120 653543  2 24308191 945236 2.1 43 20 1 2 22% 19741765 12635 75%
c { 22533.65  0 23 120 653543  3 24308191 945236 3.7 35 9 1 2 31% 19741765 12635 75%
c B 22536.09  0 23 120 653668  3 24310473 947100 3.7 35 9 1 2 31% 19741765 12635 75%
c - 22550.31  0 23 121 654590  3 24323192 596690 3.7 35 9 1 2 31% 19741765 12635 75%
c 2 22550.35  0 23 121 654590  3 24323192 596687 3.7 35 9 1 2 31% 19741726 12635 75%
c p 22552.07  0 23 121 654590  3 24323192 619001 3.7 35 9 1 2 31% 19741726 12635 75%
c u 22560.58  0 23 121 654590  3 24323192 618618 3.7 35 9 1 2 31% 19741726 12635 75%
c v 22560.59  0 23 121 654590  3 24323192 618618 3.7 35 9 1 2 31% 19741726 12635 75%
c w 22560.60  0 23 121 654590  3 24323192 618618 3.7 35 9 1 2 31% 19741726 12635 75%
c t 22560.67  0 23 121 654590  3 24323192 618616 3.7 35 9 1 2 31% 19741639 12635 75%
c } 22684.48  0 23 121 662598  3 24455461 728102 3.6 34 9 1 2 32% 19741639 12635 75%
c [ 22684.48  0 42 121 662598  2 24455461 728102 2.1 43 20 1 2 22% 19741639 12635 75%
c I 22728.90  0 33 121 662598  1 24531476 799036 3.5 56 16 1 2 23% 19741639 12635 75%
c ] 22798.18  0 32 121 662598  2 24653917 905345 2.6 43 16 1 2 27% 19741639 12635 75%
c { 22798.18  0 23 121 662598  3 24653917 905345 3.6 34 9 1 2 32% 19741639 12635 75%
c i 22865.43  0 22 121 666611  3 24721901 960627 3.6 33 9 1 2 33% 19741639 12633 75%
c - 22874.63  0 23 122 667116  3 24729499 607354 3.6 33 9 1 2 34% 19741618 12633 75%
c 2 22874.68  0 23 122 667116  3 24729499 607353 3.6 33 9 1 2 34% 19741617 12633 75%
c d 22875.01  0 23 122 667116  3 24729499 607347 3.6 33 9 1 2 34% 19741613 12630 75%
c p 22876.60  0 23 122 667116  3 24729499 628909 3.6 33 9 1 2 34% 19741613 12630 75%
c 
c   seconds     reductions      conflicts           size  tier2          variables
c            MB       restarts          redundant      glue  trail            remaining
c             level          rate             size/glue tier1   irredundant
c 
c 2 22876.66  0 23 122 667116  3 24729499 628865 3.6 33 9 1 2 34% 19741612 12630 75%
c u 22884.95  0 23 122 667116  3 24729499 626731 3.6 33 9 1 2 34% 19741612 12630 75%
c v 22884.99  0 23 122 667116  3 24729499 626731 3.6 33 9 1 2 34% 19741612 12630 75%
c w 22885.01  0 23 122 667116  3 24729499 626731 3.6 33 9 1 2 34% 19741612 12630 75%
c t 22885.08  0 23 122 667116  3 24729499 626666 3.6 33 9 1 2 34% 19741611 12630 75%
c W 22928.97  0 22 122 668452  3 24753478 646444 3.6 33 9 1 2 33% 19741611 12630 75%
c } 22976.52  0 23 122 671788  3 24801299 687827 3.8 36 9 1 2 32% 19741611 12630 75%
c [ 22976.52  0 32 122 671788  2 24801299 687827 2.6 43 16 1 2 27% 19741611 12630 75%
c ] 23075.02  0 27 122 671838  1 24954045 827623 2.9 43 15 1 2 23% 19741611 12630 75%
c { 23075.02  0 23 122 671838  3 24954045 827623 3.8 36 9 1 2 32% 19741611 12630 75%
c F 23097.55  0 23 122 673195  3 24976484 845999 3.7 35 9 1 2 32% 19741611 12630 75%
c } 23219.78  0 23 122 680680  3 25106279 952747 3.8 36 9 1 2 33% 19741611 12630 75%
c [ 23219.78  0 27 122 680680  1 25106279 952747 2.9 43 15 1 2 23% 19741611 12630 75%
c - 23236.34  0 27 123 680692  1 25139184 620553 2.8 40 14 1 2 21% 19741611 12630 75%
c p 23238.09  0 27 123 680692  1 25139184 641942 2.8 40 14 1 2 21% 19741611 12630 75%
c u 23246.55  0 27 123 680692  1 25139184 639708 2.8 40 14 1 2 21% 19741611 12630 75%
c v 23246.57  0 27 123 680692  1 25139184 639707 2.8 40 14 1 2 21% 19741611 12630 75%
c w 23246.58  0 27 123 680692  1 25139184 639705 2.8 40 14 1 2 21% 19741611 12630 75%
c t 23246.66  0 27 123 680692  1 25139184 639694 2.8 40 14 1 2 21% 19741610 12630 75%
c s 23290.02  0 29 123 680700  1 25193375 685953 2.7 40 15 1 2 28% 19714405 12630 75%
c 
c   seconds     reductions      conflicts           size   tier2          variables
c            MB       restarts          redundant      glue   trail            remaining
c             level          rate             size/glue  tier1   irredundant
c 
c t 23290.26  0 29 123 680700  1 25193375 685953 2.7 40 15 1 2 28% 19714181 12630 75%
c e 23290.66  0 29 123 680700  1 25193375 685656 2.7 40 15 1 2 28% 19714175 12625 75%
c s 23291.17  0 29 123 680700  1 25193375 685654 2.7 40 15 1 2 28% 19691336 12625 75%
c B 23296.89  0 29 123 680703  1 25200487 691371 2.6 40 15 1 2 28% 19691336 12625 75%
c ] 23360.02  0 36 123 680754  2 25332414 801808 2.1 41 20 1 2 33% 19691336 12625 75%
c { 23360.02  0 23 123 680754  3 25332414 801808 3.8 36 9 1 2 33% 19691336 12625 75%
c B 23450.91  0 22 123 686345  3 25425488 879207 3.8 36 9 1 2 33% 19691336 12625 75%
c } 23500.81  0 22 123 689201  3 25481219 924222 3.6 33 9 1 2 33% 19691336 12625 75%
c [ 23500.81  0 36 123 689201  2 25481219 924222 2.1 41 20 1 2 33% 19691336 12625 75%
c - 23533.13  0 38 124 689204  1 25552251 621584 2.5 51 20 1 2 33% 19691336 12625 75%
c 2 23533.18  0 38 124 689204  1 25552251 621584 2.5 51 20 1 2 33% 19691288 12625 75%
c d 23533.53  0 38 124 689204  1 25552251 621550 2.5 51 20 1 2 33% 19691284 12624 75%
c p 23535.17  0 38 124 689204  1 25552251 642876 2.5 51 20 1 2 33% 19691284 12624 75%
c 2 23535.23  0 38 124 689204  1 25552251 642868 2.5 51 20 1 2 33% 19691284 12624 75%
c u 23541.52  0 38 124 689204  1 25552251 641190 2.5 51 20 1 2 33% 19691284 12624 75%
c v 23541.57  0 38 124 689204  1 25552251 641188 2.5 51 20 1 2 33% 19691284 12624 75%
c w 23541.64  0 38 124 689204  1 25552251 641188 2.5 51 20 1 2 33% 19691284 12624 75%
c x 23548.26  0 38 124 689204  1 25552251 641184 2.5 51 20 1 2 33% 19689192 12624 75%
c t 23548.33  0 38 124 689204  1 25552251 641154 2.5 51 20 1 2 33% 19689048 12624 75%
c W 23629.97  0 38 124 689229  2 25651491 726878 2.2 44 20 1 2 32% 19689048 12624 75%
c 
c   seconds     reductions      conflicts           size   tier2          variables
c            MB       restarts          redundant      glue   trail            remaining
c             level          rate             size/glue  tier1   irredundant
c 
c i 23632.54  0 37 124 689233  1 25658761 732464 2.2 43 19 1 2 32% 19689048 12623 75%
c ] 23682.94  0 39 124 689267  2 25771301 829538 2.2 46 21 1 2 33% 19689048 12623 75%
c { 23682.94  0 22 124 689267  3 25771301 829538 3.6 33 9 1 2 33% 19689048 12623 75%
c W 23794.37  0 22 124 695814  3 25878492 873020 3.6 34 9 1 2 31% 19571778 12623 75%
c } 23837.07  0 22 124 698150  3 25924896 911059 3.6 33 9 1 2 32% 19571778 12623 75%
c [ 23837.07  0 39 124 698150  2 25924896 911059 2.2 46 21 1 2 33% 19571778 12623 75%
c - 23861.00  0 39 125 698157  2 25968558 609431 2.2 43 20 1 2 31% 19571778 12623 75%
c 2 23861.05  0 39 125 698157  2 25968558 609412 2.2 43 20 1 2 31% 19571775 12623 75%
c d 23861.39  0 39 125 698157  2 25968558 609410 2.2 43 20 1 2 31% 19571773 12622 75%
c p 23863.01  0 39 125 698157  2 25968558 631042 2.2 43 20 1 2 31% 19571773 12622 75%
c 2 23863.07  0 39 125 698157  2 25968558 631000 2.2 43 20 1 2 31% 19571773 12622 75%
c u 23870.41  0 39 125 698157  2 25968558 628718 2.2 43 20 1 2 31% 19571773 12622 75%
c v 23870.53  0 39 125 698157  2 25968558 628714 2.2 43 20 1 2 31% 19571773 12622 75%
c w 23870.68  0 39 125 698157  2 25968558 628713 2.2 43 20 1 2 31% 19571773 12622 75%
c t 23870.75  0 39 125 698157  2 25968558 628671 2.2 43 20 1 2 31% 19571772 12622 75%
c O 23964.71  0 42 125 698211  2 26106494 742792 1.9 43 23 1 2 34% 19571772 12622 75%
c ] 23971.10  0 45 125 698212  2 26116987 752342 2.0 46 24 1 2 33% 19571772 12622 75%
c { 23971.10  0 22 125 698212  3 26116987 752342 3.6 33 9 1 2 32% 19571772 12622 75%
c s 24084.71  0 22 125 705790  3 26232868 847407 3.5 33 9 1 2 32% 19535236 12622 75%
c t 24084.95  0 22 125 705790  3 26232868 847407 3.5 33 9 1 2 32% 19534973 12622 75%
c 
c   seconds     reductions      conflicts           size  tier2          variables
c            MB       restarts          redundant      glue  trail            remaining
c             level          rate             size/glue tier1   irredundant
c 
c e 24085.39  0 22 125 705790  3 26232868 847283 3.5 33 9 1 2 32% 19534961 12620 75%
c s 24085.90  0 22 125 705790  3 26232868 847279 3.5 33 9 1 2 32% 19505417 12620 75%
c } 24118.49  0 22 125 707976  3 26265281 874336 3.6 34 9 1 2 31% 19505417 12620 75%
c [ 24118.49  0 45 125 707976  2 26265281 874336 2.0 46 24 1 2 33% 19505417 12620 75%
c B 24157.40  0 52 125 707978  2 26335495 937823 2.4 59 25 1 2 35% 19505417 12620 75%
c - 24190.50  0 64 126 707979  2 26387918 618528 2.0 59 29 1 2 35% 19505417 12620 75%
c 2 24190.55  0 64 126 707979  2 26387918 618528 2.0 59 29 1 2 35% 19505337 12620 75%
c p 24192.22  0 64 126 707979  2 26387918 640067 2.0 59 29 1 2 35% 19505337 12620 75%
c u 24201.27  0 64 126 707979  2 26387918 637732 2.0 59 29 1 2 35% 19505337 12620 75%
c v 24208.59  0 64 126 707979  2 26387918 637042 2.0 59 29 1 2 35% 19505337 12620 75%
c w 24208.61  0 64 126 707979  2 26387918 637042 2.0 59 29 1 2 35% 19505337 12620 75%
c t 24208.71  0 64 126 707979  2 26387918 637014 2.0 59 29 1 2 35% 19505219 12620 75%
c ] 24263.90  0 55 126 707979  2 26462200 701674 2.0 52 26 1 2 34% 19505219 12620 75%
c { 24263.90  0 22 126 707979  3 26462200 701674 3.6 34 9 1 2 31% 19505219 12620 75%
c # 24363.65  0 23 126 714235  3 26565497 787942 3.8 35 9 1 2 31% 19505219 12620 75%
c } 24411.83  0 23 126 717521  3 26615283 829562 3.7 35 10 1 2 31% 19505219 12620 75%
c [ 24411.83  0 55 126 717521  2 26615283 829562 2.0 52 26 1 2 34% 19505219 12620 75%
c W 24508.62  0 28 126 717580  1 26796500 987950 2.2 33 15 1 2 22% 19505219 12620 75%
c - 24516.57  0 31 127 717582  1 26810447 625237 2.2 34 16 1 2 24% 19505219 12620 75%
c p 24518.49  0 31 127 717582  1 26810447 647580 2.2 34 16 1 2 24% 19505219 12619 75%
c 
c   seconds     reductions      conflicts           size   tier2          variables
c            MB       restarts          redundant      glue   trail            remaining
c             level          rate             size/glue  tier1   irredundant
c 
c u 24527.06  0 31 127 717582  1 26810447 645173 2.2 34 16 1 2 24% 19505219 12619 75%
c v 24531.30  0 31 127 717582  1 26810447 644485 2.2 34 16 1 2 24% 19505219 12619 75%
c w 24531.41  0 31 127 717582  1 26810447 644485 2.2 34 16 1 2 24% 19505219 12619 75%
c t 24531.49  0 31 127 717582  1 26810447 644461 2.2 34 16 1 2 24% 19505219 12619 75%
c ] 24577.45  0 32 127 717599  2 26894156 715775 2.0 36 18 1 2 29% 19505219 12619 75%
c { 24577.45  0 23 127 717599  3 26894156 715775 3.7 35 10 1 2 31% 19505219 12619 75%
c i 24592.25  0 23 127 718601  3 26909190 728411 3.7 35 10 1 2 31% 19505219 12618 75%
c i 24656.63  0 23 127 722414  3 26978500 785953 3.7 34 9 1 2 31% 19505219 12617 75%
c B 24702.85  0 23 127 725357  3 27028501 827669 3.6 34 9 1 2 32% 19505219 12617 75%
c } 24726.04  0 23 127 726921  3 27052496 847505 3.6 34 9 1 2 32% 19505219 12617 75%
c [ 24726.04  0 32 127 726921  2 27052496 847505 2.0 36 18 1 2 29% 19505219 12617 75%
c - 24810.71  0 34 128 726970  2 27236348 625795 2.1 37 17 1 2 26% 19340231 12617 75%
c 2 24810.76  0 34 128 726970  2 27236348 625787 2.1 37 17 1 2 26% 19340231 12617 75%
c d 24811.12  0 34 128 726970  2 27236348 625369 2.1 37 17 1 2 26% 19340224 12613 75%
c p 24812.79  0 34 128 726970  2 27236348 645355 2.1 37 17 1 2 26% 19340224 12613 75%
c c 24817.17  0 34 128 726970  2 27236348 645278 2.1 37 17 1 2 26% 19341285 12613 75%
c d 24817.60  0 34 128 726970  2 27236348 645275 2.1 37 17 1 2 26% 19341281 12611 75%
c 2 24817.69  0 34 128 726970  2 27236348 645274 2.1 37 17 1 2 26% 19341278 12611 75%
c u 24824.49  0 34 128 726970  2 27236348 643485 2.1 37 17 1 2 26% 19341278 12611 75%
c v 24824.79  0 34 128 726970  2 27236348 643468 2.1 37 17 1 2 26% 19341278 12611 75%
c 
c   seconds     reductions      conflicts           size   tier2          variables
c            MB       restarts          redundant      glue   trail            remaining
c             level          rate             size/glue  tier1   irredundant
c 
c w 24824.88  0 34 128 726970  2 27236348 643468 2.1 37 17 1 2 26% 19341278 12611 75%
c x 24831.46  0 34 128 726970  2 27236348 643464 2.1 37 17 1 2 26% 19339575 12611 75%
c t 24831.53  0 34 128 726970  2 27236348 643395 2.1 37 17 1 2 26% 19338436 12611 75%
c I 24844.80  0 39 128 726970  2 27261504 665370 2.0 39 19 1 2 26% 19338436 12611 75%
c s 24865.69  0 38 128 726974  2 27292263 691268 2.0 38 19 1 2 30% 19311525 12611 75%
c t 24865.93  0 38 128 726974  2 27292263 691268 2.0 38 19 1 2 30% 19311371 12611 75%
c e 24866.38  0 38 128 726974  2 27292263 690827 2.0 38 19 1 2 30% 19311338 12602 75%
c s 24866.94  0 38 128 726974  2 27292263 690824 2.0 38 19 1 2 30% 19288686 12602 75%
c ] 24879.18  0 37 128 726984  2 27311023 705764 2.0 38 19 1 2 31% 19288686 12602 75%
c { 24879.18  0 23 128 726984  3 27311023 705764 3.6 34 9 1 2 32% 19288686 12602 75%
c i 24988.23  0 22 128 733446  3 27431612 803872 3.5 32 9 1 2 33% 19288685 12599 75%
c } 25029.78  0 22 128 736337  3 27474647 839503 3.6 33 9 1 2 32% 19288685 12599 75%
c [ 25029.78  0 37 128 736337  2 27474647 839503 2.0 38 19 1 2 31% 19288685 12599 75%
c B 25044.21  0 41 128 736345  2 27495506 858520 2.4 48 20 1 2 32% 19288685 12599 75%
c - 25149.30  0 34 129 736394  2 27665135 624980 2.3 45 20 1 2 34% 19127734 12599 75%
c 2 25149.36  0 34 129 736394  2 27665135 624967 2.3 45 20 1 2 34% 19127700 12599 75%
c d 25149.69  0 34 129 736394  2 27665135 624964 2.3 45 20 1 2 34% 19127694 12596 75%
c p 25151.28  0 34 129 736394  2 27665135 644650 2.3 45 20 1 2 34% 19127694 12596 75%
c 2 25151.34  0 34 129 736394  2 27665135 644527 2.3 45 20 1 2 34% 19127694 12596 75%
c u 25159.68  0 34 129 736394  2 27665135 642240 2.3 45 20 1 2 34% 19127694 12596 75%
c 
c   seconds     reductions      conflicts           size   tier2          variables
c            MB       restarts          redundant      glue   trail            remaining
c             level          rate             size/glue  tier1   irredundant
c 
c v 25159.73  0 34 129 736394  2 27665135 642239 2.3 45 20 1 2 34% 19127694 12596 75%
c w 25159.75  0 34 129 736394  2 27665135 642239 2.3 45 20 1 2 34% 19127694 12596 75%
c t 25159.83  0 34 129 736394  2 27665135 642028 2.3 45 20 1 2 34% 19127654 12596 75%
c ] 25172.62  0 34 129 736401  2 27685520 659458 2.3 46 20 1 2 34% 19127654 12596 75%
c { 25172.62  0 22 129 736401  3 27685520 659458 3.6 33 9 1 2 32% 19127654 12596 75%
c W 25243.77  0 22 129 739142  3 27730507 696761 3.5 33 9 1 2 32% 19127654 12596 75%
c } 25355.70  0 22 129 747056  3 27849951 795459 3.6 34 9 1 2 32% 19127654 12596 75%
c [ 25355.70  0 34 129 747056  2 27849951 795459 2.3 46 20 1 2 34% 19127654 12596 75%
c W 25412.41  0 29 129 747102  2 27966511 895422 2.3 36 16 1 2 26% 19127654 12596 75%
c - 25473.93  0 33 130 747106  2 28096655 632870 2.1 36 18 1 2 26% 19127654 12596 75%
c d 25474.32  0 33 130 747106  2 28096655 631567 2.1 36 18 1 2 26% 19127648 12595 75%
c p 25475.98  0 33 130 747106  2 28096655 651139 2.1 36 18 1 2 26% 19127648 12595 75%
c 2 25476.03  0 33 130 747106  2 28096655 651136 2.1 36 18 1 2 26% 19127648 12595 75%
c = 25495.22  0 33 130 747106  2 28096655 651124 2.1 36 18 1 2 26% 19127644 12591 75%
c u 25502.10  0 33 130 747106  2 28096655 649575 2.1 36 18 1 2 26% 19127644 12591 75%
c v 25502.17  0 33 130 747106  2 28096655 649573 2.1 36 18 1 2 26% 19127644 12591 75%
c x 25509.06  0 33 130 747106  2 28096655 649552 2.1 36 18 1 2 26% 19126528 12591 75%
c t 25509.14  0 33 130 747106  2 28096655 649517 2.1 36 18 1 2 26% 19126415 12591 75%
c ] 25526.52  0 35 130 747106  2 28137565 686298 2.2 38 17 1 2 25% 19126415 12591 75%
c { 25526.52  0 22 130 747106  3 28137565 686298 3.6 34 9 1 2 32% 19126415 12591 75%
c 
c   seconds     reductions      conflicts           size  tier2          variables
c            MB       restarts          redundant      glue  trail            remaining
c             level          rate             size/glue tier1   irredundant
c 
c F 25586.63  0 22 130 751029  3 28203516 740783 3.7 34 9 1 2 32% 19126415 12591 75%
c } 25681.68  0 22 130 757170  3 28307185 825695 3.6 34 9 1 2 33% 19126415 12591 75%
c [ 25681.68  0 35 130 757170  2 28307185 825695 2.2 38 17 1 2 25% 19126415 12591 75%
c s 25708.07  0 30 130 757170  1 28371413 880986 2.2 36 16 1 2 24% 19102553 12591 75%
c t 25708.32  0 30 130 757170  1 28371413 880985 2.2 36 16 1 2 24% 19102448 12591 75%
c e 25708.77  0 30 130 757170  1 28371413 853796 2.2 36 16 1 2 24% 19102411 12583 75%
c s 25709.29  0 30 130 757170  1 28371413 853795 2.2 36 16 1 2 24% 19082690 12583 75%
c O 25750.31  0 52 130 757171  2 28441522 917207 2.0 49 25 1 2 27% 19082690 12583 75%
c - 25787.92  0 46 131 757171  1 28531526 627049 2.1 47 22 1 2 20% 19082690 12583 75%
c 2 25787.96  0 46 131 757171  1 28531526 627034 2.1 47 22 1 2 20% 19082661 12583 75%
c p 25789.61  0 46 131 757171  1 28531526 646014 2.1 47 22 1 2 20% 19082661 12583 75%
c u 25795.72  0 46 131 757171  1 28531526 644385 2.1 47 22 1 2 20% 19082661 12583 75%
c v 25795.82  0 46 131 757171  1 28531526 644377 2.1 47 22 1 2 20% 19082661 12583 75%
c w 25795.84  0 46 131 757171  1 28531526 644377 2.1 47 22 1 2 20% 19082661 12583 75%
c x 25801.99  0 46 131 757171  1 28531526 644367 2.1 47 22 1 2 20% 19081895 12583 75%
c t 25802.07  0 46 131 757171  1 28531526 644363 2.1 47 22 1 2 20% 19081730 12583 75%
c ] 25826.96  0 37 131 757171  1 28599662 704301 2.1 41 20 1 2 17% 19081730 12583 75%
c { 25826.96  0 22 131 757171  3 28599662 704301 3.6 34 9 1 2 33% 19081730 12583 75%
c B 25899.39  0 22 131 762018  3 28680524 771554 3.6 33 9 1 2 32% 19081730 12583 75%
c } 25981.48  0 22 131 767228  3 28771900 846725 3.5 32 9 1 2 32% 19081730 12583 75%
c 
c   seconds     reductions      conflicts           size   tier2          variables
c            MB       restarts          redundant      glue   trail            remaining
c             level          rate             size/glue  tier1   irredundant
c 
c [ 25981.48  0 37 131 767228  1 28771900 846725 2.1 41 20 1 2 17% 19081730 12583 75%
c i 26012.33  0 28 131 767229  1 28830274 896754 2.8 42 15 1 2 20% 19081730 12582 75%
c B 26062.12  0 54 131 767229  2 28920525 980209 2.7 66 24 1 2 26% 19081730 12582 75%
c - 26089.71  0 58 132 767229  2 28969613 628071 2.5 64 26 1 2 27% 19081721 12582 75%
c 2 26089.76  0 58 132 767229  2 28969613 628070 2.5 64 26 1 2 27% 19081721 12582 75%
c d 26090.10  0 58 132 767229  2 28969613 627625 2.5 64 26 1 2 27% 19081721 12581 75%
c p 26091.75  0 58 132 767229  2 28969613 646336 2.5 64 26 1 2 27% 19081721 12581 75%
c 2 26091.81  0 58 132 767229  2 28969613 646335 2.5 64 26 1 2 27% 19081721 12581 75%
c u 26098.21  0 58 132 767229  2 28969613 644702 2.5 64 26 1 2 27% 19081721 12581 75%
c v 26098.32  0 58 132 767229  2 28969613 644697 2.5 64 26 1 2 27% 19081721 12581 75%
c w 26098.44  0 58 132 767229  2 28969613 644697 2.5 64 26 1 2 27% 19081721 12581 75%
c x 26105.09  0 58 132 767229  2 28969613 644693 2.5 64 26 1 2 27% 19080315 12581 75%
c t 26105.16  0 58 132 767229  2 28969613 644658 2.5 64 26 1 2 27% 19080234 12581 75%
c ] 26142.10  0 55 132 767229  2 29037044 702326 2.2 54 25 1 2 30% 19080234 12581 75%
c { 26142.10  0 22 132 767229  3 29037044 702326 3.5 32 9 1 2 32% 19080234 12581 75%
c W 26290.23  0 22 132 774688  3 29161527 804922 3.4 31 9 1 2 30% 19080234 12581 75%
c } 26335.36  0 22 132 777983  3 29208487 843109 3.5 32 9 1 2 31% 19080234 12581 75%
c [ 26335.36  0 55 132 777983  2 29208487 843109 2.2 54 25 1 2 30% 19080234 12581 75%
c W 26456.82  0 55 132 777983  2 29403528 1015687 2.0 53 27 1 2 30% 19080234 12581 75%
c - 26462.79  0 54 133 777983  2 29411048 640826 2.0 52 27 1 2 30% 19080234 12581 75%
c 
c   seconds     reductions      conflicts           size   tier2          variables
c            MB       restarts          redundant      glue   trail            remaining
c             level          rate             size/glue  tier1   irredundant
c 
c p 26464.40  0 54 133 777983  2 29411048 659481 2.0 52 27 1 2 30% 19080234 12581 75%
c u 26471.13  0 54 133 777983  2 29411048 657418 2.0 52 27 1 2 30% 19080234 12581 75%
c v 26474.71  0 54 133 777983  2 29411048 656691 2.0 52 27 1 2 30% 19080234 12581 75%
c w 26474.72  0 54 133 777983  2 29411048 656691 2.0 52 27 1 2 30% 19080234 12581 75%
c x 26479.36  0 54 133 777983  2 29411048 656688 2.0 52 27 1 2 30% 19079274 12581 75%
c t 26479.43  0 54 133 777983  2 29411048 656667 2.0 52 27 1 2 30% 19079175 12581 75%
c ] 26503.12  0 51 133 777983  2 29459092 699926 2.1 52 25 1 2 27% 19079175 12581 75%
c { 26503.12  0 22 133 777983  3 29459092 699926 3.5 32 9 1 2 31% 19079175 12581 75%
c s 26514.30  0 22 133 778691  3 29470337 709410 3.5 32 9 1 2 30% 19051421 12581 75%
c t 26514.54  0 22 133 778691  3 29470337 709410 3.5 32 9 1 2 30% 19051071 12581 75%
c e 26514.96  0 22 133 778691  3 29470337 703152 3.5 32 9 1 2 30% 19051060 12575 75%
c s 26515.46  0 22 133 778691  3 29470337 703147 3.5 32 9 1 2 30% 19020238 12575 75%
c i 26612.08  0 22 133 785076  3 29574613 788524 3.5 32 9 1 2 31% 19020238 12574 75%
c } 26658.54  0 21 133 788051  3 29624816 828334 3.3 30 9 1 2 32% 19020238 12574 75%
c [ 26658.54  0 51 133 788051  2 29624816 828334 2.1 52 25 1 2 27% 19020238 12574 75%
c I 26677.53  0 46 133 788051  2 29646532 848689 2.4 54 23 1 2 27% 19020238 12574 75%
c - 26767.54  0 30 134 788113  1 29855828 639035 2.2 38 17 1 2 19% 18872403 12574 75%
c 2 26767.60  0 30 134 788113  1 29855828 639032 2.2 38 17 1 2 19% 18872322 12574 75%
c d 26767.96  0 30 134 788113  1 29855828 639032 2.2 38 17 1 2 19% 18872320 12573 75%
c p 26769.59  0 30 134 788113  1 29855828 657656 2.2 38 17 1 2 19% 18872320 12573 75%
c 
c   seconds     reductions      conflicts           size   tier2          variables
c            MB       restarts          redundant      glue   trail            remaining
c             level          rate             size/glue  tier1   irredundant
c 
c u 26780.79  0 30 134 788113  1 29855828 655544 2.2 38 17 1 2 19% 18873094 12573 75%
c v 26783.97  0 30 134 788113  1 29855828 654896 2.2 38 17 1 2 19% 18873094 12573 75%
c w 26784.06  0 30 134 788113  1 29855828 654896 2.2 38 17 1 2 19% 18873094 12573 75%
c x 26789.15  0 30 134 788113  1 29855828 654889 2.2 38 17 1 2 19% 18872473 12573 75%
c t 26789.23  0 30 134 788113  1 29855828 654854 2.2 38 17 1 2 19% 18871496 12573 75%
c ] 26799.11  0 31 134 788114  1 29876447 673242 2.3 38 17 1 2 19% 18871496 12573 75%
c { 26799.11  0 21 134 788114  3 29876447 673242 3.3 30 9 1 2 32% 18871496 12573 75%
c # 26812.34  0 22 134 789145  3 29890536 685028 3.4 31 9 1 2 32% 18871496 12573 75%
c i 26839.24  0 21 134 790787  3 29920932 709159 3.4 31 9 1 2 32% 18871496 12572 75%
c i 26927.87  0 21 134 796834  3 30022382 792161 3.4 31 9 1 2 31% 18871496 12571 75%
c } 26955.75  0 22 134 798902  3 30049481 814914 3.4 31 9 1 2 30% 18871496 12571 75%
c [ 26955.75  0 31 134 798902  1 30049481 814914 2.3 38 17 1 2 19% 18871496 12571 75%
c B 26993.90  0 35 134 798932  2 30135537 891965 2.1 38 18 1 2 21% 18871496 12571 75%
c - 27067.93  0 45 135 798966  2 30303309 641307 1.9 41 21 1 2 24% 18565993 12571 75%
c 2 27067.98  0 45 135 798966  2 30303309 641287 1.9 41 21 1 2 24% 18565993 12571 75%
c d 27068.35  0 45 135 798966  2 30303309 641254 1.9 41 21 1 2 24% 18565982 12567 75%
c p 27069.90  0 45 135 798966  2 30303309 661819 1.9 41 21 1 2 24% 18565982 12567 75%
c 2 27069.95  0 45 135 798966  2 30303309 661323 1.9 41 21 1 2 24% 18565982 12567 75%
c u 27091.93  0 45 135 798966  2 30303309 659604 1.9 41 21 1 2 24% 18565982 12567 75%
c v 27092.06  0 45 135 798966  2 30303309 659597 1.9 41 21 1 2 24% 18565982 12567 75%
c 
c   seconds     reductions      conflicts           size   tier2          variables
c            MB       restarts          redundant      glue   trail            remaining
c             level          rate             size/glue  tier1   irredundant
c 
c w 27092.11  0 45 135 798966  2 30303309 659597 1.9 41 21 1 2 24% 18565982 12567 75%
c x 27099.04  0 45 135 798966  2 30303309 659579 1.9 41 21 1 2 24% 18564203 12567 75%
c t 27099.12  0 45 135 798966  2 30303309 659107 1.9 41 21 1 2 24% 18564021 12567 75%
c ] 27122.84  0 40 135 798980  2 30365542 713513 2.0 39 20 1 2 23% 18564021 12567 75%
c { 27122.84  0 22 135 798980  3 30365542 713513 3.4 31 9 1 2 30% 18564021 12567 75%
c B 27135.11  0 22 135 799912  3 30381541 726710 3.3 30 9 1 2 29% 18564021 12567 75%
c } 27281.65  0 22 135 810341  3 30547160 865182 3.6 33 9 1 2 28% 18564021 12567 75%
c [ 27281.65  0 40 135 810341  2 30547160 865182 2.0 39 20 1 2 23% 18564021 12567 75%
c s 27297.38  0 33 135 810357  2 30589991 902390 2.3 40 17 1 2 22% 18538487 12567 75%
c t 27297.61  0 33 135 810357  2 30589991 902390 2.3 40 17 1 2 22% 18538322 12567 75%
c s 27298.54  0 33 135 810357  2 30589991 902387 2.3 40 17 1 2 22% 18512516 12567 75%
c W 27351.21  0 37 135 810371  2 30628543 936488 2.3 43 18 1 2 24% 18512516 12567 75%
c - 27395.70  0 39 136 810405  2 30753158 645747 2.0 43 22 1 2 28% 18512516 12567 75%
c 2 27395.75  0 39 136 810405  2 30753158 645747 2.0 43 22 1 2 28% 18512430 12567 75%
c p 27397.32  0 39 136 810405  2 30753158 666541 2.0 43 22 1 2 28% 18512430 12567 75%
c u 27402.95  0 39 136 810405  2 30753158 665306 2.0 43 22 1 2 28% 18512430 12567 75%
c v 27403.07  0 39 136 810405  2 30753158 665305 2.0 43 22 1 2 28% 18512430 12567 75%
c w 27403.08  0 39 136 810405  2 30753158 665305 2.0 43 22 1 2 28% 18512430 12567 75%
c x 27408.62  0 39 136 810405  2 30753158 665294 2.0 43 22 1 2 28% 18511660 12567 75%
c t 27408.69  0 39 136 810405  2 30753158 665285 2.0 43 22 1 2 28% 18511431 12567 75%
c 
c   seconds     reductions      conflicts           size   tier2          variables
c            MB       restarts          redundant      glue   trail            remaining
c             level          rate             size/glue  tier1   irredundant
c 
c O 27466.25  0 37 136 810452  2 30876544 770931 2.0 40 20 1 2 31% 18511431 12567 75%
c ] 27481.65  0 37 136 810453  2 30905889 796351 2.1 42 20 1 2 29% 18511431 12567 75%
c { 27481.65  0 22 136 810453  3 30905889 796351 3.6 33 9 1 2 28% 18511431 12567 75%
c } 27642.17  0 21 136 820865  3 31084656 939836 3.3 30 9 1 2 31% 18511431 12567 75%
c [ 27642.18  0 37 136 820865  2 31084656 939836 2.1 42 20 1 2 29% 18511431 12567 75%
c B 27664.56  0 30 136 820866  1 31125546 975007 2.8 46 17 1 2 27% 18511431 12567 75%
c - 27698.95  0 46 137 820867  2 31206155 651905 2.4 49 21 1 2 27% 18511431 12567 75%
c p 27700.55  0 46 137 820867  2 31206155 673081 2.4 49 21 1 2 27% 18511431 12567 75%
c u 27706.99  0 46 137 820867  2 31206155 670364 2.4 49 21 1 2 27% 18511431 12567 75%
c v 27707.04  0 46 137 820867  2 31206155 670361 2.4 49 21 1 2 27% 18511431 12567 75%
c w 27707.07  0 46 137 820867  2 31206155 670361 2.4 49 21 1 2 27% 18511431 12567 75%
c x 27713.63  0 46 137 820867  2 31206155 670354 2.4 49 21 1 2 27% 18509324 12567 75%
c t 27713.71  0 46 137 820867  2 31206155 670325 2.4 49 21 1 2 27% 18509165 12567 75%
c W 27796.93  0 30 137 820898  1 31375548 815414 2.2 37 17 1 2 30% 18509165 12567 75%
c ] 27812.13  0 29 137 820913  1 31418348 851241 2.2 35 16 1 2 29% 18509165 12567 75%
c { 27812.13  0 21 137 820913  3 31418348 851241 3.3 30 9 1 2 31% 18509165 12567 75%
c i 27896.47  0 22 137 826994  3 31509413 926800 3.4 32 9 1 2 30% 18509165 12566 75%
c } 27979.48  0 22 137 832787  3 31594879 998109 3.5 33 9 1 2 29% 18509165 12566 75%
c [ 27979.48  0 29 137 832787  1 31594879 998109 2.2 35 16 1 2 29% 18509165 12566 75%
c I 27997.38  0 31 137 832802  2 31626549 1026836 2.3 36 16 1 2 27% 18509165 12566 75%
c 
c   seconds     reductions      conflicts           size   tier2          variables
c            MB       restarts          redundant      glue   trail            remaining
c             level          rate             size/glue  tier1   irredundant
c 
c - 28018.68  0 35 138 832804  2 31662475 654153 2.4 40 17 1 2 28% 18375370 12566 75%
c 2 28018.72  0 35 138 832804  2 31662475 654151 2.4 40 17 1 2 28% 18375368 12566 75%
c d 28019.06  0 35 138 832804  2 31662475 653407 2.4 40 17 1 2 28% 18375366 12564 75%
c p 28020.62  0 35 138 832804  2 31662475 674525 2.4 40 17 1 2 28% 18375366 12564 75%
c 2 28020.67  0 35 138 832804  2 31662475 674522 2.4 40 17 1 2 28% 18375366 12564 75%
c u 28026.95  0 35 138 832804  2 31662475 672863 2.4 40 17 1 2 28% 18375366 12564 75%
c v 28026.98  0 35 138 832804  2 31662475 672862 2.4 40 17 1 2 28% 18375366 12564 75%
c w 28027.09  0 35 138 832804  2 31662475 672862 2.4 40 17 1 2 28% 18375366 12564 75%
c x 28033.43  0 35 138 832804  2 31662475 672855 2.4 40 17 1 2 28% 18372288 12564 75%
c t 28033.51  0 35 138 832804  2 31662475 672819 2.4 40 17 1 2 28% 18372117 12564 75%
c s 28064.00  0 38 138 832826  2 31726653 731084 2.7 48 18 1 2 29% 18345103 12564 75%
c t 28064.22  0 38 138 832826  2 31726653 731083 2.7 48 18 1 2 29% 18344818 12564 75%
c e 28064.64  0 38 138 832826  2 31726653 731063 2.7 48 18 1 2 29% 18344818 12563 75%
c s 28065.19  0 38 138 832826  2 31726653 730823 2.7 48 18 1 2 29% 18321221 12563 75%
c e 28065.55  0 38 138 832826  2 31726653 709668 2.7 48 18 1 2 29% 18320834 12387 73%
c B 28124.64  0 42 138 832867  1 31878550 839532 2.1 49 24 1 2 27% 18320834 12387 73%
c ] 28153.73  0 51 138 832868  1 31943697 897122 1.9 48 26 1 2 26% 18320834 12387 73%
c { 28153.73  0 22 138 832868  3 31943697 897122 3.5 33 9 1 2 29% 18320834 12387 73%
c i 28189.39  0 22 138 834971  3 31983699 927563 3.3 31 9 1 2 31% 18320834 12385 73%
c - 28319.43  0 22 139 843389  3 32121664 640568 3.5 32 9 1 2 30% 18162491 12385 73%
c 
c   seconds     reductions      conflicts           size  tier2          variables
c            MB       restarts          redundant      glue  trail            remaining
c             level          rate             size/glue tier1   irredundant
c 
c 2 28319.48  0 22 139 843389  3 32121664 640532 3.5 32 9 1 2 30% 18162373 12385 73%
c d 28319.86  0 22 139 843389  3 32121664 640139 3.5 32 9 1 2 30% 18162361 12383 73%
c p 28321.33  0 22 139 843389  3 32121664 662346 3.5 32 9 1 2 30% 18162361 12383 73%
c 2 28321.39  0 22 139 843389  3 32121664 662261 3.5 32 9 1 2 30% 18162359 12383 73%
c u 28327.26  0 22 139 843389  3 32121664 660780 3.5 32 9 1 2 30% 18162359 12383 73%
c x 28333.34  0 22 139 843389  3 32121664 660774 3.5 32 9 1 2 30% 18161056 12383 73%
c t 28333.41  0 22 139 843389  3 32121664 660711 3.5 32 9 1 2 30% 18160540 12383 73%
c } 28335.61  0 22 139 843563  3 32123929 662626 3.5 32 9 1 2 30% 18160540 12383 73%
c [ 28335.61  0 51 139 843563  1 32123929 662626 1.9 48 26 1 2 26% 18160540 12383 73%
c W 28361.05  0 49 139 843565  1 32131552 669556 2.0 49 25 1 2 26% 18160540 12383 73%
c O 28442.60  0 25 139 843655  1 32385554 886353 2.4 37 16 1 2 16% 18160540 12383 73%
c ] 28497.46  0 22 139 843690  1 32531955 1009245 2.3 32 14 1 2 17% 18160540 12383 73%
c { 28497.46  0 22 139 843690  3 32531955 1009245 3.5 32 9 1 2 30% 18160540 12383 73%
c i 28512.88  0 21 139 844661  3 32549086 1022028 3.4 31 9 1 2 30% 18160540 12382 73%
c i 28536.43  0 21 139 846249  3 32573393 1041595 3.4 31 9 1 2 31% 18160540 12381 73%
c - 28547.43  0 21 140 846964  3 32583456 632796 3.3 31 9 1 2 31% 17842772 12381 73%
c 2 28547.48  0 21 140 846964  3 32583456 632794 3.3 31 9 1 2 31% 17842770 12381 73%
c d 28547.80  0 21 140 846964  3 32583456 632792 3.3 31 9 1 2 31% 17842765 12380 73%
c p 28549.30  0 21 140 846964  3 32583456 654873 3.3 31 9 1 2 31% 17842765 12380 73%
c 2 28549.35  0 21 140 846964  3 32583456 654800 3.3 31 9 1 2 31% 17842765 12380 73%
c 
c   seconds     reductions      conflicts           size  tier2          variables
c            MB       restarts          redundant      glue  trail            remaining
c             level          rate             size/glue tier1   irredundant
c 
c u 28553.93  0 21 140 846964  3 32583456 653639 3.3 31 9 1 2 31% 17842765 12380 73%
c v 28553.96  0 21 140 846964  3 32583456 653639 3.3 31 9 1 2 31% 17842765 12380 73%
c x 28558.97  0 21 140 846964  3 32583456 653634 3.3 31 9 1 2 31% 17841268 12380 73%
c t 28559.04  0 21 140 846964  3 32583456 653589 3.3 31 9 1 2 31% 17841236 12380 73%
c i 28606.81  0 21 140 850263  3 32637405 697743 3.4 31 9 1 2 31% 17841236 12379 73%
c W 28627.41  0 22 140 850451  3 32640555 694707 3.4 32 9 1 2 31% 17683672 12379 73%
c i 28695.91  0 22 140 855242  3 32719161 759132 3.3 31 9 1 2 30% 17683672 12378 73%
c } 28697.24  0 22 140 855294  3 32720938 760702 3.4 31 9 1 2 30% 17683672 12378 73%
c [ 28697.24  0 22 140 855294  1 32720938 760702 2.3 32 14 1 2 17% 17683672 12378 73%
c t 28756.07  0 38 140 855295  1 32885004 907161 2.2 39 18 1 2 22% 17683672 12378 73%
c e 28756.47  0 38 140 855295  1 32885004 896506 2.2 39 18 1 2 22% 17683610 12367 73%
c ^ 28756.71  0 38 140 855295  1 32885004 896506 2.2 39 18 1 2 22% 17683610 12367 73%
c B 28763.02  0 38 140 855295  1 32896557 907200 2.3 42 18 1 2 22% 17683610 12367 73%
c - 28833.07  0 58 141 855296  2 33047455 621662 1.9 56 29 1 2 27% 17683610 12367 73%
c 2 28833.11  0 58 141 855296  2 33047455 621653 1.9 56 29 1 2 27% 17683610 12367 73%
c p 28834.59  0 58 141 855296  2 33047455 643013 1.9 56 29 1 2 27% 17683610 12367 73%
c u 28859.90  0 58 141 855296  2 33047455 640626 1.9 56 29 1 2 27% 17683666 12367 73%
c v 28859.97  0 58 141 855296  2 33047455 640625 1.9 56 29 1 2 27% 17683666 12367 73%
c w 28860.00  0 58 141 855296  2 33047455 640625 1.9 56 29 1 2 27% 17683666 12367 73%
c t 28860.06  0 58 141 855296  2 33047455 640617 1.9 56 29 1 2 27% 17683626 12367 73%
c 
c   seconds     reductions      conflicts           size   tier2          variables
c            MB       restarts          redundant      glue   trail            remaining
c             level          rate             size/glue  tier1   irredundant
c 
c ] 28877.47  0 52 141 855296  2 33088114 676241 1.9 52 27 1 2 28% 17683626 12367 73%
c { 28877.47  0 22 141 855296  3 33088114 676241 3.4 31 9 1 2 30% 17683626 12367 73%
c i 28877.84  0 22 141 855314  3 33088402 676417 3.4 31 9 1 2 30% 17683626 12366 73%
c i 28901.20  0 22 141 856929  3 33113454 697230 3.4 31 9 1 2 30% 17683626 12365 73%
c F 28934.86  0 22 141 859271  3 33153558 730559 3.4 31 9 1 2 29% 17683626 12365 73%
c i 28947.60  0 21 141 859869  3 33170354 743415 3.3 30 9 1 2 30% 17683626 12361 73%
c } 29046.56  0 23 141 867601  3 33276605 832614 3.4 33 9 1 2 28% 17683626 12361 73%
c [ 29046.56  0 52 141 867601  2 33276605 832614 1.9 52 27 1 2 28% 17683626 12361 73%
c W 29127.08  0 43 141 867618  2 33411559 932242 3.1 62 20 1 2 24% 17241887 12361 73%
c - 29162.18  0 40 142 867660  2 33514188 626581 2.4 48 20 1 2 25% 17241887 12361 73%
c 2 29162.21  0 40 142 867660  2 33514188 626571 2.4 48 20 1 2 25% 17241886 12361 73%
c d 29162.52  0 40 142 867660  2 33514188 626570 2.4 48 20 1 2 25% 17241882 12359 73%
c p 29163.90  0 40 142 867660  2 33514188 647173 2.4 48 20 1 2 25% 17241882 12359 73%
c u 29170.01  0 40 142 867660  2 33514188 645483 2.4 48 20 1 2 25% 17241882 12359 73%
c v 29173.21  0 40 142 867660  2 33514188 644924 2.4 48 20 1 2 25% 17241882 12359 73%
c w 29173.26  0 40 142 867660  2 33514188 644924 2.4 48 20 1 2 25% 17241882 12359 73%
c x 29175.44  0 40 142 867660  2 33514188 644923 2.4 48 20 1 2 25% 17240275 12359 73%
c t 29175.52  0 40 142 867660  2 33514188 644910 2.4 48 20 1 2 25% 17240275 12359 73%
c I 29236.95  0 37 142 867702  2 33670561 782447 2.0 39 19 1 2 22% 17240275 12359 73%
c ] 29237.13  0 37 142 867702  2 33670754 782615 2.0 39 19 1 2 22% 17240275 12359 73%
c 
c   seconds     reductions      conflicts           size  tier2          variables
c            MB       restarts          redundant      glue  trail            remaining
c             level          rate             size/glue tier1   irredundant
c 
c { 29237.13  0 23 142 867702  3 33670754 782615 3.4 33 9 1 2 28% 17240275 12359 73%
c i 29347.11  0 22 142 875064  3 33799702 889846 3.4 32 9 1 2 28% 17240275 12358 73%
c } 29409.84  0 22 142 879345  3 33873351 950812 3.5 32 9 1 2 28% 17240275 12358 73%
c [ 29409.84  0 37 142 879345  2 33873351 950812 2.0 39 19 1 2 22% 17240275 12358 73%
c B 29431.70  0 31 142 879368  2 33930565 1000367 2.2 36 16 1 2 20% 17240275 12358 73%
c - 29470.91  0 32 143 879371  2 33982612 641919 2.7 44 17 1 2 24% 17083804 12358 73%
c 2 29470.95  0 32 143 879371  2 33982612 641917 2.7 44 17 1 2 24% 17083803 12358 73%
c d 29471.27  0 32 143 879371  2 33982612 641917 2.7 44 17 1 2 24% 17083798 12357 73%
c p 29472.62  0 32 143 879371  2 33982612 662364 2.7 44 17 1 2 24% 17083798 12357 73%
c 2 29472.67  0 32 143 879371  2 33982612 662350 2.7 44 17 1 2 24% 17083798 12357 73%
c u 29479.89  0 32 143 879371  2 33982612 659925 2.7 44 17 1 2 24% 17083798 12357 73%
c v 29486.52  0 32 143 879371  2 33982612 659021 2.7 44 17 1 2 24% 17083798 12357 73%
c w 29486.55  0 32 143 879371  2 33982612 659021 2.7 44 17 1 2 24% 17083798 12357 73%
c t 29486.61  0 32 143 879371  2 33982612 658979 2.7 44 17 1 2 24% 17083798 12357 73%
c e 29532.83  0 29 143 879378  2 34058955 666976 2.7 41 15 1 2 27% 17084323 11511 68%
c ^ 29533.29  0 29 143 879378  2 34058955 666976 2.7 41 15 1 2 27% 17084323 11511 68%
c ] 29571.90  0 28 143 879418  1 34166207 759365 2.7 42 16 1 2 20% 17084323 11511 68%
c { 29571.90  0 22 143 879418  3 34166207 759365 3.5 32 9 1 2 33% 17084323 11511 68%
c B 29591.73  0 22 143 880895  3 34191567 780906 3.6 33 9 1 2 32% 17084323 11511 68%
c } 29751.27  0 22 143 892461  3 34371560 931290 3.6 34 9 1 2 30% 17084323 11511 68%
c 
c   seconds     reductions      conflicts           size   tier2          variables
c            MB       restarts          redundant      glue   trail            remaining
c             level          rate             size/glue  tier1   irredundant
c 
c [ 29751.27  0 28 143 892461  1 34371560 931290 2.7 42 16 1 2 20% 17084323 11511 68%
c W 29806.19  0 31 143 892477  1 34453568 1002987 2.7 45 17 1 2 28% 17084323 11511 68%
c - 29807.16  0 31 144 892477  1 34453716 616261 2.7 45 17 1 2 28% 17084323 11511 68%
c 2 29807.19  0 31 144 892477  1 34453716 616241 2.7 45 17 1 2 28% 17084323 11511 68%
c p 29808.50  0 31 144 892477  1 34453716 635581 2.7 45 17 1 2 28% 17084323 11511 68%
c u 29816.53  0 31 144 892477  1 34453716 633131 2.7 45 17 1 2 28% 17084323 11511 68%
c v 29822.38  0 31 144 892477  1 34453716 632342 2.7 45 17 1 2 28% 17084323 11511 68%
c w 29822.39  0 31 144 892477  1 34453716 632342 2.7 45 17 1 2 28% 17084323 11511 68%
c t 29822.45  0 31 144 892477  1 34453716 632315 2.7 45 17 1 2 28% 17084323 11511 68%
c O 29928.11  0 30 144 892541  2 34716570 860381 3.1 50 16 1 2 27% 17084323 11511 68%
c ] 29945.31  0 35 144 892542  2 34765016 901339 2.6 42 17 1 2 23% 17084323 11511 68%
c { 29945.31  0 22 144 892542  3 34765016 901339 3.6 34 9 1 2 30% 17084323 11511 68%
c i 30045.25  0 21 144 899405  3 34882470 999254 3.5 32 9 1 2 29% 17084323 11510 68%
c - 30088.02  0 22 145 902555  3 34928078 618368 3.6 33 9 1 2 28% 17084315 11510 68%
c 2 30088.06  0 22 145 902555  3 34928078 618352 3.6 33 9 1 2 28% 17084315 11510 68%
c p 30089.42  0 22 145 902555  3 34928078 637287 3.6 33 9 1 2 28% 17084315 11510 68%
c u 30095.32  0 22 145 902555  3 34928078 635542 3.6 33 9 1 2 28% 17084315 11510 68%
c v 30098.12  0 22 145 902555  3 34928078 634987 3.6 33 9 1 2 28% 17084315 11510 68%
c w 30098.13  0 22 145 902555  3 34928078 634987 3.6 33 9 1 2 28% 17084315 11510 68%
c x 30102.61  0 22 145 902555  3 34928078 634986 3.6 33 9 1 2 28% 17082728 11510 68%
c 
c   seconds     reductions      conflicts           size  tier2          variables
c            MB       restarts          redundant      glue  trail            remaining
c             level          rate             size/glue tier1   irredundant
c 
c t 30102.67  0 22 145 902555  3 34928078 634962 3.6 33 9 1 2 28% 17082488 11510 68%
c } 30141.28  0 22 145 905434  3 34976560 676279 3.7 34 9 1 2 28% 17082487 11510 68%
c [ 30141.28  0 35 145 905434  2 34976560 676279 2.6 42 17 1 2 23% 17082487 11510 68%
c B 30143.37  0 34 145 905434  2 34980572 679700 2.6 42 16 1 2 23% 17082487 11510 68%
c W 30262.86  0 32 145 905497  2 35245577 911718 2.7 45 17 1 2 29% 17082487 11510 68%
c e 30270.72  0 39 145 905497  2 35259996 797055 2.5 46 19 1 2 28% 17082641 11319 67%
c ^ 30271.00  0 39 145 905497  2 35259996 797055 2.5 46 19 1 2 28% 17082641 11319 67%
c - 30329.67  0 39 146 905556  2 35405691 567825 2.1 45 22 1 2 30% 17082641 11319 67%
c 2 30329.71  0 39 146 905556  2 35405691 567818 2.1 45 22 1 2 30% 17082641 11319 67%
c p 30331.04  0 39 146 905556  2 35405691 583814 2.1 45 22 1 2 30% 17082641 11319 67%
c u 30337.33  0 39 146 905556  2 35405691 582084 2.1 45 22 1 2 30% 17082641 11319 67%
c v 30337.38  0 39 146 905556  2 35405691 582083 2.1 45 22 1 2 30% 17082641 11319 67%
c w 30337.46  0 39 146 905556  2 35405691 582083 2.1 45 22 1 2 30% 17082641 11319 67%
c t 30337.51  0 39 146 905556  2 35405691 582064 2.1 45 22 1 2 30% 17082641 11319 67%
c ] 30338.01  0 39 146 905556  2 35406269 582599 2.1 45 22 1 2 30% 17082641 11319 67%
c { 30338.01  0 22 146 905556  3 35406269 582599 3.7 34 9 1 2 28% 17082641 11319 67%
c W 30427.47  0 23 146 911758  3 35511579 671782 3.7 34 9 1 2 28% 17082640 11319 67%
c } 30522.23  0 22 146 918771  3 35626372 768712 3.6 33 9 1 2 27% 17082640 11319 67%
c [ 30522.23  0 39 146 918771  2 35626372 768712 2.1 45 22 1 2 30% 17082640 11319 67%
c I 30582.53  0 35 146 918790  1 35778581 905652 2.2 39 17 1 2 23% 17082640 11319 67%
c 
c   seconds     reductions      conflicts           size   tier2          variables
c            MB       restarts          redundant      glue   trail            remaining
c             level          rate             size/glue  tier1   irredundant
c 
c - 30619.93  0 33 147 918830  1 35886552 593648 2.3 45 19 1 2 19% 17082640 11319 67%
c p 30621.34  0 33 147 918830  1 35886552 609394 2.3 45 19 1 2 19% 17082640 11319 67%
c u 30627.31  0 33 147 918830  1 35886552 607355 2.3 45 19 1 2 19% 17082640 11319 67%
c v 30630.60  0 33 147 918830  1 35886552 607086 2.3 45 19 1 2 19% 17082640 11319 67%
c w 30630.66  0 33 147 918830  1 35886552 607086 2.3 45 19 1 2 19% 17082640 11319 67%
c x 30635.24  0 33 147 918830  1 35886552 607084 2.3 45 19 1 2 19% 17080714 11319 67%
c t 30635.30  0 33 147 918830  1 35886552 607068 2.3 45 19 1 2 19% 17080639 11319 67%
c B 30679.49  0 30 147 918876  1 36046582 750336 2.3 41 18 1 2 15% 17080639 11319 67%
c ] 30688.39  0 34 147 918885  1 36070877 772087 2.3 44 20 1 2 19% 17080639 11319 67%
c { 30688.39  0 22 147 918885  3 36070877 772087 3.6 33 9 1 2 27% 17080639 11319 67%
c } 30871.94  0 22 147 932394  3 36282937 950507 3.5 33 9 1 2 27% 17080639 11319 67%
c [ 30871.94  0 34 147 932394  1 36282937 950507 2.3 44 20 1 2 19% 17080639 11319 67%
c W 30901.48  0 30 147 932409  1 36315585 977364 2.2 39 17 1 2 19% 17080639 11319 67%
c - 30939.50  0 37 148 932412  1 36370670 613524 2.0 38 19 1 2 19% 17080639 11319 67%
c p 30940.83  0 37 148 932412  1 36370670 629285 2.0 38 19 1 2 19% 17080639 11319 67%
c u 30960.11  0 37 148 932412  1 36370670 627519 2.0 38 19 1 2 19% 17080639 11319 67%
c v 30963.12  0 37 148 932412  1 36370670 627061 2.0 38 19 1 2 19% 17080639 11319 67%
c w 30963.14  0 37 148 932412  1 36370670 627061 2.0 38 19 1 2 19% 17080639 11319 67%
c x 30967.09  0 37 148 932412  1 36370670 627056 2.0 38 19 1 2 19% 17079843 11319 67%
c t 30967.14  0 37 148 932412  1 36370670 627040 2.0 38 19 1 2 19% 17079453 11319 67%
c 
c   seconds     reductions      conflicts           size   tier2          variables
c            MB       restarts          redundant      glue   trail            remaining
c             level          rate             size/glue  tier1   irredundant
c 
c e 31051.76  0 31 148 932413  1 36484909 617117 2.6 46 17 1 2 26% 17081022 10599 63%
c ^ 31052.16  0 31 148 932413  1 36484909 617117 2.6 46 17 1 2 26% 17081022 10599 63%
c ] 31076.28  0 30 148 932413  1 36526703 651592 2.5 43 17 1 2 26% 17081022 10599 63%
c { 31076.28  0 22 148 932413  3 36526703 651592 3.5 33 9 1 2 27% 17081022 10599 63%
c # 31120.93  0 23 148 935554  3 36585586 702015 3.6 33 9 1 2 26% 17081022 10599 63%
c i 31214.36  0 22 148 942260  3 36705273 802855 3.5 32 9 1 2 26% 17081022 10598 63%
c i 31252.15  0 22 148 945278  3 36747857 838696 3.5 32 9 1 2 26% 17081022 10597 63%
c } 31255.26  0 22 148 945528  3 36750943 841344 3.5 32 9 1 2 26% 17081022 10597 63%
c [ 31255.26  0 30 148 945528  1 36750943 841344 2.5 43 17 1 2 26% 17081022 10597 63%
c O 31290.92  0 27 148 945529  1 36856587 929392 2.3 36 16 1 2 18% 17081022 10597 63%
c - 31292.60  0 27 149 945529  1 36858036 550640 2.3 36 16 1 2 18% 16923358 10597 63%
c 2 31292.64  0 27 149 945529  1 36858036 550625 2.3 36 16 1 2 18% 16923357 10597 63%
c d 31292.96  0 27 149 945529  1 36858036 550595 2.3 36 16 1 2 18% 16923355 10596 63%
c p 31294.53  0 27 149 945529  1 36858036 563897 2.3 36 16 1 2 18% 16923355 10595 63%
c u 31304.85  0 27 149 945529  1 36858036 561212 2.3 36 16 1 2 18% 16923383 10595 63%
c v 31308.30  0 27 149 945529  1 36858036 560724 2.3 36 16 1 2 18% 16923383 10595 63%
c w 31308.31  0 27 149 945529  1 36858036 560724 2.3 36 16 1 2 18% 16923383 10595 63%
c x 31313.18  0 27 149 945529  1 36858036 560724 2.3 36 16 1 2 18% 16922538 10595 63%
c t 31313.24  0 27 149 945529  1 36858036 560686 2.3 36 16 1 2 18% 16922356 10595 63%
c i 31393.83  0 25 149 945529  1 37059045 732255 2.3 33 15 1 2 16% 16922356 10593 63%
c 
c   seconds     reductions      conflicts           size   tier2          variables
c            MB       restarts          redundant      glue   trail            remaining
c             level          rate             size/glue  tier1   irredundant
c 
c ] 31424.44  0 39 149 945530  1 37118671 786313 2.3 43 19 1 2 22% 16922355 10593 63%
c { 31424.44  0 22 149 945530  3 37118671 786313 3.5 32 9 1 2 26% 16922355 10593 63%
c B 31431.84  0 22 149 945998  3 37128589 794681 3.5 32 9 1 2 27% 16922354 10593 63%
c - 31609.06  0 21 150 958378  3 37348052 528794 3.5 32 9 1 2 27% 16900908 10593 63%
c 2 31609.09  0 21 150 958378  3 37348052 528790 3.5 32 9 1 2 27% 16900906 10593 63%
c d 31609.40  0 21 150 958378  3 37348052 528644 3.5 32 9 1 2 27% 16900894 10590 63%
c p 31610.69  0 21 150 958378  3 37348052 541552 3.5 32 9 1 2 27% 16900894 10590 63%
c 2 31610.73  0 21 150 958378  3 37348052 541536 3.5 32 9 1 2 27% 16900894 10590 63%
c u 31617.29  0 21 150 958378  3 37348052 539579 3.5 32 9 1 2 27% 16900894 10590 63%
c v 31617.31  0 21 150 958378  3 37348052 539578 3.5 32 9 1 2 27% 16900894 10590 63%
c w 31617.31  0 21 150 958378  3 37348052 539578 3.5 32 9 1 2 27% 16900894 10590 63%
c x 31623.11  0 21 150 958378  3 37348052 539576 3.5 32 9 1 2 27% 16898831 10590 63%
c t 31623.18  0 21 150 958378  3 37348052 539533 3.5 32 9 1 2 27% 16898677 10590 63%
c } 31623.21  0 21 150 958378  3 37348055 539536 3.5 32 9 1 2 27% 16898677 10590 63%
c [ 31623.21  0 39 150 958378  1 37348055 539536 2.3 43 19 1 2 22% 16898677 10590 63%
c B 31645.99  0 46 150 958378  1 37401590 589306 2.5 50 20 1 2 24% 16898677 10590 63%
c W 31790.80  0 79 150 958378  1 37675591 833747 1.7 60 35 1 2 20% 16898677 10590 63%
c e 31818.87  0 66 150 958378  1 37742111 576798 1.9 56 30 1 2 23% 16904648 9427 56%
c ^ 31819.41  0 66 150 958378  1 37742111 576798 1.9 56 30 1 2 23% 16904648 9427 56%
c ] 31840.25  0 65 150 958378  2 37793647 622569 1.8 50 28 1 2 30% 16904648 9427 56%
c 
c   seconds     reductions      conflicts           size  tier2         variables
c            MB       restarts          redundant      glue  trail           remaining
c             level          rate             size/glue tier1   irredundant
c 
c { 31840.25  0 21 150 958378  3 37793647 622569 3.5 32 9 1 2 33% 16904648 9427 56%
c - 31879.51  0 22 151 961128  3 37841219 445524 3.6 33 9 1 2 31% 16904648 9427 56%
c 2 31879.55  0 22 151 961128  3 37841219 445517 3.6 33 9 1 2 31% 16904648 9427 56%
c p 31880.79  0 22 151 961128  3 37841219 454663 3.6 33 9 1 2 31% 16904648 9427 56%
c u 31885.21  0 22 151 961128  3 37841219 453231 3.6 33 9 1 2 31% 16904648 9427 56%
c v 31885.21  0 22 151 961128  3 37841219 453230 3.6 33 9 1 2 31% 16904648 9427 56%
c w 31885.23  0 22 151 961128  3 37841219 453230 3.6 33 9 1 2 31% 16904648 9427 56%
c x 31889.45  0 22 151 961128  3 37841219 453225 3.6 33 9 1 2 31% 16903317 9427 56%
c t 31889.51  0 22 151 961128  3 37841219 453217 3.6 33 9 1 2 31% 16902724 9427 56%
c W 31982.36  0 23 151 968149  3 37950595 547241 3.7 34 9 1 2 30% 16902722 9427 56%
c } 32039.26  0 23 151 972619  3 38023652 608996 3.7 34 9 1 2 29% 16902722 9427 56%
c [ 32039.26  0 65 151 972619  2 38023652 608996 1.8 50 28 1 2 30% 16902722 9427 56%
c I 32116.79  0 29 151 972620  1 38226598 789441 2.7 45 17 1 2 29% 16902722 9427 56%
c - 32162.71  0 29 152 972620  2 38337648 503141 2.9 48 17 1 2 29% 16902722 9427 56%
c d 32163.06  0 29 152 972620  2 38337648 502264 2.9 48 17 1 2 29% 16902722 9426 56%
c p 32164.31  0 29 152 972620  2 38337648 510623 2.9 48 17 1 2 29% 16902722 9426 56%
c u 32169.94  0 29 152 972620  2 38337648 508849 2.9 48 17 1 2 29% 16902722 9426 56%
c v 32172.97  0 29 152 972620  2 38337648 508701 2.9 48 17 1 2 29% 16902722 9426 56%
c w 32173.01  0 29 152 972620  2 38337648 508701 2.9 48 17 1 2 29% 16902722 9426 56%
c x 32177.42  0 29 152 972620  2 38337648 508692 2.9 48 17 1 2 29% 16901111 9426 56%
c 
c   seconds     reductions      conflicts           size   tier2         variables
c            MB       restarts          redundant      glue   trail           remaining
c             level          rate             size/glue  tier1   irredundant
c 
c t 32177.48  0 29 152 972620  2 38337648 508683 2.9 48 17 1 2 29% 16900905 9426 56%
c ] 32211.59  0 35 152 972620  2 38427872 589711 3.1 55 18 1 2 25% 16900905 9426 56%
c { 32211.59  0 23 152 972620  3 38427872 589711 3.7 34 9 1 2 29% 16900905 9426 56%
c F 32268.96  0 22 152 977043  3 38503599 653951 3.7 34 9 1 2 29% 16900903 9426 56%
c } 32396.97  0 22 152 987254  3 38661873 786148 3.6 33 9 1 2 29% 16900902 9426 56%
c [ 32396.97  0 35 152 987254  2 38661873 786148 3.1 55 18 1 2 25% 16900902 9426 56%
c B 32447.17  0 28 152 987254  2 38781601 889248 2.5 37 15 1 2 20% 16900902 9426 56%
c - 32470.48  0 37 153 987254  2 38837314 531472 2.5 50 20 1 2 25% 16900902 9426 56%
c p 32472.47  0 37 153 987254  2 38837314 539599 2.5 50 20 1 2 25% 16900902 9425 56%
c u 32478.90  0 37 153 987254  2 38837314 537708 2.5 50 20 1 2 25% 16900902 9425 56%
c v 32482.18  0 37 153 987254  2 38837314 537581 2.5 50 20 1 2 25% 16900902 9425 56%
c w 32482.27  0 37 153 987254  2 38837314 537580 2.5 50 20 1 2 25% 16900902 9425 56%
c x 32486.14  0 37 153 987254  2 38837314 537574 2.5 50 20 1 2 25% 16900245 9425 56%
c t 32486.22  0 37 153 987254  2 38837314 537564 2.5 50 20 1 2 25% 16900114 9425 56%
c e 32561.20  0 38 153 987254  1 39039112 449392 2.0 44 22 1 2 27% 16909875 8577 51%
c W 32600.40  0 37 153 987254  1 39060604 467777 1.9 42 22 1 2 27% 16909875 8577 51%
c ] 32603.56  0 38 153 987254  1 39071741 477630 1.9 42 22 1 2 27% 16909875 8577 51%
c { 32603.56  0 22 153 987254  3 39071741 477630 3.6 33 9 1 2 29% 16909875 8577 51%
c } 32785.04  0 23 153 1001443  3 39320355 689285 3.7 34 9 1 2 27% 16909869 8577 51%
c [ 32785.04  0 38 153 1001443  1 39320355 689285 1.9 42 22 1 2 27% 16909869 8577 51%
c 
c   seconds     reductions       conflicts           size   tier2         variables
c            MB        restarts          redundant      glue   trail           remaining
c             level           rate             size/glue  tier1   irredundant
c 
c - 32794.52  0 36 154 1001443  1 39340215 414910 1.9 38 20 1 2 26% 16909869 8577 51%
c 2 32794.56  0 36 154 1001443  1 39340215 414904 1.9 38 20 1 2 26% 16909869 8577 51%
c p 32795.73  0 36 154 1001443  1 39340215 420505 1.9 38 20 1 2 26% 16909869 8577 51%
c u 32801.60  0 36 154 1001443  1 39340215 418684 1.9 38 20 1 2 26% 16909869 8577 51%
c v 32804.70  0 36 154 1001443  1 39340215 418486 1.9 38 20 1 2 26% 16909869 8577 51%
c w 32804.75  0 36 154 1001443  1 39340215 418486 1.9 38 20 1 2 26% 16909869 8577 51%
c x 32808.86  0 36 154 1001443  1 39340215 418481 1.9 38 20 1 2 26% 16908745 8577 51%
c t 32808.93  0 36 154 1001443  1 39340215 418467 1.9 38 20 1 2 26% 16908678 8577 51%
c O 32809.17  0 36 154 1001443  1 39340606 418829 2.0 38 20 1 2 26% 16908678 8577 51%
c B 32938.41  0 49 154 1001444  1 39621607 669032 2.0 48 25 1 2 13% 16908678 8577 51%
c ] 32963.13  0 48 154 1001444  1 39657883 699333 1.9 42 22 1 2 15% 16908678 8577 51%
c { 32963.13  0 23 154 1001444  3 39657883 699333 3.7 34 9 1 2 27% 16908678 8577 51%
c - 33118.49  0 23 155 1013242  3 39846400 463636 3.7 34 9 1 2 27% 16908677 8577 51%
c p 33119.73  0 23 155 1013242  3 39846400 468940 3.7 34 9 1 2 27% 16908677 8577 51%
c u 33126.17  0 23 155 1013242  3 39846400 466212 3.7 34 9 1 2 27% 16908677 8577 51%
c v 33129.58  0 23 155 1013242  3 39846400 465898 3.7 34 9 1 2 27% 16908677 8577 51%
c w 33129.59  0 23 155 1013242  3 39846400 465898 3.7 34 9 1 2 27% 16908677 8577 51%
c x 33134.42  0 23 155 1013242  3 39846400 465896 3.7 34 9 1 2 27% 16907276 8577 51%
c t 33134.49  0 23 155 1013242  3 39846400 465882 3.7 34 9 1 2 27% 16907225 8577 51%
c } 33167.81  0 22 155 1015717  3 39895027 507069 3.7 33 9 1 2 27% 16907224 8577 51%
c 
c   seconds     reductions       conflicts           size   tier2         variables
c            MB        restarts          redundant      glue   trail           remaining
c             level           rate             size/glue  tier1   irredundant
c 
c [ 33167.81  0 48 155 1015717  1 39895027 507069 1.9 42 22 1 2 15% 16907224 8577 51%
c W 33201.13  0 46 155 1015717  1 39903608 514679 1.9 42 22 1 2 16% 16907224 8577 51%
c I 33316.50  0 48 155 1015717  1 40186609 769974 2.0 43 22 1 2 16% 16907224 8577 51%
c ] 33377.83  0 55 155 1015717  1 40353750 919955 2.1 58 28 1 2 27% 16907224 8577 51%
c { 33377.83  0 22 155 1015717  3 40353750 919955 3.7 33 9 1 2 27% 16907224 8577 51%
c - 33381.10  0 22 156 1015899  3 40355829 481588 3.7 33 9 1 2 27% 16907224 8577 51%
c p 33382.31  0 22 156 1015899  3 40355829 486799 3.7 33 9 1 2 27% 16907224 8577 51%
c u 33397.91  0 22 156 1015899  3 40355829 485273 3.7 33 9 1 2 27% 16907224 8577 51%
c v 33400.10  0 22 156 1015899  3 40355829 485075 3.7 33 9 1 2 27% 16907224 8577 51%
c x 33402.90  0 22 156 1015899  3 40355829 485075 3.7 33 9 1 2 27% 16906944 8577 51%
c t 33402.96  0 22 156 1015899  3 40355829 485059 3.7 33 9 1 2 27% 16906856 8577 51%
c e 33417.82  0 22 156 1017110  3 40374415 500563 3.7 34 9 1 2 27% 16906952 8569 51%
c s 33417.88  0 22 156 1017110  3 40374415 500284 3.7 34 9 1 2 27% 16906358 8569 51%
c e 33418.09  0 22 156 1017110  3 40374415 495451 3.7 34 9 1 2 27% 16906676 8543 51%
c B 33490.48  0 22 156 1022917  3 40470613 577466 3.8 34 9 1 2 27% 16906675 8543 51%
c i 33555.78  0 22 156 1028297  3 40555632 649418 3.7 34 9 1 2 27% 16906675 8542 51%
c } 33587.71  0 22 156 1030740  3 40594458 682499 3.8 35 9 1 2 27% 16906675 8542 51%
c [ 33587.71  0 55 156 1030740  1 40594458 682499 2.1 58 28 1 2 27% 16906675 8542 51%
c B 33662.16  0 62 156 1030740  1 40755614 827558 1.9 58 30 1 2 24% 16906675 8542 51%
c - 33712.45  0 41 157 1030740  1 40868496 491042 2.1 48 23 1 2 23% 16747084 8542 51%
c 
c   seconds     reductions       conflicts           size   tier2         variables
c            MB        restarts          redundant      glue   trail           remaining
c             level           rate             size/glue  tier1   irredundant
c 
c 2 33712.48  0 41 157 1030740  1 40868496 491041 2.1 48 23 1 2 23% 16747082 8542 51%
c p 33713.66  0 41 157 1030740  1 40868496 495827 2.1 48 23 1 2 23% 16747082 8542 51%
c u 33720.52  0 41 157 1030740  1 40868496 493505 2.1 48 23 1 2 23% 16747082 8542 51%
c v 33723.99  0 41 157 1030740  1 40868496 493113 2.1 48 23 1 2 23% 16747082 8542 51%
c w 33724.02  0 41 157 1030740  1 40868496 493113 2.1 48 23 1 2 23% 16747082 8542 51%
c x 33729.26  0 41 157 1030740  1 40868496 493110 2.1 48 23 1 2 23% 16745053 8542 51%
c t 33729.32  0 41 157 1030740  1 40868496 493091 2.1 48 23 1 2 23% 16745033 8542 51%
c ] 33753.38  0 37 157 1030740  1 40929403 545408 2.1 44 21 1 2 24% 16745033 8542 51%
c { 33753.38  0 22 157 1030740  3 40929403 545408 3.8 35 9 1 2 27% 16745033 8542 51%
c W 33862.55  0 22 157 1036582  3 41041616 639997 3.7 34 9 1 2 27% 16745032 8542 51%
c } 33978.89  0 23 157 1046216  3 41187326 763697 3.8 35 9 1 2 27% 16745032 8542 51%
c [ 33978.89  0 37 157 1046216  1 41187326 763697 2.1 44 21 1 2 24% 16745032 8542 51%
c W 34061.51  0 32 157 1046216  1 41328618 890185 2.4 40 17 1 2 19% 16745032 8542 51%
c - 34085.18  0 36 158 1046216  1 41383749 512409 2.2 41 19 1 2 16% 16745032 8542 51%
c p 34086.36  0 36 158 1046216  1 41383749 516993 2.2 41 19 1 2 16% 16745032 8542 51%
c c 34088.77  0 36 158 1046216  1 41383749 516993 2.2 41 19 1 2 16% 16745062 8542 51%
c d 34089.12  0 36 158 1046216  1 41383749 516989 2.2 41 19 1 2 16% 16745060 8541 51%
c 2 34089.19  0 36 158 1046216  1 41383749 516981 2.2 41 19 1 2 16% 16745058 8541 51%
c u 34096.09  0 36 158 1046216  1 41383749 514004 2.2 41 19 1 2 16% 16745058 8541 51%
c v 34104.16  0 36 158 1046216  1 41383749 513018 2.2 41 19 1 2 16% 16745058 8541 51%
c 
c   seconds     reductions       conflicts           size   tier2         variables
c            MB        restarts          redundant      glue   trail           remaining
c             level           rate             size/glue  tier1   irredundant
c 
c w 34104.24  0 36 158 1046216  1 41383749 513016 2.2 41 19 1 2 16% 16745058 8541 51%
c t 34104.29  0 36 158 1046216  1 41383749 513002 2.2 41 19 1 2 16% 16745031 8541 51%
c ] 34161.48  0 44 158 1046216  1 41472084 589062 1.9 44 23 1 2 17% 16745031 8541 51%
c { 34161.48  0 23 158 1046216  3 41472084 589062 3.8 35 9 1 2 27% 16745031 8541 51%
c # 34273.77  0 23 158 1055235  3 41616619 711326 3.7 34 9 1 2 27% 16745031 8541 51%
c } 34354.02  0 22 158 1061431  3 41721332 799689 3.6 33 9 1 2 26% 16745031 8541 51%
c [ 34354.02  0 44 158 1061431  1 41721332 799689 1.9 44 23 1 2 17% 16745031 8541 51%
c t 34360.56  0 43 158 1061431  1 41732286 809170 1.9 43 22 1 2 18% 16745031 8541 51%
c e 34360.93  0 43 158 1061431  1 41732286 798998 1.9 43 22 1 2 18% 16745043 8537 51%
c s 34360.99  0 43 158 1061431  1 41732286 798525 1.9 43 22 1 2 18% 16744912 8537 51%
c e 34361.21  0 43 158 1061431  1 41732286 796577 1.9 43 22 1 2 18% 16744917 8535 51%
c - 34435.92  0 50 159 1061431  1 41902231 523988 2.0 47 24 1 2 19% 16744917 8535 51%
c 2 34435.95  0 50 159 1061431  1 41902231 523987 2.0 47 24 1 2 19% 16744917 8535 51%
c p 34437.18  0 50 159 1061431  1 41902231 528059 2.0 47 24 1 2 19% 16744917 8535 51%
c u 34444.34  0 50 159 1061431  1 41902231 525849 2.0 47 24 1 2 19% 16744917 8535 51%
c v 34447.87  0 50 159 1061431  1 41902231 525402 2.0 47 24 1 2 19% 16744917 8535 51%
c w 34447.87  0 50 159 1061431  1 41902231 525402 2.0 47 24 1 2 19% 16744917 8535 51%
c x 34452.64  0 50 159 1061431  1 41902231 525400 2.0 47 24 1 2 19% 16743479 8535 51%
c t 34452.71  0 50 159 1061431  1 41902231 525384 2.0 47 24 1 2 19% 16743325 8535 51%
c O 34454.65  0 49 159 1061431  1 41905622 528392 2.0 47 24 1 2 19% 16743325 8535 51%
c 
c   seconds     reductions       conflicts           size   tier2         variables
c            MB        restarts          redundant      glue   trail           remaining
c             level           rate             size/glue  tier1   irredundant
c 
c ] 34540.87  0 43 159 1061431  1 42131617 728500 1.9 43 22 1 2 13% 16743325 8535 51%
c { 34540.87  0 22 159 1061431  3 42131617 728500 3.6 33 9 1 2 26% 16743325 8535 51%
c B 34589.89  0 22 159 1065056  3 42195623 782377 3.7 34 9 1 2 26% 16743324 8535 51%
c } 34741.16  0 22 159 1076433  3 42376648 935600 3.7 35 9 1 2 26% 16743322 8535 51%
c [ 34741.16  0 43 159 1076433  1 42376648 935600 1.9 43 22 1 2 13% 16743322 8535 51%
c - 34758.72  0 34 160 1076433  1 42423948 538825 2.0 36 18 1 2 14% 16743322 8535 51%
c p 34759.92  0 34 160 1076433  1 42423948 542856 2.0 36 18 1 2 14% 16743322 8535 51%
c u 34766.09  0 34 160 1076433  1 42423948 540738 2.0 36 18 1 2 14% 16743322 8535 51%
c v 34769.43  0 34 160 1076433  1 42423948 540384 2.0 36 18 1 2 14% 16743322 8535 51%
c w 34769.51  0 34 160 1076433  1 42423948 540384 2.0 36 18 1 2 14% 16743322 8535 51%
c x 34774.04  0 34 160 1076433  1 42423948 540381 2.0 36 18 1 2 14% 16742174 8535 51%
c t 34774.09  0 34 160 1076433  1 42423948 540362 2.0 36 18 1 2 14% 16742120 8535 51%
c B 34799.70  0 38 160 1076433  1 42486625 597987 2.1 36 17 1 2 14% 16742120 8535 51%
c W 34979.93  0 55 160 1076433  1 42778627 859718 1.8 46 26 1 2 15% 16742120 8535 51%
c ] 34982.30  0 54 160 1076433  1 42782985 863634 1.8 45 26 1 2 15% 16742120 8535 51%
c { 34982.30  0 22 160 1076433  3 42782985 863634 3.7 35 9 1 2 26% 16742120 8535 51%
c - 35120.70  0 22 161 1085707  3 42948899 552183 3.6 33 9 1 2 26% 16742117 8535 51%
c p 35121.91  0 22 161 1085707  3 42948899 556227 3.6 33 9 1 2 26% 16742117 8535 51%
c u 35128.03  0 22 161 1085707  3 42948899 554363 3.6 33 9 1 2 26% 16742117 8535 51%
c v 35131.03  0 22 161 1085707  3 42948899 554039 3.6 33 9 1 2 26% 16742117 8535 51%
c 
c   seconds     reductions       conflicts           size  tier2         variables
c            MB        restarts          redundant      glue  trail           remaining
c             level           rate             size/glue tier1   irredundant
c 
c x 35134.31  0 22 161 1085707  3 42948899 554038 3.6 33 9 1 2 26% 16740461 8535 51%
c t 35134.37  0 22 161 1085707  3 42948899 554022 3.6 33 9 1 2 26% 16740460 8535 51%
c } 35197.13  0 22 161 1090810  3 43034676 626492 3.5 32 9 1 2 26% 16740460 8535 51%
c [ 35197.13  0 54 161 1090810  1 43034676 626492 1.8 45 26 1 2 15% 16740460 8535 51%
c I 35216.60  0 52 161 1090810  1 43071628 659610 1.8 43 24 1 2 16% 16740460 8535 51%
c e 35236.01  0 56 161 1090810  1 43110480 694295 1.9 48 25 1 2 17% 16740476 8533 51%
c s 35236.06  0 56 161 1090810  1 43110480 694287 1.9 48 25 1 2 17% 16740465 8533 51%
c e 35236.26  0 56 161 1090810  1 43110480 693850 1.9 48 25 1 2 17% 16740476 8531 51%
c B 35330.75  0 32 161 1090864  1 43365629 917044 2.2 41 19 1 2 16% 16740476 8531 51%
c ] 35352.95  0 30 161 1090873  1 43416559 960993 2.3 39 17 1 2 16% 16740476 8531 51%
c { 35352.95  0 22 161 1090873  3 43416559 960993 3.5 32 9 1 2 26% 16740476 8531 51%
c - 35401.52  0 21 162 1094075  3 43477081 554211 3.4 31 9 1 2 26% 16740476 8531 51%
c p 35402.72  0 21 162 1094075  3 43477081 558223 3.4 31 9 1 2 26% 16740476 8531 51%
c u 35409.79  0 21 162 1094075  3 43477081 555398 3.4 31 9 1 2 26% 16740476 8531 51%
c v 35415.98  0 21 162 1094075  3 43477081 554481 3.4 31 9 1 2 26% 16740476 8531 51%
c t 35416.05  0 21 162 1094075  3 43477081 554473 3.4 31 9 1 2 26% 16740476 8531 51%
c i 35447.21  0 21 162 1096607  3 43518831 589372 3.4 31 9 1 2 25% 16740476 8530 51%
c W 35598.84  0 22 162 1106293  3 43660631 703933 3.4 32 9 1 2 25% 16740460 8530 51%
c } 35605.14  0 22 162 1106818  3 43669694 711438 3.4 32 9 1 2 25% 16740460 8530 51%
c [ 35605.14  0 30 162 1106818  1 43669694 711438 2.3 39 17 1 2 16% 16740460 8530 51%
c 
c   seconds     reductions       conflicts           size   tier2         variables
c            MB        restarts          redundant      glue   trail           remaining
c             level           rate             size/glue  tier1   irredundant
c 
c W 35693.85  0 32 162 1106883  1 43956633 956767 2.2 37 17 1 2 24% 16740460 8530 51%
c - 35717.21  0 38 163 1106910  1 44008493 556786 2.3 43 19 1 2 24% 16740460 8530 51%
c 2 35717.25  0 38 163 1106910  1 44008493 556785 2.3 43 19 1 2 24% 16740460 8530 51%
c p 35718.39  0 38 163 1106910  1 44008493 560731 2.3 43 19 1 2 24% 16740460 8530 51%
c u 35726.24  0 38 163 1106910  1 44008493 558952 2.3 43 19 1 2 24% 16740494 8530 51%
c v 35728.91  0 38 163 1106910  1 44008493 558553 2.3 43 19 1 2 24% 16740494 8530 51%
c w 35728.92  0 38 163 1106910  1 44008493 558553 2.3 43 19 1 2 24% 16740494 8530 51%
c x 35732.84  0 38 163 1106910  1 44008493 558550 2.3 43 19 1 2 24% 16738915 8530 51%
c t 35732.90  0 38 163 1106910  1 44008493 558528 2.3 43 19 1 2 24% 16738836 8530 51%
c ] 35788.81  0 38 163 1106947  1 44158611 690550 2.2 46 21 1 2 25% 16738836 8530 51%
c { 35788.81  0 22 163 1106947  3 44158611 690550 3.4 32 9 1 2 25% 16738836 8530 51%
c F 35860.72  0 21 163 1112597  3 44253634 769325 3.5 32 9 1 2 26% 16738836 8530 51%
c } 35986.87  0 21 163 1122432  3 44414375 902578 3.4 31 9 1 2 26% 16738835 8530 51%
c [ 35986.87  0 38 163 1122432  1 44414375 902578 2.2 46 21 1 2 25% 16738835 8530 51%
c e 36025.82  0 28 163 1122471  1 44510589 955901 2.2 37 16 1 2 20% 16738843 8527 51%
c s 36025.87  0 28 163 1122471  1 44510589 955830 2.2 37 16 1 2 20% 16738819 8527 51%
c - 36039.30  0 29 164 1122485  1 44543147 562469 2.3 36 16 1 2 18% 16738819 8527 51%
c p 36040.52  0 29 164 1122485  1 44543147 566424 2.3 36 16 1 2 18% 16738819 8527 51%
c u 36047.08  0 29 164 1122485  1 44543147 564037 2.3 36 16 1 2 18% 16738819 8527 51%
c v 36050.41  0 29 164 1122485  1 44543147 563549 2.3 36 16 1 2 18% 16738819 8527 51%
c 
c   seconds     reductions       conflicts           size   tier2         variables
c            MB        restarts          redundant      glue   trail           remaining
c             level           rate             size/glue  tier1   irredundant
c 
c w 36050.42  0 29 164 1122485  1 44543147 563548 2.3 36 16 1 2 18% 16738819 8527 51%
c x 36055.07  0 29 164 1122485  1 44543147 563547 2.3 36 16 1 2 18% 16737701 8527 51%
c t 36055.12  0 29 164 1122485  1 44543147 563539 2.3 36 16 1 2 18% 16737662 8527 51%
c O 36058.85  0 29 164 1122490  1 44551635 571405 2.3 35 15 1 2 18% 16737662 8527 51%
c ] 36168.64  0 38 164 1122502  1 44822892 809635 1.9 38 20 1 2 15% 16737662 8527 51%
c { 36168.64  0 21 164 1122502  3 44822892 809635 3.4 31 9 1 2 26% 16737662 8527 51%
c B 36190.90  0 21 164 1124213  3 44850636 833016 3.5 32 9 1 2 27% 16737662 8527 51%
c } 36372.23  0 21 164 1138012  3 45078457 1021820 3.5 32 9 1 2 26% 16737662 8527 51%
c [ 36372.23  0 38 164 1138012  1 45078457 1021820 1.9 38 20 1 2 15% 16737662 8527 51%
c - 36373.99  0 38 165 1138012  1 45081030 582727 1.9 38 20 1 2 16% 16737662 8527 51%
c p 36375.17  0 38 165 1138012  1 45081030 586642 1.9 38 20 1 2 16% 16737662 8527 51%
c = 36389.88  0 38 165 1138012  1 45081030 586636 1.9 38 20 1 2 16% 16737649 8525 51%
c u 36396.54  0 38 165 1138012  1 45081030 584603 1.9 38 20 1 2 16% 16737649 8525 51%
c v 36400.23  0 38 165 1138012  1 45081030 584062 1.9 38 20 1 2 16% 16737649 8525 51%
c w 36400.25  0 38 165 1138012  1 45081030 584061 1.9 38 20 1 2 16% 16737649 8525 51%
c x 36404.90  0 38 165 1138012  1 45081030 584057 1.9 38 20 1 2 16% 16736010 8525 51%
c t 36404.95  0 38 165 1138012  1 45081030 584042 1.9 38 20 1 2 16% 16735850 8525 51%
c B 36425.55  0 38 165 1138036  1 45150640 646346 2.0 40 20 1 2 17% 16735850 8525 51%
c W 36566.06  0 30 165 1138131  1 45451642 901530 2.0 36 17 1 2 20% 16735850 8525 51%
c ] 36623.52  0 30 165 1138163  1 45606089 1037346 2.3 38 17 1 2 20% 16735850 8525 51%
c 
c   seconds     reductions       conflicts            size  tier2         variables
c            MB        restarts           redundant      glue  trail           remaining
c             level           rate              size/glue tier1   irredundant
c 
c { 36623.52  0 21 165 1138163  3 45606089 1037346 3.5 32 9 1 2 26% 16735850 8525 51%
c - 36637.27  0 21 166 1138963  3 45622148 579962 3.5 32 9 1 2 26% 16735850 8525 51%
c 2 36637.32  0 21 166 1138963  3 45622148 579931 3.5 32 9 1 2 26% 16735850 8525 51%
c p 36638.52  0 21 166 1138963  3 45622148 583872 3.5 32 9 1 2 26% 16735850 8525 51%
c u 36642.91  0 21 166 1138963  3 45622148 582738 3.5 32 9 1 2 26% 16735850 8525 51%
c v 36644.99  0 21 166 1138963  3 45622148 582480 3.5 32 9 1 2 26% 16735850 8525 51%
c x 36647.56  0 21 166 1138963  3 45622148 582480 3.5 32 9 1 2 26% 16735346 8525 51%
c t 36647.60  0 21 166 1138963  3 45622148 582469 3.5 32 9 1 2 26% 16735205 8525 51%
c W 36755.16  0 21 166 1147082  3 45753643 692160 3.5 32 9 1 2 26% 16735204 8525 51%
c } 36844.89  0 21 166 1154102  3 45872128 789809 3.4 31 9 1 2 26% 16735204 8525 51%
c [ 36844.89  0 30 166 1154102  1 45872128 789809 2.3 38 17 1 2 20% 16735204 8525 51%
c e 36866.99  0 30 166 1154124  1 45932643 842161 2.8 46 16 1 2 22% 16735204 8524 51%
c s 36867.04  0 30 166 1154124  1 45932643 842132 2.8 46 16 1 2 22% 16735187 8524 51%
c I 36917.42  0 38 166 1154162  2 46056645 950605 2.5 50 20 1 2 24% 16735187 8524 51%
c - 36968.27  0 26 167 1154196  2 46166495 581669 3.0 45 15 1 2 25% 16735187 8524 51%
c p 36969.50  0 26 167 1154196  2 46166495 585604 3.0 45 15 1 2 25% 16735187 8524 51%
c u 36975.90  0 26 167 1154196  2 46166495 583254 3.0 45 15 1 2 25% 16735187 8524 51%
c v 36979.52  0 26 167 1154196  2 46166495 582637 3.0 45 15 1 2 25% 16735187 8524 51%
c w 36979.54  0 26 167 1154196  2 46166495 582637 3.0 45 15 1 2 25% 16735187 8524 51%
c x 36983.71  0 26 167 1154196  2 46166495 582636 3.0 45 15 1 2 25% 16733752 8524 51%
c 
c   seconds     reductions       conflicts           size   tier2         variables
c            MB        restarts          redundant      glue   trail           remaining
c             level           rate             size/glue  tier1   irredundant
c 
c t 36983.78  0 26 167 1154196  2 46166495 582626 3.0 45 15 1 2 25% 16733710 8524 51%
c ] 37033.44  0 26 167 1154199  1 46284587 680500 2.9 41 14 1 2 23% 16733710 8524 51%
c { 37033.44  0 21 167 1154199  3 46284587 680500 3.4 31 9 1 2 26% 16733710 8524 51%
c # 37090.91  0 21 167 1158625  3 46360646 744256 3.3 31 9 1 2 26% 16733710 8524 51%
c } 37236.06  0 21 167 1170531  3 46546490 897987 3.5 32 9 1 2 25% 16733710 8524 51%
c [ 37236.06  0 26 167 1170531  1 46546490 897987 2.9 41 14 1 2 23% 16733710 8524 51%
c i 37244.45  0 23 167 1170531  1 46575940 922844 2.8 37 13 1 2 21% 16733710 8523 51%
c B 37279.84  0 35 167 1170531  1 46665647 1005043 2.5 51 21 1 2 25% 16733710 8523 51%
c - 37300.82  0 38 168 1170532  1 46714073 586521 2.3 50 22 1 2 25% 16712803 8523 51%
c 2 37300.85  0 38 168 1170532  1 46714073 586521 2.3 50 22 1 2 25% 16712802 8523 51%
c p 37302.05  0 38 168 1170532  1 46714073 590486 2.3 50 22 1 2 25% 16712802 8523 51%
c u 37308.94  0 38 168 1170532  1 46714073 588192 2.3 50 22 1 2 25% 16712802 8523 51%
c v 37312.32  0 38 168 1170532  1 46714073 587458 2.3 50 22 1 2 25% 16712802 8523 51%
c w 37312.42  0 38 168 1170532  1 46714073 587458 2.3 50 22 1 2 25% 16712802 8523 51%
c x 37316.62  0 38 168 1170532  1 46714073 587456 2.3 50 22 1 2 25% 16710983 8523 51%
c t 37316.68  0 38 168 1170532  1 46714073 587446 2.3 50 22 1 2 25% 16710912 8523 51%
c ] 37418.18  0 43 168 1170547  1 46966630 803464 1.8 49 27 1 2 24% 16710912 8523 51%
c { 37418.18  0 21 168 1170547  3 46966630 803464 3.5 32 9 1 2 25% 16710912 8523 51%
c B 37421.79  0 21 168 1170752  3 46971648 807767 3.4 32 9 1 2 25% 16710912 8523 51%
c } 37624.30  0 21 168 1186198  3 47229027 1020288 3.4 31 9 1 2 25% 16710912 8523 51%
c 
c   seconds     reductions       conflicts            size   tier2         variables
c            MB        restarts           redundant      glue   trail           remaining
c             level           rate              size/glue  tier1   irredundant
c 
c [ 37624.30  0 43 168 1186198  1 47229027 1020288 1.8 49 27 1 2 24% 16710912 8523 51%
c - 37637.92  0 40 169 1186214  1 47264792 604340 1.9 46 24 1 2 22% 16710912 8523 51%
c p 37639.11  0 40 169 1186214  1 47264792 608403 1.9 46 24 1 2 22% 16710912 8523 51%
c u 37648.17  0 40 169 1186214  1 47264792 606184 1.9 46 24 1 2 22% 16710946 8523 51%
c v 37651.38  0 40 169 1186214  1 47264792 605503 1.9 46 24 1 2 22% 16710946 8523 51%
c w 37651.41  0 40 169 1186214  1 47264792 605503 1.9 46 24 1 2 22% 16710946 8523 51%
c x 37655.98  0 40 169 1186214  1 47264792 605500 1.9 46 24 1 2 22% 16709179 8523 51%
c t 37656.03  0 40 169 1186214  1 47264792 605485 1.9 46 24 1 2 22% 16709085 8523 51%
c W 37708.09  0 39 169 1186214  1 47278650 618097 2.0 46 23 1 2 21% 16709085 8523 51%
c t 37735.62  0 35 169 1186246  1 47376601 701181 2.0 40 20 1 2 24% 16707907 8523 51%
c e 37736.04  0 35 169 1186246  1 47376601 701004 2.0 40 20 1 2 24% 16707941 8519 51%
c s 37736.08  0 35 169 1186246  1 47376601 700738 2.0 40 20 1 2 24% 16707881 8519 51%
c e 37736.29  0 35 169 1186246  1 47376601 700707 2.0 40 20 1 2 24% 16707880 8518 51%
c O 37800.15  0 42 169 1186309  1 47586651 876145 1.8 41 22 1 2 25% 16707880 8518 51%
c ] 37879.14  0 40 169 1186347  1 47756628 1023370 2.0 37 18 1 2 22% 16707880 8518 51%
c { 37879.14  0 21 169 1186347  3 47756628 1023370 3.4 31 9 1 2 25% 16707880 8518 51%
c - 37928.24  0 21 170 1189613  3 47818739 604190 3.3 30 9 1 2 26% 16707879 8518 51%
c p 37929.53  0 21 170 1189613  3 47818739 608263 3.3 30 9 1 2 26% 16707879 8518 51%
c u 37948.64  0 21 170 1189613  3 47818739 606933 3.3 30 9 1 2 26% 16707879 8518 51%
c v 37951.21  0 21 170 1189613  3 47818739 606412 3.3 30 9 1 2 26% 16707879 8518 51%
c 
c   seconds     reductions       conflicts           size  tier2         variables
c            MB        restarts          redundant      glue  trail           remaining
c             level           rate             size/glue tier1   irredundant
c 
c w 37951.23  0 21 170 1189613  3 47818739 606412 3.3 30 9 1 2 26% 16707879 8518 51%
c x 37955.01  0 21 170 1189613  3 47818739 606406 3.3 30 9 1 2 26% 16706406 8518 51%
c t 37955.08  0 21 170 1189613  3 47818739 606384 3.3 30 9 1 2 26% 16706368 8518 51%
c W 38027.55  0 21 170 1194114  3 47895652 669557 3.3 30 9 1 2 26% 16706368 8518 51%
c } 38130.01  0 21 170 1202012  3 48028496 778873 3.3 30 9 1 2 25% 16706368 8518 51%
c [ 38130.01  0 40 170 1202012  1 48028496 778873 2.0 37 18 1 2 22% 16706368 8518 51%
c B 38217.62  0 29 170 1202069  1 48205656 931650 2.5 42 17 1 2 25% 16706368 8518 51%
c i 38269.21  0 24 170 1202102  1 48346239 1048169 2.3 33 15 1 2 17% 16706368 8517 51%
c - 38283.41  0 26 171 1202102  1 48375909 585073 2.3 35 15 1 2 15% 16685090 8517 51%
c 2 38283.45  0 26 171 1202102  1 48375909 585071 2.3 35 15 1 2 15% 16685090 8517 51%
c p 38284.62  0 26 171 1202102  1 48375909 589112 2.3 35 15 1 2 15% 16685090 8517 51%
c u 38290.79  0 26 171 1202102  1 48375909 586384 2.3 35 15 1 2 15% 16685090 8517 51%
c v 38290.84  0 26 171 1202102  1 48375909 586382 2.3 35 15 1 2 15% 16685090 8517 51%
c w 38290.84  0 26 171 1202102  1 48375909 586382 2.3 35 15 1 2 15% 16685090 8517 51%
c x 38296.78  0 26 171 1202102  1 48375909 586382 2.3 35 15 1 2 15% 16682635 8517 51%
c t 38296.84  0 26 171 1202102  1 48375909 586373 2.3 35 15 1 2 15% 16682592 8517 51%
c ] 38314.72  0 29 171 1202103  1 48443942 648166 2.5 41 17 1 2 14% 16682592 8517 51%
c { 38314.72  0 21 171 1202103  3 48443942 648166 3.3 30 9 1 2 25% 16682592 8517 51%
c F 38371.55  0 21 171 1206433  3 48516657 707964 3.3 30 9 1 2 25% 16682592 8517 51%
c } 38528.54  0 21 171 1218001  3 48703746 862230 3.3 31 9 1 2 25% 16682591 8517 51%
c 
c   seconds     reductions       conflicts           size   tier2         variables
c            MB        restarts          redundant      glue   trail           remaining
c             level           rate             size/glue  tier1   irredundant
c 
c [ 38528.55  0 29 171 1218001  1 48703746 862230 2.5 41 17 1 2 14% 16682591 8517 51%
c W 38616.25  0 27 171 1218016  1 48828661 969287 2.4 36 15 1 2 17% 16682591 8517 51%
c e 38622.62  0 28 171 1218023  1 48842261 980633 2.3 36 16 1 2 17% 16682607 8516 51%
c s 38622.67  0 28 171 1218023  1 48842261 980618 2.3 36 16 1 2 17% 16682600 8516 51%
c - 38656.61  0 26 172 1218060  1 48936210 620048 2.4 36 15 1 2 17% 16682600 8516 51%
c p 38657.85  0 26 172 1218060  1 48936210 624101 2.4 36 15 1 2 17% 16682600 8516 51%
c u 38666.27  0 26 172 1218060  1 48936210 621082 2.4 36 15 1 2 17% 16682600 8516 51%
c v 38672.85  0 26 172 1218060  1 48936210 620671 2.4 36 15 1 2 17% 16682600 8516 51%
c w 38672.87  0 26 172 1218060  1 48936210 620671 2.4 36 15 1 2 17% 16682600 8516 51%
c t 38672.93  0 26 172 1218060  1 48936210 620653 2.4 36 15 1 2 17% 16682600 8516 51%
c I 38750.83  0 31 172 1218125  2 49141662 793948 2.2 36 16 1 2 20% 16682600 8516 51%
c ] 38761.07  0 34 172 1218126  2 49164373 813666 2.1 37 18 1 2 22% 16682600 8516 51%
c { 38761.07  0 21 172 1218126  3 49164373 813666 3.3 31 9 1 2 25% 16682600 8516 51%
c } 38982.61  0 20 172 1234317  3 49430529 1032452 3.2 30 9 1 2 25% 16682600 8516 51%
c [ 38982.61  0 34 172 1234317  2 49430529 1032452 2.1 37 18 1 2 22% 16682600 8516 51%
c B 38993.47  0 31 172 1234318  2 49455665 1055056 2.2 36 16 1 2 20% 16682600 8516 51%
c - 39014.22  0 36 173 1234319  2 49499741 636766 2.1 37 18 1 2 17% 16682600 8516 51%
c p 39015.45  0 36 173 1234319  2 49499741 640814 2.1 37 18 1 2 17% 16682600 8516 51%
c u 39022.56  0 36 173 1234319  2 49499741 638425 2.1 37 18 1 2 17% 16682600 8516 51%
c v 39026.24  0 36 173 1234319  2 49499741 638090 2.1 37 18 1 2 17% 16682600 8516 51%
c 
c   seconds     reductions       conflicts           size   tier2         variables
c            MB        restarts          redundant      glue   trail           remaining
c             level           rate             size/glue  tier1   irredundant
c 
c w 39026.26  0 36 173 1234319  2 49499741 638090 2.1 37 18 1 2 17% 16682600 8516 51%
c x 39031.06  0 36 173 1234319  2 49499741 638090 2.1 37 18 1 2 17% 16681209 8516 51%
c t 39031.12  0 36 173 1234319  2 49499741 638072 2.1 37 18 1 2 17% 16681089 8516 51%
c W 39146.44  0 28 173 1234400  1 49770667 874756 2.2 35 16 1 2 14% 16681089 8516 51%
c ] 39214.29  0 28 173 1234447  1 50018763 1088290 2.1 38 18 1 2 27% 16681089 8516 51%
c { 39214.29  0 20 173 1234447  3 50018763 1088290 3.2 30 9 1 2 25% 16681089 8516 51%
c - 39252.84  0 20 174 1237075  3 50066505 636586 3.3 31 9 1 2 25% 16681088 8516 51%
c p 39254.13  0 20 174 1237075  3 50066505 640598 3.3 31 9 1 2 25% 16681088 8516 51%
c u 39258.58  0 20 174 1237075  3 50066505 639262 3.3 31 9 1 2 25% 16681088 8516 51%
c v 39260.82  0 20 174 1237075  3 50066505 639015 3.3 31 9 1 2 25% 16681088 8516 51%
c w 39260.85  0 20 174 1237075  3 50066505 639015 3.3 31 9 1 2 25% 16681088 8516 51%
c x 39263.42  0 20 174 1237075  3 50066505 639009 3.3 31 9 1 2 25% 16680524 8516 51%
c t 39263.48  0 20 174 1237075  3 50066505 638997 3.3 31 9 1 2 25% 16680489 8516 51%
c B 39279.01  0 20 174 1238326  3 50086670 655653 3.3 31 9 1 2 25% 16680489 8516 51%
c } 39439.51  0 20 174 1250900  3 50303800 833448 3.3 30 9 1 2 25% 16680489 8516 51%
c [ 39439.51  0 28 174 1250900  1 50303800 833448 2.1 38 18 1 2 27% 16680489 8516 51%
c t 39453.89  0 27 174 1250900  1 50329541 856967 2.2 38 17 1 2 24% 16680489 8516 51%
c e 39454.17  0 27 174 1250900  1 50329541 856667 2.2 38 17 1 2 24% 16680502 8515 51%
c s 39454.23  0 27 174 1250900  1 50329541 855580 2.2 38 17 1 2 24% 16680444 8515 51%
c e 39454.43  0 27 174 1250900  1 50329541 854840 2.2 38 17 1 2 24% 16680471 8513 51%
c 
c   seconds     reductions       conflicts           size   tier2         variables
c            MB        restarts          redundant      glue   trail           remaining
c             level           rate             size/glue  tier1   irredundant
c 
c O 39476.70  0 46 174 1250900  1 50403672 922137 2.0 43 22 1 2 21% 16680471 8513 51%
c - 39566.50  0 45 175 1250901  1 50636497 641571 2.4 54 23 1 2 16% 16680471 8513 51%
c p 39567.70  0 45 175 1250901  1 50636497 645615 2.4 54 23 1 2 16% 16680471 8513 51%
c u 39574.28  0 45 175 1250901  1 50636497 642951 2.4 54 23 1 2 16% 16680471 8513 51%
c v 39580.95  0 45 175 1250901  1 50636497 641750 2.4 54 23 1 2 16% 16680471 8513 51%
c w 39580.99  0 45 175 1250901  1 50636497 641750 2.4 54 23 1 2 16% 16680471 8513 51%
c t 39581.06  0 45 175 1250901  1 50636497 641737 2.4 54 23 1 2 16% 16680471 8513 51%
c B 39609.62  0 46 175 1250902  1 50721675 718870 2.4 54 23 1 2 15% 16680471 8513 51%
c ] 39648.33  0 61 175 1250902  1 50849406 838094 2.1 55 26 1 2 13% 16680471 8513 51%
c { 39648.33  0 20 175 1250902  3 50849406 838094 3.3 30 9 1 2 25% 16680471 8513 51%
c i 39767.56  0 21 175 1259758  3 50993584 957093 3.5 32 9 1 2 25% 16680471 8512 50%
c W 39852.39  0 21 175 1262688  3 51040676 992906 3.4 32 9 1 2 25% 16680454 8512 50%
c } 39917.07  0 21 175 1267344  3 51116383 1054685 3.4 31 9 1 2 25% 16680454 8512 50%
c [ 39917.07  0 61 175 1267344  1 51116383 1054685 2.1 55 26 1 2 13% 16680454 8512 50%
c - 39967.37  0 67 176 1267344  1 51209722 659609 1.9 54 29 1 2 19% 16680454 8512 50%
c p 39968.56  0 67 176 1267344  1 51209722 663633 1.9 54 29 1 2 19% 16680454 8512 50%
c u 39991.52  0 67 176 1267344  1 51209722 661059 1.9 54 29 1 2 19% 16680510 8512 50%
c v 39994.89  0 67 176 1267344  1 51209722 660414 1.9 54 29 1 2 19% 16680510 8512 50%
c w 39994.92  0 67 176 1267344  1 51209722 660414 1.9 54 29 1 2 19% 16680510 8512 50%
c x 39997.26  0 67 176 1267344  1 51209722 660384 1.9 54 29 1 2 19% 16679022 8512 50%
c 
c   seconds     reductions       conflicts           size   tier2         variables
c            MB        restarts          redundant      glue   trail           remaining
c             level           rate             size/glue  tier1   irredundant
c 
c t 39997.33  0 67 176 1267344  1 51209722 660375 1.9 54 29 1 2 19% 16678940 8512 50%
c W 40092.43  0 54 176 1267344  1 51360677 797421 2.2 55 25 1 2 19% 16678940 8512 50%
c ] 40142.05  0 52 176 1267358  1 51512641 935572 1.9 49 25 1 2 16% 16678940 8512 50%
c { 40142.05  0 21 176 1267358  3 51512641 935572 3.4 31 9 1 2 25% 16678940 8512 50%
c # 40279.70  0 20 176 1277458  3 51681679 1073204 3.3 31 9 1 2 25% 16678940 8512 50%
c } 40360.49  0 20 176 1282964  3 51784433 1155420 3.1 29 9 1 2 24% 16678940 8512 50%
c [ 40360.49  0 52 176 1282964  1 51784433 1155420 1.9 49 25 1 2 16% 16678940 8512 50%
c - 40362.18  0 51 177 1282965  1 51786181 673202 1.9 48 25 1 2 16% 16678940 8512 50%
c p 40363.46  0 51 177 1282965  1 51786181 677221 1.9 48 25 1 2 16% 16678940 8512 50%
c u 40371.20  0 51 177 1282965  1 51786181 675025 1.9 48 25 1 2 16% 16678940 8512 50%
c v 40374.65  0 51 177 1282965  1 51786181 674149 1.9 48 25 1 2 16% 16678940 8512 50%
c w 40374.66  0 51 177 1282965  1 51786181 674149 1.9 48 25 1 2 16% 16678940 8512 50%
c x 40379.10  0 51 177 1282965  1 51786181 674143 1.9 48 25 1 2 16% 16677724 8512 50%
c t 40379.16  0 51 177 1282965  1 51786181 674121 1.9 48 25 1 2 16% 16677378 8512 50%
c t 40404.59  0 48 177 1282981  1 51838741 718966 2.1 48 22 1 2 21% 16677299 8512 50%
c e 40404.93  0 48 177 1282981  1 51838741 716465 2.1 48 22 1 2 21% 16677424 8500 50%
c s 40405.01  0 48 177 1282981  1 51838741 715657 2.1 48 22 1 2 21% 16677088 8500 50%
c e 40405.22  0 48 177 1282981  1 51838741 709364 2.1 48 22 1 2 21% 16677259 8480 50%
c I 40468.22  0 33 177 1283035  2 52003682 850944 2.4 43 18 1 2 29% 16677259 8480 50%
c ] 40552.71  0 28 177 1283077  1 52190268 1010631 2.1 35 17 1 2 24% 16677259 8480 50%
c 
c   seconds     reductions       conflicts            size  tier2         variables
c            MB        restarts           redundant      glue  trail           remaining
c             level           rate              size/glue tier1   irredundant
c 
c { 40552.71  0 20 177 1283077  3 52190268 1010631 3.1 29 9 1 2 27% 16677259 8480 50%
c B 40653.21  0 19 177 1290459  3 52326683 1120468 3.0 27 9 1 2 26% 16677259 8480 50%
c - 40691.05  0 19 178 1293194  3 52365868 668043 3.1 28 9 1 2 27% 16677259 8480 50%
c 2 40691.09  0 19 178 1293194  3 52365868 668043 3.1 28 9 1 2 27% 16677258 8480 50%
c p 40692.29  0 19 178 1293194  3 52365868 672141 3.1 28 9 1 2 27% 16677258 8480 50%
c u 40699.20  0 19 178 1293194  3 52365868 669940 3.1 28 9 1 2 27% 16677258 8480 50%
c v 40703.04  0 19 178 1293194  3 52365868 669428 3.1 28 9 1 2 27% 16677258 8480 50%
c x 40707.24  0 19 178 1293194  3 52365868 669428 3.1 28 9 1 2 27% 16675785 8480 50%
c t 40707.31  0 19 178 1293194  3 52365868 669413 3.1 28 9 1 2 27% 16675505 8480 50%
c } 40788.79  0 20 178 1299713  3 52474378 757788 3.2 28 9 1 2 27% 16675505 8480 50%
c [ 40788.79  0 28 178 1299713  1 52474378 757788 2.1 35 17 1 2 24% 16675505 8480 50%
c B 40863.88  0 22 178 1299773  1 52650684 907797 2.1 28 13 1 2 22% 16675505 8480 50%
c ] 40965.02  0 35 178 1299839  2 52886576 1104293 1.8 33 18 1 2 30% 16675505 8480 50%
c { 40965.02  0 20 178 1299839  3 52886576 1104293 3.2 28 9 1 2 27% 16675505 8480 50%
c - 41016.29  0 20 179 1303523  3 52948786 666884 3.1 28 9 1 2 27% 16675505 8480 50%
c p 41017.53  0 20 179 1303523  3 52948786 670995 3.1 28 9 1 2 27% 16675505 8480 50%
c u 41024.65  0 20 179 1303523  3 52948786 668847 3.1 28 9 1 2 27% 16675505 8480 50%
c v 41028.40  0 20 179 1303523  3 52948786 668177 3.1 28 9 1 2 27% 16675505 8480 50%
c w 41028.41  0 20 179 1303523  3 52948786 668177 3.1 28 9 1 2 27% 16675505 8480 50%
c x 41032.63  0 20 179 1303523  3 52948786 668172 3.1 28 9 1 2 27% 16674210 8480 50%
c 
c   seconds     reductions       conflicts           size  tier2         variables
c            MB        restarts          redundant      glue  trail           remaining
c             level           rate             size/glue tier1   irredundant
c 
c t 41032.69  0 20 179 1303523  3 52948786 668154 3.1 28 9 1 2 27% 16673763 8480 50%
c W 41105.70  0 20 179 1305310  3 52975687 690436 3.2 29 9 1 2 27% 16673763 8480 50%
c i 41218.74  0 20 179 1314545  3 53122942 810500 3.3 30 9 1 2 27% 16673763 8479 50%
c } 41252.04  0 20 179 1317197  3 53166946 846329 3.2 30 9 1 2 28% 16673763 8479 50%
c [ 41252.04  0 35 179 1317197  2 53166946 846329 1.8 33 18 1 2 30% 16673763 8479 50%
c i 41282.54  0 25 179 1317198  1 53253479 918880 2.0 30 15 1 2 22% 16673763 8478 50%
c W 41312.63  0 28 179 1317199  1 53301688 883888 2.2 34 16 1 2 18% 16498834 8478 50%
c t 41344.85  0 31 179 1317199  1 53370557 945671 2.3 36 16 1 2 20% 16498833 8478 50%
c e 41345.25  0 31 179 1317199  1 53370557 934520 2.3 36 16 1 2 20% 16498827 8474 50%
c s 41345.30  0 31 179 1317199  1 53370557 934500 2.3 36 16 1 2 20% 16498677 8474 50%
c e 41345.51  0 31 179 1317199  1 53370557 934412 2.3 36 16 1 2 20% 16498674 8473 50%
c - 41410.10  0 26 180 1317259  1 53534928 650281 2.1 34 16 1 2 24% 16498674 8473 50%
c p 41411.32  0 26 180 1317259  1 53534928 654073 2.1 34 16 1 2 24% 16498674 8473 50%
c u 41418.21  0 26 180 1317259  1 53534928 651948 2.1 34 16 1 2 24% 16498674 8473 50%
c v 41418.28  0 26 180 1317259  1 53534928 651947 2.1 34 16 1 2 24% 16498674 8473 50%
c w 41418.39  0 26 180 1317259  1 53534928 651946 2.1 34 16 1 2 24% 16498674 8473 50%
c x 41424.36  0 26 180 1317259  1 53534928 651941 2.1 34 16 1 2 24% 16497428 8473 50%
c t 41424.41  0 26 180 1317259  1 53534928 651933 2.1 34 16 1 2 24% 16497249 8473 50%
c O 41457.72  0 31 180 1317277  1 53628691 733505 2.1 38 18 1 2 20% 16497249 8473 50%
c ] 41462.70  0 30 180 1317286  1 53643147 745995 2.1 37 18 1 2 20% 16497249 8473 50%
c 
c   seconds     reductions       conflicts           size  tier2         variables
c            MB        restarts          redundant      glue  trail           remaining
c             level           rate             size/glue tier1   irredundant
c 
c { 41462.70  0 20 180 1317286  3 53643147 745995 3.2 30 9 1 2 28% 16497249 8473 50%
c } 41683.60  0 20 180 1334454  3 53936180 982699 3.2 30 9 1 2 27% 16497248 8473 50%
c [ 41683.60  0 30 180 1334454  1 53936180 982699 2.1 37 18 1 2 20% 16497248 8473 50%
c B 41692.21  0 27 180 1334461  1 53956692 999794 2.5 40 16 1 2 21% 16497248 8473 50%
c - 41761.65  0 28 181 1334494  1 54123457 675367 2.4 39 16 1 2 21% 16497248 8473 50%
c p 41762.87  0 28 181 1334494  1 54123457 679257 2.4 39 16 1 2 21% 16497248 8473 50%
c u 41770.14  0 28 181 1334494  1 54123457 677642 2.4 39 16 1 2 21% 16497248 8473 50%
c v 41773.99  0 28 181 1334494  1 54123457 677399 2.4 39 16 1 2 21% 16497248 8473 50%
c w 41774.00  0 28 181 1334494  1 54123457 677399 2.4 39 16 1 2 21% 16497248 8473 50%
c x 41779.07  0 28 181 1334494  1 54123457 677398 2.4 39 16 1 2 21% 16496286 8473 50%
c t 41779.13  0 28 181 1334494  1 54123457 677394 2.4 39 16 1 2 21% 16496076 8473 50%
c W 41884.91  0 33 181 1334547  1 54285694 821889 2.1 39 19 1 2 21% 16496076 8473 50%
c ] 41926.14  0 26 181 1334587  1 54422814 935459 2.1 33 16 1 2 27% 16496076 8473 50%
c { 41926.14  0 20 181 1334587  3 54422814 935459 3.2 30 9 1 2 27% 16496076 8473 50%
c F 42081.97  0 20 181 1345891  3 54615698 1092370 3.2 29 9 1 2 27% 16496076 8473 50%
c } 42153.46  0 19 181 1350626  3 54708779 1166249 3.0 27 9 1 2 26% 16496076 8473 50%
c [ 42153.46  0 26 181 1350626  1 54708779 1166249 2.1 33 16 1 2 27% 16496076 8473 50%
c - 42157.03  0 26 182 1350627  1 54715212 690012 2.2 33 15 1 2 27% 16496076 8473 50%
c p 42158.30  0 26 182 1350627  1 54715212 693984 2.2 33 15 1 2 27% 16496076 8473 50%
c u 42165.59  0 26 182 1350627  1 54715212 692775 2.2 33 15 1 2 27% 16496076 8473 50%
c 
c   seconds     reductions       conflicts           size   tier2         variables
c            MB        restarts          redundant      glue   trail           remaining
c             level           rate             size/glue  tier1   irredundant
c 
c v 42169.40  0 26 182 1350627  1 54715212 692344 2.2 33 15 1 2 27% 16496076 8473 50%
c w 42169.41  0 26 182 1350627  1 54715212 692344 2.2 33 15 1 2 27% 16496076 8473 50%
c x 42174.08  0 26 182 1350627  1 54715212 692343 2.2 33 15 1 2 27% 16493425 8473 50%
c t 42174.15  0 26 182 1350627  1 54715212 692338 2.2 33 15 1 2 27% 16493403 8473 50%
c t 42257.51  0 39 182 1350661  1 54922218 871459 2.1 40 19 1 2 30% 16493255 8473 50%
c e 42257.86  0 39 182 1350661  1 54922218 865938 2.1 40 19 1 2 30% 16493274 8471 50%
c s 42257.90  0 39 182 1350661  1 54922218 865911 2.1 40 19 1 2 30% 16493246 8471 50%
c I 42268.27  0 40 182 1350661  1 54946699 887067 2.1 43 20 1 2 30% 16493246 8471 50%
c ] 42373.50  0 29 182 1350662  1 55262783 1156606 2.1 38 18 1 2 27% 16493246 8471 50%
c { 42373.50  0 19 182 1350662  3 55262783 1156606 3.0 27 9 1 2 26% 16493246 8471 50%
c B 42387.82  0 19 182 1351741  3 55278701 1169369 3.0 27 9 1 2 26% 16493246 8471 50%
c - 42415.20  0 19 183 1353622  3 55310184 685689 3.1 28 9 1 2 26% 16493246 8471 50%
c p 42416.38  0 19 183 1353622  3 55310184 689622 3.1 28 9 1 2 26% 16493246 8471 50%
c u 42434.53  0 19 183 1353622  3 55310184 688285 3.1 28 9 1 2 26% 16493246 8471 50%
c v 42438.06  0 19 183 1353622  3 55310184 687544 3.1 28 9 1 2 26% 16493246 8471 50%
c w 42438.06  0 19 183 1353622  3 55310184 687544 3.1 28 9 1 2 26% 16493246 8471 50%
c t 42438.13  0 19 183 1353622  3 55310184 687544 3.1 28 9 1 2 26% 16493245 8471 50%
c i 42490.99  0 19 183 1357755  3 55383892 746058 2.9 26 9 1 2 27% 16493245 8470 50%
c } 42618.40  0 19 183 1368470  3 55552576 882007 3.1 28 9 1 2 27% 16493245 8470 50%
c [ 42618.40  0 29 183 1368470  1 55552576 882007 2.1 38 18 1 2 27% 16493245 8470 50%
c 
c   seconds     reductions       conflicts           size   tier2         variables
c            MB        restarts          redundant      glue   trail           remaining
c             level           rate             size/glue  tier1   irredundant
c 
c B 42635.22  0 25 183 1368477  1 55611703 932715 2.2 34 16 1 2 24% 16493245 8470 50%
c - 42743.25  0 30 184 1368578  1 55908369 686565 2.4 41 17 1 2 25% 16341632 8470 50%
c 2 42743.29  0 30 184 1368578  1 55908369 686564 2.4 41 17 1 2 25% 16341632 8470 50%
c p 42744.49  0 30 184 1368578  1 55908369 690442 2.4 41 17 1 2 25% 16341632 8470 50%
c u 42751.73  0 30 184 1368578  1 55908369 688848 2.4 41 17 1 2 25% 16341703 8470 50%
c v 42752.78  0 30 184 1368578  1 55908369 688691 2.4 41 17 1 2 25% 16341703 8470 50%
c w 42752.83  0 30 184 1368578  1 55908369 688691 2.4 41 17 1 2 25% 16341703 8470 50%
c x 42759.94  0 30 184 1368578  1 55908369 688687 2.4 41 17 1 2 25% 16339367 8470 50%
c t 42760.02  0 30 184 1368578  1 55908369 688687 2.4 41 17 1 2 25% 16339263 8470 50%
c W 42815.20  0 28 184 1368594  1 55945704 720759 2.5 40 16 1 2 26% 16339263 8470 50%
c ] 42881.37  0 34 184 1368628  1 56147545 895668 2.3 42 18 1 2 30% 16339263 8470 50%
c { 42881.37  0 19 184 1368628  3 56147545 895668 3.1 28 9 1 2 27% 16339263 8470 50%
c W 42996.79  0 20 184 1376601  3 56280705 1003214 3.2 29 9 1 2 27% 16339263 8470 50%
c i 43046.63  0 19 184 1380030  3 56346824 1055539 3.1 27 9 1 2 27% 16339263 8469 50%
c } 43120.27  0 19 184 1385683  3 56444610 1133077 2.9 26 9 1 2 27% 16339263 8469 50%
c [ 43120.27  0 34 184 1385683  1 56444610 1133077 2.3 42 18 1 2 30% 16339263 8469 50%
c e 43139.46  0 30 184 1385705  1 56495714 1174385 2.3 38 17 1 2 25% 16318023 8466 50%
c s 43139.50  0 30 184 1385705  1 56495714 1174382 2.3 38 17 1 2 25% 16318020 8466 50%
c - 43148.39  0 29 185 1385713  1 56509028 693420 2.3 38 16 1 2 26% 16318019 8466 50%
c 2 43148.43  0 29 185 1385713  1 56509028 693419 2.3 38 16 1 2 26% 16318019 8466 50%
c 
c   seconds     reductions       conflicts           size   tier2         variables
c            MB        restarts          redundant      glue   trail           remaining
c             level           rate             size/glue  tier1   irredundant
c 
c p 43149.56  0 29 185 1385713  1 56509028 697249 2.3 38 16 1 2 26% 16318019 8466 50%
c u 43151.93  0 29 185 1385713  1 56509028 696745 2.3 38 16 1 2 26% 16318019 8466 50%
c v 43156.93  0 29 185 1385713  1 56509028 695770 2.3 38 16 1 2 26% 16318019 8466 50%
c w 43156.98  0 29 185 1385713  1 56509028 695770 2.3 38 16 1 2 26% 16318019 8466 50%
c t 43157.04  0 29 185 1385713  1 56509028 695769 2.3 38 16 1 2 26% 16318019 8466 50%
c O 43190.00  0 28 185 1385740  1 56616709 791458 2.3 36 16 1 2 25% 16318019 8466 50%
c B 43295.92  0 33 185 1385780  1 56953710 1093620 2.2 43 20 1 2 16% 16318019 8466 50%
c ] 43327.94  0 34 185 1385804  1 57015151 1146687 2.1 39 19 1 2 19% 16318019 8466 50%
c { 43327.94  0 19 185 1385804  3 57015151 1146687 2.9 26 9 1 2 27% 16318019 8466 50%
c - 43415.42  0 19 186 1392821  3 57112787 709751 3.1 28 9 1 2 27% 16318019 8466 50%
c p 43416.62  0 19 186 1392821  3 57112787 713581 3.1 28 9 1 2 27% 16318019 8466 50%
c u 43420.86  0 19 186 1392821  3 57112787 712756 3.1 28 9 1 2 27% 16318019 8466 50%
c v 43428.57  0 19 186 1392821  3 57112787 712060 3.1 28 9 1 2 27% 16318019 8466 50%
c w 43428.57  0 19 186 1392821  3 57112787 712059 3.1 28 9 1 2 27% 16318019 8466 50%
c t 43428.63  0 19 186 1392821  3 57112787 712057 3.1 28 9 1 2 27% 16318019 8466 50%
c # 43564.58  0 19 186 1403297  3 57291712 856665 3.2 29 9 1 2 27% 16318019 8466 50%
c } 43575.15  0 20 186 1404277  3 57304609 867213 3.2 29 9 1 2 27% 16318019 8466 50%
c [ 43575.15  0 34 186 1404277  1 57304609 867213 2.1 39 19 1 2 19% 16318019 8466 50%
c W 43706.54  0 23 186 1404379  1 57630716 1145739 2.1 31 15 1 2 22% 16318019 8466 50%
c - 43752.48  0 32 187 1404380  1 57719764 709035 2.0 34 17 1 2 20% 16318019 8466 50%
c 
c   seconds     reductions       conflicts           size   tier2         variables
c            MB        restarts          redundant      glue   trail           remaining
c             level           rate             size/glue  tier1   irredundant
c 
c p 43753.66  0 32 187 1404380  1 57719764 712849 2.0 34 17 1 2 20% 16318019 8466 50%
c u 43759.24  0 32 187 1404380  1 57719764 711935 2.0 34 17 1 2 20% 16318019 8466 50%
c v 43759.29  0 32 187 1404380  1 57719764 711933 2.0 34 17 1 2 20% 16318019 8466 50%
c w 43759.30  0 32 187 1404380  1 57719764 711933 2.0 34 17 1 2 20% 16318019 8466 50%
c x 43765.32  0 32 187 1404380  1 57719764 711932 2.0 34 17 1 2 20% 16316353 8466 50%
c t 43765.39  0 32 187 1404380  1 57719764 711928 2.0 34 17 1 2 20% 16316013 8466 50%
c ] 43826.91  0 38 187 1404442  1 57887355 856689 1.9 41 21 1 2 19% 16316013 8466 50%
c { 43826.91  0 20 187 1404442  3 57887355 856689 3.2 29 9 1 2 27% 16316013 8466 50%
c B 43894.50  0 20 187 1409385  3 57970719 924223 3.1 28 9 1 2 27% 16316013 8466 50%
c e 43994.43  0 20 187 1417118  3 58088939 1019762 3.1 29 9 1 2 27% 16316014 8465 50%
c s 43994.48  0 20 187 1417118  3 58088939 1019568 3.1 29 9 1 2 27% 16313053 8465 50%
c } 44072.01  0 20 187 1422510  3 58178437 1092600 3.3 30 9 1 2 28% 16313052 8465 50%
c [ 44072.01  0 38 187 1422510  1 58178437 1092600 1.9 41 21 1 2 19% 16313052 8465 50%
c I 44152.89  0 36 187 1422549  1 58311722 1208226 2.1 40 20 1 2 21% 16313052 8465 50%
c - 44161.93  0 34 188 1422557  1 58329957 725060 2.1 39 19 1 2 20% 16313052 8465 50%
c 2 44161.97  0 34 188 1422557  1 58329957 725057 2.1 39 19 1 2 20% 16313051 8465 50%
c p 44163.17  0 34 188 1422557  1 58329957 729067 2.1 39 19 1 2 20% 16313051 8465 50%
c u 44169.88  0 34 188 1422557  1 58329957 727960 2.1 39 19 1 2 20% 16313051 8465 50%
c v 44180.18  0 34 188 1422557  1 58329957 726058 2.1 39 19 1 2 20% 16313051 8465 50%
c w 44180.24  0 34 188 1422557  1 58329957 726058 2.1 39 19 1 2 20% 16313051 8465 50%
c 
c   seconds     reductions       conflicts           size   tier2         variables
c            MB        restarts          redundant      glue   trail           remaining
c             level           rate             size/glue  tier1   irredundant
c 
c t 44180.29  0 34 188 1422557  1 58329957 726052 2.1 39 19 1 2 20% 16313050 8465 50%
c ] 44295.00  0 27 188 1422577  1 58636616 986276 2.0 33 16 1 2 18% 16313050 8465 50%
c { 44295.00  0 20 188 1422577  3 58636616 986276 3.3 30 9 1 2 28% 16313050 8465 50%
c W 44351.85  0 20 188 1423541  3 58653723 1000108 3.3 30 9 1 2 28% 16313050 8465 50%
c i 44404.89  0 20 188 1427254  3 58720882 1054234 3.3 30 9 1 2 27% 16313050 8464 50%
c } 44579.41  0 19 188 1440594  3 58936787 1227928 3.1 29 9 1 2 27% 16313050 8464 50%
c [ 44579.41  0 27 188 1440594  1 58936787 1227928 2.0 33 16 1 2 18% 16313050 8464 50%
c - 44582.60  0 26 189 1440594  1 58943342 731596 2.0 32 16 1 2 18% 16292168 8464 50%
c 2 44582.64  0 26 189 1440594  1 58943342 731595 2.0 32 16 1 2 18% 16292166 8464 50%
c p 44583.78  0 26 189 1440594  1 58943342 735592 2.0 32 16 1 2 18% 16292166 8464 50%
c u 44590.81  0 26 189 1440594  1 58943342 734714 2.0 32 16 1 2 18% 16292166 8464 50%
c v 44594.73  0 26 189 1440594  1 58943342 734074 2.0 32 16 1 2 18% 16292166 8464 50%
c x 44599.61  0 26 189 1440594  1 58943342 734071 2.0 32 16 1 2 18% 16290609 8464 50%
c t 44599.69  0 26 189 1440594  1 58943342 734062 2.0 32 16 1 2 18% 16290389 8464 50%
c B 44624.08  0 37 189 1440594  1 58996724 782631 2.1 37 18 1 2 18% 16290389 8464 50%
c W 44793.57  0 52 189 1440595  1 59340725 1088468 1.8 42 24 1 2 16% 16290389 8464 50%
c ] 44852.51  0 39 189 1440595  1 59464191 1190738 1.7 37 21 1 2 21% 16290389 8464 50%
c { 44852.51  0 19 189 1440595  3 59464191 1190738 3.1 29 9 1 2 27% 16290389 8464 50%
c - 44938.00  0 20 190 1446312  3 59559836 740165 3.1 28 9 1 2 26% 16290389 8464 50%
c p 44939.22  0 20 190 1446312  3 59559836 744096 3.1 28 9 1 2 26% 16290389 8464 50%
c 
c   seconds     reductions       conflicts           size  tier2         variables
c            MB        restarts          redundant      glue  trail           remaining
c             level           rate             size/glue tier1   irredundant
c 
c u 44945.45  0 20 190 1446312  3 59559836 743566 3.1 28 9 1 2 26% 16290389 8464 50%
c v 44948.72  0 20 190 1446312  3 59559836 743098 3.1 28 9 1 2 26% 16290389 8464 50%
c w 44948.73  0 20 190 1446312  3 59559836 743098 3.1 28 9 1 2 26% 16290389 8464 50%
c x 44952.78  0 20 190 1446312  3 59559836 743098 3.1 28 9 1 2 26% 16289234 8464 50%
c t 44952.84  0 20 190 1446312  3 59559836 743093 3.1 28 9 1 2 26% 16289001 8464 50%
c F 45049.20  0 19 190 1453508  3 59685726 844400 3.2 29 9 1 2 27% 16289000 8464 50%
c t 45064.28  0 19 190 1454648  3 59703950 859047 3.1 29 9 1 2 27% 16289000 8464 50%
c e 45064.71  0 19 190 1454648  3 59703950 858798 3.1 29 9 1 2 27% 16288998 8463 50%
c s 45064.76  0 19 190 1454648  3 59703950 858707 3.1 29 9 1 2 27% 16288956 8463 50%
c } 45112.30  0 19 190 1458007  3 59761645 904742 3.1 28 9 1 2 26% 16288956 8463 50%
c [ 45112.30  0 39 190 1458007  1 59761645 904742 1.7 37 21 1 2 21% 16288956 8463 50%
c O 45227.60  0 34 190 1458008  1 60031728 1139252 2.0 40 20 1 2 21% 16288956 8463 50%
c - 45295.86  0 35 191 1458008  1 60179536 739109 2.0 37 19 1 2 18% 16288956 8463 50%
c 2 45295.90  0 35 191 1458008  1 60179536 739108 2.0 37 19 1 2 18% 16288956 8463 50%
c p 45297.09  0 35 191 1458008  1 60179536 743117 2.0 37 19 1 2 18% 16288956 8463 50%
c u 45306.42  0 35 191 1458008  1 60179536 742369 2.0 37 19 1 2 18% 16288956 8463 50%
c v 45306.53  0 35 191 1458008  1 60179536 742368 2.0 37 19 1 2 18% 16288956 8463 50%
c w 45306.56  0 35 191 1458008  1 60179536 742368 2.0 37 19 1 2 18% 16288956 8463 50%
c x 45313.61  0 35 191 1458008  1 60179536 742365 2.0 37 19 1 2 18% 16286816 8463 50%
c t 45313.67  0 35 191 1458008  1 60179536 742360 2.0 37 19 1 2 18% 16286662 8463 50%
c 
c   seconds     reductions       conflicts           size   tier2         variables
c            MB        restarts          redundant      glue   trail           remaining
c             level           rate             size/glue  tier1   irredundant
c 
c ] 45334.12  0 34 191 1458008  1 60217331 772985 1.9 36 19 1 2 20% 16286662 8463 50%
c { 45334.12  0 19 191 1458008  3 60217331 772985 3.1 28 9 1 2 26% 16286662 8463 50%
c B 45462.77  0 20 191 1468038  3 60378731 904678 3.2 30 9 1 2 27% 16286662 8463 50%
c } 45577.55  0 19 191 1476634  3 60524687 1020383 3.1 28 9 1 2 27% 16286662 8463 50%
c [ 45577.55  0 34 191 1476634  1 60524687 1020383 1.9 36 19 1 2 20% 16286662 8463 50%
c B 45666.29  0 33 191 1476634  1 60726732 1204121 2.7 49 18 1 2 20% 16286662 8463 50%
c - 45698.72  0 29 192 1476634  1 60802444 749513 2.4 43 18 1 2 19% 16286662 8463 50%
c p 45699.97  0 29 192 1476634  1 60802444 753466 2.4 43 18 1 2 19% 16286662 8463 50%
c u 45707.85  0 29 192 1476634  1 60802444 752997 2.4 43 18 1 2 19% 16286662 8463 50%
c v 45707.89  0 29 192 1476634  1 60802444 752997 2.4 43 18 1 2 19% 16286662 8463 50%
c w 45707.90  0 29 192 1476634  1 60802444 752997 2.4 43 18 1 2 19% 16286662 8463 50%
c x 45715.18  0 29 192 1476634  1 60802444 752995 2.4 43 18 1 2 19% 16285014 8463 50%
c t 45715.24  0 29 192 1476634  1 60802444 752992 2.4 43 18 1 2 19% 16284662 8463 50%
c ] 45807.04  0 28 192 1476634  1 61045875 962731 2.2 40 18 1 2 17% 16284662 8463 50%
c { 45807.04  0 19 192 1476634  3 61045875 962731 3.1 28 9 1 2 27% 16284662 8463 50%
c W 45881.89  0 19 192 1478068  3 61075737 986303 3.0 27 9 1 2 27% 16284662 8463 50%
c s 46109.21  0 19 192 1494273  3 61340517 1199420 3.1 29 9 1 2 27% 16284660 8463 50%
c } 46112.36  0 19 192 1494409  3 61344489 1202411 3.1 28 9 1 2 26% 16284660 8463 50%
c [ 46112.36  0 28 192 1494409  1 61344489 1202411 2.2 40 18 1 2 17% 16284660 8463 50%
c W 46156.58  0 34 192 1494409  1 61425741 1273339 2.2 43 19 1 2 18% 16284660 8463 50%
c 
c   seconds     reductions       conflicts           size   tier2         variables
c            MB        restarts          redundant      glue   trail           remaining
c             level           rate             size/glue  tier1   irredundant
c 
c - 46158.45  0 34 193 1494409  1 61428555 760205 2.3 43 19 1 2 18% 16284660 8463 50%
c p 46159.61  0 34 193 1494409  1 61428555 764232 2.3 43 19 1 2 18% 16284660 8463 50%
c u 46169.43  0 34 193 1494409  1 61428555 763889 2.3 43 19 1 2 18% 16284727 8463 50%
c v 46169.43  0 34 193 1494409  1 61428555 763889 2.3 43 19 1 2 18% 16284727 8463 50%
c w 46169.43  0 34 193 1494409  1 61428555 763888 2.3 43 19 1 2 18% 16284727 8463 50%
c x 46176.92  0 34 193 1494409  1 61428555 763884 2.3 43 19 1 2 18% 16281916 8463 50%
c t 46176.99  0 34 193 1494409  1 61428555 763881 2.3 43 19 1 2 18% 16281562 8463 50%
c I 46370.92  0 36 193 1494440  1 61776743 1060221 2.0 40 20 1 2 24% 16281562 8463 50%
c ] 46375.44  0 37 193 1494446  1 61786433 1068481 2.0 40 20 1 2 25% 16281562 8463 50%
c { 46375.44  0 19 193 1494446  3 61786433 1068481 3.1 28 9 1 2 26% 16281562 8463 50%
c - 46598.95  0 19 194 1510447  3 62057870 771816 2.9 26 9 1 2 26% 16281562 8463 50%
c p 46600.17  0 19 194 1510447  3 62057870 775972 2.9 26 9 1 2 26% 16281562 8463 50%
c u 46607.88  0 19 194 1510447  3 62057870 775398 2.9 26 9 1 2 26% 16281562 8463 50%
c v 46607.93  0 19 194 1510447  3 62057870 775398 2.9 26 9 1 2 26% 16281562 8463 50%
c x 46616.06  0 19 194 1510447  3 62057870 775395 2.9 26 9 1 2 26% 16279248 8463 50%
c t 46616.14  0 19 194 1510447  3 62057870 775392 2.9 26 9 1 2 26% 16278573 8463 50%
c } 46644.31  0 19 194 1512681  3 62094746 804855 3.0 27 9 1 2 27% 16278573 8463 50%
c [ 46644.31  0 37 194 1512681  1 62094746 804855 2.0 40 20 1 2 25% 16278573 8463 50%
c B 46660.82  0 36 194 1512696  1 62128747 833399 2.1 40 19 1 2 25% 16278573 8463 50%
c W 46828.00  0 35 194 1512778  2 62481748 1132798 2.0 44 22 1 2 28% 16278573 8463 50%
c 
c   seconds     reductions       conflicts           size   tier2         variables
c            MB        restarts          redundant      glue   trail           remaining
c             level           rate             size/glue  tier1   irredundant
c 
c - 46910.63  0 43 195 1512844  2 62690388 766724 2.0 46 23 1 2 29% 16278573 8463 50%
c p 46911.94  0 43 195 1512844  2 62690388 771155 2.0 46 23 1 2 29% 16278573 8463 50%
c u 46917.59  0 43 195 1512844  2 62690388 769803 2.0 46 23 1 2 29% 16278573 8463 50%
c v 46917.71  0 43 195 1512844  2 62690388 769799 2.0 46 23 1 2 29% 16278573 8463 50%
c w 46917.76  0 43 195 1512844  2 62690388 769799 2.0 46 23 1 2 29% 16278573 8463 50%
c x 46922.74  0 43 195 1512844  2 62690388 769798 2.0 46 23 1 2 29% 16277420 8463 50%
c t 46922.80  0 43 195 1512844  2 62690388 769774 2.0 46 23 1 2 29% 16276791 8463 50%
c ] 46925.32  0 42 195 1512848  2 62695405 774038 2.0 46 23 1 2 29% 16276791 8463 50%
c { 46925.32  0 19 195 1512848  3 62695405 774038 3.0 27 9 1 2 27% 16276791 8463 50%
c # 47035.82  0 19 195 1521698  3 62835752 887612 3.1 28 9 1 2 27% 16276791 8463 50%
c s 47161.79  0 19 195 1531367  3 62998846 1017514 3.0 28 9 1 2 26% 16276774 8463 50%
c } 47170.02  0 19 195 1532004  3 63008064 1024625 3.0 27 9 1 2 26% 16276774 8463 50%
c [ 47170.02  0 42 195 1532004  2 63008064 1024625 2.0 46 23 1 2 29% 16276774 8463 50%
c O 47239.44  0 35 195 1532054  2 63190754 1188006 2.6 43 17 1 2 22% 16276774 8463 50%
c - 47300.06  0 42 196 1532055  1 63326104 771026 1.9 38 20 1 2 19% 16276774 8463 50%
c 2 47300.10  0 42 196 1532055  1 63326104 771025 1.9 38 20 1 2 19% 16276773 8463 50%
c p 47301.25  0 42 196 1532055  1 63326104 775715 1.9 38 20 1 2 19% 16276773 8463 50%
c u 47308.60  0 42 196 1532055  1 63326104 773006 1.9 38 20 1 2 19% 16276773 8463 50%
c v 47308.66  0 42 196 1532055  1 63326104 773004 1.9 38 20 1 2 19% 16276773 8463 50%
c w 47308.69  0 42 196 1532055  1 63326104 773004 1.9 38 20 1 2 19% 16276773 8463 50%
c 
c   seconds     reductions       conflicts           size   tier2         variables
c            MB        restarts          redundant      glue   trail           remaining
c             level           rate             size/glue  tier1   irredundant
c 
c x 47316.57  0 42 196 1532055  1 63326104 772997 1.9 38 20 1 2 19% 16274578 8463 50%
c t 47316.63  0 42 196 1532055  1 63326104 772977 1.9 38 20 1 2 19% 16274363 8463 50%
c B 47384.81  0 34 196 1532117  1 63546758 967301 2.0 40 20 1 2 20% 16274363 8463 50%
c ] 47394.79  0 36 196 1532118  1 63574214 991816 2.0 40 20 1 2 21% 16274363 8463 50%
c { 47394.79  0 19 196 1532118  3 63574214 991816 3.0 27 9 1 2 26% 16274363 8463 50%
c } 47645.00  0 19 196 1550548  3 63883795 1238054 2.9 26 9 1 2 26% 16274362 8463 50%
c [ 47645.00  0 36 196 1550548  1 63883795 1238054 2.0 40 20 1 2 21% 16274362 8463 50%
c W 47691.50  0 34 196 1550553  1 63903762 1255911 2.2 41 19 1 2 22% 16274362 8463 50%
c - 47721.38  0 34 197 1550578  2 63965027 786139 2.2 40 18 1 2 24% 16274362 8463 50%
c p 47722.52  0 34 197 1550578  2 63965027 790869 2.2 40 18 1 2 24% 16274362 8463 50%
c u 47729.76  0 34 197 1550578  2 63965027 788211 2.2 40 18 1 2 24% 16274362 8463 50%
c v 47733.64  0 34 197 1550578  2 63965027 787520 2.2 40 18 1 2 24% 16274362 8463 50%
c w 47733.67  0 34 197 1550578  2 63965027 787520 2.2 40 18 1 2 24% 16274362 8463 50%
c x 47738.13  0 34 197 1550578  2 63965027 787518 2.2 40 18 1 2 24% 16272576 8463 50%
c t 47738.19  0 34 197 1550578  2 63965027 787494 2.2 40 18 1 2 24% 16272136 8463 50%
c I 47843.57  0 39 197 1550650  1 64261763 1042546 1.9 42 22 1 2 24% 16272136 8463 50%
c ] 47911.62  0 29 197 1550713  1 64462008 1212123 2.0 36 18 1 2 26% 16272136 8463 50%
c { 47911.62  0 19 197 1550713  3 64462008 1212123 2.9 26 9 1 2 26% 16272136 8463 50%
c i 47990.91  0 18 197 1556469  3 64560929 1290523 2.8 25 9 1 2 26% 16272136 8462 50%
c - 48030.86  0 19 198 1559701  3 64607152 779925 2.8 26 9 1 2 25% 16251196 8462 50%
c 
c   seconds     reductions       conflicts           size  tier2         variables
c            MB        restarts          redundant      glue  trail           remaining
c             level           rate             size/glue tier1   irredundant
c 
c 2 48030.89  0 19 198 1559701  3 64607152 779925 2.8 26 9 1 2 25% 16251195 8462 50%
c p 48032.04  0 19 198 1559701  3 64607152 784660 2.8 26 9 1 2 25% 16251195 8462 50%
c u 48038.65  0 19 198 1559701  3 64607152 782606 2.8 26 9 1 2 25% 16251195 8462 50%
c v 48038.68  0 19 198 1559701  3 64607152 782606 2.8 26 9 1 2 25% 16251195 8462 50%
c x 48044.88  0 19 198 1559701  3 64607152 782599 2.8 26 9 1 2 25% 16248442 8462 50%
c t 48044.95  0 19 198 1559701  3 64607152 782571 2.8 26 9 1 2 25% 16248174 8462 50%
c B 48055.59  0 19 198 1560665  3 64620765 793683 2.9 26 9 1 2 25% 16248174 8462 50%
c e 48099.26  0 19 198 1564148  3 64678891 839273 2.9 26 9 1 2 26% 16248170 8459 50%
c s 48099.31  0 19 198 1564148  3 64678891 839218 2.9 26 9 1 2 26% 16248140 8459 50%
c e 48099.50  0 19 198 1564148  3 64678891 839193 2.9 26 9 1 2 26% 16248150 8458 50%
c } 48171.11  0 19 198 1569795  3 64775019 915697 2.9 27 9 1 2 26% 16248150 8458 50%
c [ 48171.11  0 29 198 1569795  1 64775019 915697 2.0 36 18 1 2 26% 16248150 8458 50%
c i 48188.45  0 23 198 1569819  1 64835532 964442 2.2 31 14 1 2 21% 16248150 8456 50%
c B 48240.45  0 39 198 1569822  1 64980767 1097879 2.5 50 20 1 2 26% 16248150 8456 50%
c - 48335.14  0 42 199 1569823  1 65252367 764885 2.0 54 27 1 2 25% 16227132 8456 50%
c 2 48335.17  0 42 199 1569823  1 65252367 764878 2.0 54 27 1 2 25% 16227132 8456 50%
c p 48336.74  0 42 199 1569823  1 65252367 769621 2.0 54 27 1 2 25% 16227132 8455 50%
c u 48342.78  0 42 199 1569823  1 65252367 767674 2.0 54 27 1 2 25% 16227132 8455 50%
c v 48342.90  0 42 199 1569823  1 65252367 767671 2.0 54 27 1 2 25% 16227132 8455 50%
c w 48343.03  0 42 199 1569823  1 65252367 767671 2.0 54 27 1 2 25% 16227132 8455 50%
c 
c   seconds     reductions       conflicts           size   tier2         variables
c            MB        restarts          redundant      glue   trail           remaining
c             level           rate             size/glue  tier1   irredundant
c 
c x 48348.52  0 42 199 1569823  1 65252367 767669 2.0 54 27 1 2 25% 16225178 8455 50%
c t 48348.58  0 42 199 1569823  1 65252367 767649 2.0 54 27 1 2 25% 16224685 8455 50%
c W 48416.61  0 46 199 1569823  1 65341769 844391 1.8 49 27 1 2 27% 16224667 8455 50%
c ] 48441.89  0 34 199 1569862  1 65443630 932215 2.1 41 20 1 2 25% 16224667 8455 50%
c { 48441.89  0 19 199 1569862  3 65443630 932215 2.9 27 9 1 2 26% 16224667 8455 50%
c i 48554.80  0 19 199 1578997  3 65586652 1047634 3.1 28 9 1 2 27% 16224667 8454 50%
c W 48659.49  0 19 199 1586201  3 65703770 1138569 3.0 27 9 1 2 26% 16071017 8454 50%
c } 48705.82  0 19 199 1589946  3 65762277 1185510 3.0 28 9 1 2 26% 16071017 8454 50%
c [ 48705.82  0 34 199 1589946  1 65762277 1185510 2.1 41 20 1 2 25% 16071017 8454 50%
c - 48765.43  0 29 200 1589987  1 65900666 777653 2.0 34 18 1 2 22% 16071017 8454 50%
c 2 48765.46  0 29 200 1589987  1 65900666 777652 2.0 34 18 1 2 22% 16071017 8454 50%
c p 48766.59  0 29 200 1589987  1 65900666 782272 2.0 34 18 1 2 22% 16071017 8454 50%
c u 48792.21  0 29 200 1589987  1 65900666 779595 2.0 34 18 1 2 22% 16071017 8454 50%
c v 48796.81  0 29 200 1589987  1 65900666 778856 2.0 34 18 1 2 22% 16071017 8454 50%
c w 48796.82  0 29 200 1589987  1 65900666 778856 2.0 34 18 1 2 22% 16071017 8454 50%
c x 48802.05  0 29 200 1589987  1 65900666 778855 2.0 34 18 1 2 22% 16069034 8454 50%
c t 48802.12  0 29 200 1589987  1 65900666 778834 2.0 34 18 1 2 22% 16068806 8454 50%
c O 48861.66  0 30 200 1590034  1 66066771 921294 2.0 35 18 1 2 18% 16068806 8454 50%
c ] 48949.76  0 25 200 1590097  1 66301945 1119249 2.4 35 15 1 2 21% 16068806 8454 50%
c { 48949.76  0 19 200 1590097  3 66301945 1119249 3.0 28 9 1 2 26% 16068806 8454 50%
c 
c   seconds     reductions       conflicts            size  tier2         variables
c            MB        restarts           redundant      glue  trail           remaining
c             level           rate              size/glue tier1   irredundant
c 
c e 49005.71  0 18 200 1593748  3 66380488 1180300 2.9 26 9 1 2 26% 16068812 8453 50%
c s 49005.76  0 18 200 1593748  3 66380488 1180296 2.9 26 9 1 2 26% 16068809 8453 50%
c F 49048.08  0 19 200 1597405  3 66430772 1221079 3.0 27 9 1 2 26% 16068809 8453 50%
c - 49142.31  0 19 201 1604416  3 66551326 789395 3.0 27 9 1 2 26% 16068809 8453 50%
c p 49143.46  0 19 201 1604416  3 66551326 793979 3.0 27 9 1 2 26% 16068809 8453 50%
c u 49150.68  0 19 201 1604416  3 66551326 791448 3.0 27 9 1 2 26% 16068809 8453 50%
c v 49154.05  0 19 201 1604416  3 66551326 790591 3.0 27 9 1 2 26% 16068809 8453 50%
c w 49154.06  0 19 201 1604416  3 66551326 790591 3.0 27 9 1 2 26% 16068809 8453 50%
c x 49158.94  0 19 201 1604416  3 66551326 790589 3.0 27 9 1 2 26% 16067261 8453 50%
c t 49158.99  0 19 201 1604416  3 66551326 790564 3.0 27 9 1 2 26% 16067020 8453 50%
c } 49217.04  0 19 201 1609504  3 66629470 853560 3.0 27 9 1 2 26% 16067020 8453 50%
c [ 49217.04  0 25 201 1609504  1 66629470 853560 2.4 35 15 1 2 21% 16067020 8453 50%
c i 49277.05  0 18 201 1609550  1 66777194 976778 2.6 29 11 1 2 20% 16067020 8452 50%
c B 49285.92  0 20 201 1609562  1 66795773 993280 2.8 35 12 1 2 22% 16067020 8452 50%
c W 49436.89  0 29 201 1609611  1 67161774 1180100 2.0 37 18 1 2 27% 16067003 8452 50%
c - 49448.82  0 29 202 1609630  1 67205178 748224 2.0 38 19 1 2 27% 16067003 8452 50%
c 2 49448.85  0 29 202 1609630  1 67205178 748221 2.0 38 19 1 2 27% 16067003 8452 50%
c p 49449.95  0 29 202 1609630  1 67205178 752844 2.0 38 19 1 2 27% 16067003 8452 50%
c u 49455.59  0 29 202 1609630  1 67205178 750686 2.0 38 19 1 2 27% 16067003 8452 50%
c v 49455.65  0 29 202 1609630  1 67205178 750681 2.0 38 19 1 2 27% 16067003 8452 50%
c 
c   seconds     reductions       conflicts           size   tier2         variables
c            MB        restarts          redundant      glue   trail           remaining
c             level           rate             size/glue  tier1   irredundant
c 
c w 49455.68  0 29 202 1609630  1 67205178 750681 2.0 38 19 1 2 27% 16067003 8452 50%
c x 49460.63  0 29 202 1609630  1 67205178 750679 2.0 38 19 1 2 27% 16065043 8452 50%
c t 49460.69  0 29 202 1609630  1 67205178 750668 2.0 38 19 1 2 27% 16064710 8452 50%
c ] 49478.85  0 30 202 1609635  1 67264814 801468 2.0 38 19 1 2 28% 16064710 8452 50%
c { 49478.85  0 19 202 1609635  3 67264814 801468 3.0 27 9 1 2 26% 16064710 8452 50%
c i 49497.72  0 18 202 1610954  3 67292136 822148 3.0 26 9 1 2 26% 16064710 8451 50%
c B 49677.06  0 19 202 1626034  3 67528775 1013398 3.1 28 9 1 2 26% 16064710 8451 50%
c } 49731.71  0 19 202 1630095  3 67600137 1070045 3.1 28 9 1 2 26% 16064710 8451 50%
c [ 49731.71  0 30 202 1630095  1 67600137 1070045 2.0 38 19 1 2 28% 16064710 8451 50%
c i 49777.18  0 21 202 1630145  1 67722265 1171487 2.2 30 14 1 2 19% 16064710 8450 50%
c - 49819.07  0 33 203 1630156  1 67862221 734938 2.2 45 21 1 2 27% 16042697 8450 50%
c 2 49819.11  0 33 203 1630156  1 67862221 734935 2.2 45 21 1 2 27% 16042697 8449 50%
c d 49819.40  0 33 203 1630156  1 67862221 734904 2.2 45 21 1 2 27% 16042681 8448 50%
c p 49820.51  0 33 203 1630156  1 67862221 739594 2.2 45 21 1 2 27% 16042681 8448 50%
c u 49829.60  0 33 203 1630156  1 67862221 736732 2.2 45 21 1 2 27% 16042754 8448 50%
c v 49829.70  0 33 203 1630156  1 67862221 736727 2.2 45 21 1 2 27% 16042754 8448 50%
c w 49829.73  0 33 203 1630156  1 67862221 736727 2.2 45 21 1 2 27% 16042754 8448 50%
c x 49836.79  0 33 203 1630156  1 67862221 736727 2.2 45 21 1 2 27% 16039890 8448 50%
c t 49836.86  0 33 203 1630156  1 67862221 736693 2.2 45 21 1 2 27% 16039672 8448 50%
c I 49849.77  0 33 203 1630171  1 67896776 767096 2.1 44 21 1 2 27% 16039672 8448 50%
c 
c   seconds     reductions       conflicts           size   tier2         variables
c            MB        restarts          redundant      glue   trail           remaining
c             level           rate             size/glue  tier1   irredundant
c 
c t 49916.71  0 33 203 1630237  1 68101505 938935 2.1 43 20 1 2 28% 16039370 8448 50%
c e 49917.11  0 33 203 1630237  1 68101505 932885 2.1 43 20 1 2 28% 16039400 8441 50%
c s 49917.17  0 33 203 1630237  1 68101505 931979 2.1 43 20 1 2 28% 16038230 8441 50%
c e 49917.44  0 33 203 1630237  1 68101505 927998 2.1 43 20 1 2 28% 16038239 8438 50%
c ] 49973.56  0 38 203 1630282  1 68256735 1060634 2.0 45 23 1 2 27% 16038239 8438 50%
c { 49973.57  0 19 203 1630282  3 68256735 1060634 3.1 28 9 1 2 26% 16038239 8438 50%
c W 50009.15  0 19 203 1630778  3 68265781 1067791 3.1 28 9 1 2 26% 16038239 8438 50%
c - 50212.02  0 19 204 1646568  3 68522337 764545 3.3 31 9 1 2 27% 16038239 8438 50%
c 2 50212.06  0 19 204 1646568  3 68522337 764539 3.3 31 9 1 2 27% 16038238 8438 50%
c p 50213.18  0 19 204 1646568  3 68522337 769352 3.3 31 9 1 2 27% 16038238 8438 50%
c u 50220.37  0 19 204 1646568  3 68522337 766716 3.3 31 9 1 2 27% 16038238 8438 50%
c v 50224.00  0 19 204 1646568  3 68522337 766046 3.3 31 9 1 2 27% 16038238 8438 50%
c x 50228.90  0 19 204 1646568  3 68522337 766043 3.3 31 9 1 2 27% 16036645 8438 50%
c t 50228.96  0 19 204 1646568  3 68522337 766014 3.3 31 9 1 2 27% 16036308 8438 50%
c } 50277.91  0 19 204 1650375  3 68588079 819184 3.3 30 9 1 2 27% 16036308 8438 50%
c [ 50277.91  0 38 204 1650375  1 68588079 819184 2.0 45 23 1 2 27% 16036308 8438 50%
c B 50294.22  0 33 204 1650376  1 68635782 860886 2.1 41 20 1 2 22% 16036308 8438 50%
c W 50500.00  0 35 204 1650378  1 69006786 1184755 1.9 38 20 1 2 17% 16036308 8438 50%
c ] 50540.15  0 43 204 1650379  2 69102490 1268254 2.0 41 21 1 2 23% 16036308 8438 50%
c { 50540.15  0 19 204 1650379  3 69102490 1268254 3.3 30 9 1 2 27% 16036308 8438 50%
c 
c   seconds     reductions       conflicts           size  tier2         variables
c            MB        restarts          redundant      glue  trail           remaining
c             level           rate             size/glue tier1   irredundant
c 
c - 50609.67  0 19 205 1655640  3 69185628 783667 3.2 29 9 1 2 27% 16036308 8438 50%
c p 50610.80  0 19 205 1655640  3 69185628 788391 3.2 29 9 1 2 27% 16036308 8438 50%
c u 50617.84  0 19 205 1655640  3 69185628 786090 3.2 29 9 1 2 27% 16036308 8438 50%
c v 50621.52  0 19 205 1655640  3 69185628 785808 3.2 29 9 1 2 27% 16036308 8438 50%
c w 50621.53  0 19 205 1655640  3 69185628 785808 3.2 29 9 1 2 27% 16036308 8438 50%
c x 50626.05  0 19 205 1655640  3 69185628 785807 3.2 29 9 1 2 27% 16034898 8438 50%
c t 50626.12  0 19 205 1655640  3 69185628 785789 3.2 29 9 1 2 27% 16034463 8438 50%
c i 50704.60  0 19 205 1661893  3 69294137 872126 3.1 28 9 1 2 27% 16034463 8437 50%
c # 50767.97  0 19 205 1666924  3 69378787 940026 3.1 29 9 1 2 27% 16034463 8437 50%
c } 50816.14  0 18 205 1670188  3 69444651 990868 3.0 27 9 1 2 27% 16034463 8437 50%
c [ 50816.14  0 43 205 1670188  2 69444651 990868 2.0 41 21 1 2 23% 16034463 8437 50%
c O 50934.56  0 65 205 1670188  1 69751791 1265332 1.7 58 34 1 2 19% 16034463 8437 50%
c s 50971.48  0 42 205 1670188  1 69844278 1342435 1.8 43 24 1 2 16% 16013610 8437 50%
c e 50971.73  0 42 205 1670188  1 69844278 1342089 1.8 43 24 1 2 16% 16013624 8436 50%
c - 50976.31  0 41 206 1670188  1 69852110 787082 1.9 43 23 1 2 16% 16013624 8436 50%
c p 50977.52  0 41 206 1670188  1 69852110 791802 1.9 43 23 1 2 16% 16013624 8436 50%
c u 50984.80  0 41 206 1670188  1 69852110 789128 1.9 43 23 1 2 16% 16013624 8436 50%
c v 50988.68  0 41 206 1670188  1 69852110 788646 1.9 43 23 1 2 16% 16013624 8436 50%
c w 50988.70  0 41 206 1670188  1 69852110 788646 1.9 43 23 1 2 16% 16013624 8436 50%
c x 50993.90  0 41 206 1670188  1 69852110 788643 1.9 43 23 1 2 16% 16011487 8436 50%
c 
c   seconds     reductions       conflicts           size   tier2         variables
c            MB        restarts          redundant      glue   trail           remaining
c             level           rate             size/glue  tier1   irredundant
c 
c t 50993.96  0 41 206 1670188  1 69852110 788619 1.9 43 23 1 2 16% 16011291 8436 50%
c ] 51072.64  0 24 206 1670237  1 70063143 962552 2.2 33 15 1 2 16% 16011291 8436 50%
c { 51072.64  0 18 206 1670237  3 70063143 962552 3.0 27 9 1 2 27% 16011291 8436 50%
c B 51119.52  0 18 206 1674033  3 70125792 1011506 2.9 26 9 1 2 26% 16011291 8436 50%
c i 51316.96  0 18 206 1688803  3 70378404 1212090 2.8 25 9 1 2 26% 16011291 8435 50%
c } 51341.45  0 18 206 1690771  3 70406450 1234022 2.9 26 9 1 2 26% 16011291 8435 50%
c [ 51341.45  0 24 206 1690771  1 70406450 1234022 2.2 33 15 1 2 16% 16011291 8435 50%
c B 51373.35  0 28 206 1690794  1 70500793 1317916 2.2 36 16 1 2 22% 16011291 8435 50%
c - 51381.44  0 28 207 1690802  1 70521665 792692 2.3 38 16 1 2 22% 15990300 8435 50%
c p 51382.59  0 28 207 1690802  1 70521665 797528 2.3 38 16 1 2 22% 15990300 8435 50%
c u 51390.72  0 28 207 1690802  1 70521665 794818 2.3 38 16 1 2 22% 15990300 8435 50%
c v 51394.38  0 28 207 1690802  1 70521665 794012 2.3 38 16 1 2 22% 15990300 8435 50%
c w 51394.39  0 28 207 1690802  1 70521665 794012 2.3 38 16 1 2 22% 15990300 8435 50%
c x 51399.44  0 28 207 1690802  1 70521665 794012 2.3 38 16 1 2 22% 15988544 8435 50%
c t 51399.51  0 28 207 1690802  1 70521665 793980 2.3 38 16 1 2 22% 15988154 8435 50%
c W 51588.55  0 28 207 1690900  1 70876794 1096126 2.1 37 17 1 2 20% 15988154 8435 50%
c ] 51644.18  0 28 207 1690941  1 71009472 1207655 2.1 35 17 1 2 21% 15988154 8435 50%
c { 51644.18  0 18 207 1690941  3 71009472 1207655 2.9 26 9 1 2 26% 15988154 8435 50%
c i 51686.10  0 18 207 1693721  3 71062036 1249199 2.9 25 9 1 2 26% 15988154 8434 50%
c - 51803.91  0 19 208 1703026  3 71194291 798583 3.0 28 9 1 2 26% 15967335 8434 50%
c 
c   seconds     reductions       conflicts           size  tier2         variables
c            MB        restarts          redundant      glue  trail           remaining
c             level           rate             size/glue tier1   irredundant
c 
c 2 51803.96  0 19 208 1703026  3 71194291 798581 3.0 28 9 1 2 26% 15967334 8434 50%
c d 51804.29  0 19 208 1703026  3 71194291 798580 3.0 28 9 1 2 26% 15967331 8433 50%
c p 51805.51  0 19 208 1703026  3 71194291 803558 3.0 28 9 1 2 26% 15967331 8433 50%
c 2 51805.56  0 19 208 1703026  3 71194291 803553 3.0 28 9 1 2 26% 15967331 8433 50%
c u 51812.86  0 19 208 1703026  3 71194291 800872 3.0 28 9 1 2 26% 15967331 8433 50%
c v 51816.59  0 19 208 1703026  3 71194291 800086 3.0 28 9 1 2 26% 15967331 8433 50%
c w 51816.60  0 19 208 1703026  3 71194291 800086 3.0 28 9 1 2 26% 15967331 8433 50%
c x 51821.73  0 19 208 1703026  3 71194291 800085 3.0 28 9 1 2 26% 15965405 8433 50%
c t 51821.79  0 19 208 1703026  3 71194291 800054 3.0 28 9 1 2 26% 15965060 8433 50%
c W 51879.10  0 19 208 1706288  3 71253796 847615 3.0 27 9 1 2 26% 15965060 8433 50%
c } 51953.02  0 19 208 1712500  3 71346399 921864 3.0 27 9 1 2 27% 15965060 8433 50%
c [ 51953.02  0 28 208 1712500  1 71346399 921864 2.1 35 17 1 2 21% 15965060 8433 50%
c i 51955.02  0 27 208 1712501  1 71354759 928320 2.1 34 16 1 2 21% 15965060 8432 50%
c t 52054.45  0 28 208 1712536  1 71608534 1150635 2.8 45 16 1 2 30% 15965060 8432 50%
c e 52054.89  0 28 208 1712536  1 71608534 1150405 2.8 45 16 1 2 30% 15944210 8428 50%
c s 52054.94  0 28 208 1712536  1 71608534 1150236 2.8 45 16 1 2 30% 15944141 8428 50%
c e 52055.16  0 28 208 1712536  1 71608534 1149194 2.8 45 16 1 2 30% 15944159 8426 50%
c I 52065.33  0 27 208 1712536  1 71631798 1168918 2.8 46 16 1 2 30% 15944159 8426 50%
c - 52142.32  0 25 209 1712599  1 71869984 794978 2.1 34 17 1 2 25% 15944159 8426 50%
c 2 52142.36  0 25 209 1712599  1 71869984 794977 2.1 34 17 1 2 25% 15944159 8426 50%
c 
c   seconds     reductions       conflicts           size   tier2         variables
c            MB        restarts          redundant      glue   trail           remaining
c             level           rate             size/glue  tier1   irredundant
c 
c p 52143.49  0 25 209 1712599  1 71869984 799869 2.1 34 17 1 2 25% 15944159 8426 50%
c u 52149.84  0 25 209 1712599  1 71869984 797896 2.1 34 17 1 2 25% 15944159 8426 50%
c v 52153.23  0 25 209 1712599  1 71869984 797396 2.1 34 17 1 2 25% 15944159 8426 50%
c w 52153.27  0 25 209 1712599  1 71869984 797396 2.1 34 17 1 2 25% 15944159 8426 50%
c x 52157.82  0 25 209 1712599  1 71869984 797394 2.1 34 17 1 2 25% 15941844 8426 50%
c t 52157.89  0 25 209 1712599  1 71869984 797379 2.1 34 17 1 2 25% 15941660 8426 50%
c B 52204.98  0 28 209 1712646  1 72010800 918727 2.0 35 17 1 2 25% 15941660 8426 50%
c ] 52209.10  0 28 209 1712651  1 72017807 924865 2.0 35 17 1 2 24% 15941660 8426 50%
c { 52209.10  0 19 209 1712651  3 72017807 924865 3.0 27 9 1 2 27% 15941660 8426 50%
c i 52304.87  0 19 209 1719901  3 72145292 1025952 3.0 27 9 1 2 27% 15941660 8425 50%
c i 52452.03  0 18 209 1730881  3 72330045 1173550 3.0 27 9 1 2 26% 15941659 8424 50%
c } 52481.19  0 19 209 1733537  3 72361780 1199524 3.0 28 9 1 2 26% 15941659 8424 50%
c [ 52481.19  0 28 209 1733537  1 72361780 1199524 2.0 35 17 1 2 24% 15941659 8424 50%
c W 52520.78  0 26 209 1733547  1 72390801 1206052 2.1 33 16 1 2 22% 15781950 8424 50%
c - 52580.96  0 33 210 1733571  1 72548744 803749 2.0 40 19 1 2 22% 15781950 8424 50%
c 2 52581.00  0 33 210 1733571  1 72548744 803749 2.0 40 19 1 2 22% 15781949 8424 50%
c d 52581.30  0 33 210 1733571  1 72548744 803749 2.0 40 19 1 2 22% 15781944 8423 50%
c p 52582.39  0 33 210 1733571  1 72548744 809008 2.0 40 19 1 2 22% 15781944 8423 50%
c 2 52582.44  0 33 210 1733571  1 72548744 808998 2.0 40 19 1 2 22% 15781944 8423 50%
c = 52597.67  0 33 210 1733571  1 72548744 808996 2.0 40 19 1 2 22% 15781936 8421 50%
c 
c   seconds     reductions       conflicts           size   tier2         variables
c            MB        restarts          redundant      glue   trail           remaining
c             level           rate             size/glue  tier1   irredundant
c 
c u 52604.70  0 33 210 1733571  1 72548744 806307 2.0 40 19 1 2 22% 15781936 8421 50%
c v 52609.15  0 33 210 1733571  1 72548744 805422 2.0 40 19 1 2 22% 15781936 8421 50%
c w 52609.17  0 33 210 1733571  1 72548744 805422 2.0 40 19 1 2 22% 15781936 8421 50%
c x 52613.95  0 33 210 1733571  1 72548744 805421 2.0 40 19 1 2 22% 15780388 8421 50%
c t 52614.02  0 33 210 1733571  1 72548744 805373 2.0 40 19 1 2 22% 15779991 8421 50%
c O 52692.89  0 31 210 1733643  1 72771803 993508 1.9 39 21 1 2 26% 15779991 8421 50%
c ] 52794.04  0 37 210 1733677  1 73055699 1236778 2.0 41 20 1 2 25% 15779991 8421 50%
c { 52794.04  0 19 210 1733677  3 73055699 1236778 3.0 28 9 1 2 26% 15779991 8421 50%
c i 52809.94  0 19 210 1734694  3 73075168 1252105 3.1 28 9 1 2 26% 15779991 8420 50%
c F 52877.68  0 19 210 1739758  3 73153805 1316276 3.2 30 9 1 2 27% 15779991 8420 50%
c - 52939.82  0 19 211 1743632  3 73229753 815012 3.0 27 9 1 2 27% 15779969 8420 50%
c 2 52939.86  0 19 211 1743632  3 73229753 815007 3.0 27 9 1 2 27% 15779969 8420 50%
c p 52941.00  0 19 211 1743632  3 73229753 819796 3.0 27 9 1 2 27% 15779969 8420 50%
c u 52947.79  0 19 211 1743632  3 73229753 817364 3.0 27 9 1 2 27% 15779969 8420 50%
c v 52951.39  0 19 211 1743632  3 73229753 816852 3.0 27 9 1 2 27% 15779969 8420 50%
c w 52951.40  0 19 211 1743632  3 73229753 816852 3.0 27 9 1 2 27% 15779969 8420 50%
c x 52956.41  0 19 211 1743632  3 73229753 816852 3.0 27 9 1 2 27% 15777643 8420 50%
c t 52956.46  0 19 211 1743632  3 73229753 816842 3.0 27 9 1 2 27% 15777422 8420 50%
c e 53083.24  0 19 211 1753764  3 73393822 946791 3.0 27 9 1 2 26% 15777422 8416 50%
c s 53083.29  0 19 211 1753764  3 73393822 946586 3.0 27 9 1 2 26% 15777353 8416 50%
c 
c   seconds     reductions       conflicts           size  tier2         variables
c            MB        restarts          redundant      glue  trail           remaining
c             level           rate             size/glue tier1   irredundant
c 
c e 53083.49  0 19 211 1753764  3 73393822 946253 3.0 27 9 1 2 26% 15777359 8415 50%
c } 53090.19  0 19 211 1754188  3 73403521 953594 3.0 27 9 1 2 26% 15777359 8415 50%
c [ 53090.19  0 37 211 1754188  1 73403521 953594 2.0 41 20 1 2 25% 15777359 8415 50%
c B 53141.54  0 32 211 1754189  1 73536809 1071092 2.6 49 19 1 2 28% 15777359 8415 50%
c - 53273.15  0 32 212 1754252  1 73913940 818222 2.0 40 20 1 2 18% 15777359 8415 50%
c 2 53273.19  0 32 212 1754252  1 73913940 818221 2.0 40 20 1 2 18% 15777358 8415 50%
c p 53274.29  0 32 212 1754252  1 73913940 822972 2.0 40 20 1 2 18% 15777358 8415 50%
c u 53280.45  0 32 212 1754252  1 73913940 820888 2.0 40 20 1 2 18% 15777358 8415 50%
c v 53283.44  0 32 212 1754252  1 73913940 820181 2.0 40 20 1 2 18% 15777358 8415 50%
c w 53283.49  0 32 212 1754252  1 73913940 820181 2.0 40 20 1 2 18% 15777358 8415 50%
c x 53287.53  0 32 212 1754252  1 73913940 820180 2.0 40 20 1 2 18% 15775801 8415 50%
c t 53287.59  0 32 212 1754252  1 73913940 820170 2.0 40 20 1 2 18% 15775422 8415 50%
c W 53325.22  0 32 212 1754253  1 73920814 826455 2.0 40 19 1 2 18% 15775422 8415 50%
c ] 53390.46  0 26 212 1754316  1 74120835 991984 2.0 32 16 1 2 16% 15775422 8415 50%
c { 53390.46  0 19 212 1754316  3 74120835 991984 3.0 27 9 1 2 26% 15775422 8415 50%
c i 53428.74  0 18 212 1757152  3 74173952 1034182 2.9 26 9 1 2 26% 15775422 8414 50%
c B 53531.25  0 19 212 1765471  3 74305819 1139304 3.1 28 9 1 2 26% 15775421 8414 50%
c } 53664.78  0 19 212 1775655  3 74475112 1274348 3.1 28 9 1 2 27% 15775421 8414 50%
c [ 53664.78  0 26 212 1775655  1 74475112 1274348 2.0 32 16 1 2 16% 15775421 8414 50%
c - 53704.21  0 31 213 1775685  1 74601307 822401 1.9 33 18 1 2 24% 15754552 8414 50%
c 
c   seconds     reductions       conflicts           size   tier2         variables
c            MB        restarts          redundant      glue   trail           remaining
c             level           rate             size/glue  tier1   irredundant
c 
c d 53704.55  0 31 213 1775685  1 74601307 819944 1.9 33 18 1 2 24% 15754545 8412 50%
c p 53705.66  0 31 213 1775685  1 74601307 824971 1.9 33 18 1 2 24% 15754545 8412 50%
c u 53712.67  0 31 213 1775685  1 74601307 822178 1.9 33 18 1 2 24% 15754545 8412 50%
c v 53716.99  0 31 213 1775685  1 74601307 821249 1.9 33 18 1 2 24% 15754545 8412 50%
c w 53717.03  0 31 213 1775685  1 74601307 821249 1.9 33 18 1 2 24% 15754545 8412 50%
c x 53722.29  0 31 213 1775685  1 74601307 821246 1.9 33 18 1 2 24% 15752504 8412 50%
c t 53722.37  0 31 213 1775685  1 74601307 821146 1.9 33 18 1 2 24% 15751814 8412 50%
c I 53755.74  0 28 213 1775716  1 74691826 897871 2.3 39 17 1 2 28% 15751814 8412 50%
c B 53875.55  0 31 213 1775783  1 75078828 1222731 1.8 37 21 1 2 22% 15751814 8412 50%
c ] 53917.03  0 28 213 1775810  1 75194128 1320078 2.2 42 20 1 2 25% 15751814 8412 50%
c { 53917.03  0 19 213 1775810  3 75194128 1320078 3.1 28 9 1 2 27% 15751814 8412 50%
c e 53923.13  0 19 213 1776166  3 75198676 1320733 3.1 28 9 1 2 27% 15751810 8409 50%
c s 53923.18  0 19 213 1776166  3 75198676 1320663 3.1 28 9 1 2 27% 15751777 8409 50%
c e 53923.39  0 19 213 1776166  3 75198676 1320442 3.1 28 9 1 2 27% 15751777 8408 50%
c - 54004.04  0 18 214 1781838  3 75291723 819050 3.0 28 9 1 2 26% 15751777 8408 50%
c 2 54004.07  0 18 214 1781838  3 75291723 819048 3.0 28 9 1 2 26% 15751777 8408 50%
c p 54005.14  0 18 214 1781838  3 75291723 823939 3.0 28 9 1 2 26% 15751777 8408 50%
c u 54013.46  0 18 214 1781838  3 75291723 821807 3.0 28 9 1 2 26% 15751817 8408 50%
c v 54016.65  0 18 214 1781838  3 75291723 821343 3.0 28 9 1 2 26% 15751817 8408 50%
c w 54016.67  0 18 214 1781838  3 75291723 821343 3.0 28 9 1 2 26% 15751817 8408 50%
c 
c   seconds     reductions       conflicts           size  tier2         variables
c            MB        restarts          redundant      glue  trail           remaining
c             level           rate             size/glue tier1   irredundant
c 
c x 54020.61  0 18 214 1781838  3 75291723 821341 3.0 28 9 1 2 26% 15750301 8408 50%
c t 54020.66  0 18 214 1781838  3 75291723 821330 3.0 28 9 1 2 26% 15749958 8408 50%
c i 54085.19  0 18 214 1786646  3 75382976 894376 3.1 28 9 1 2 26% 15749958 8406 50%
c W 54204.00  0 19 214 1792358  3 75466830 945937 3.0 28 9 1 2 26% 15729212 8406 50%
c } 54265.99  0 19 214 1797538  3 75545262 1009091 3.0 28 9 1 2 26% 15729211 8406 50%
c [ 54265.99  0 28 214 1797538  1 75545262 1009091 2.2 42 20 1 2 25% 15729211 8406 50%
c W 54393.39  0 24 214 1797636  1 75855831 1268928 2.2 35 16 1 2 18% 15729211 8406 50%
c - 54444.04  0 35 215 1797652  1 75985310 815210 1.9 37 19 1 2 17% 15729211 8406 50%
c d 54444.35  0 35 215 1797652  1 75985310 815210 1.9 37 19 1 2 17% 15729209 8405 50%
c p 54445.41  0 35 215 1797652  1 75985310 820128 1.9 37 19 1 2 17% 15729209 8405 50%
c 2 54445.46  0 35 215 1797652  1 75985310 820110 1.9 37 19 1 2 17% 15729209 8405 50%
c u 54470.10  0 35 215 1797652  1 75985310 817547 1.9 37 19 1 2 17% 15729209 8405 50%
c v 54474.18  0 35 215 1797652  1 75985310 816886 1.9 37 19 1 2 17% 15729209 8405 50%
c w 54474.20  0 35 215 1797652  1 75985310 816886 1.9 37 19 1 2 17% 15729209 8405 50%
c x 54479.01  0 35 215 1797652  1 75985310 816885 1.9 37 19 1 2 17% 15727044 8405 50%
c t 54479.07  0 35 215 1797652  1 75985310 816869 1.9 37 19 1 2 17% 15726486 8405 50%
c ] 54537.26  0 32 215 1797707  1 76168279 972542 1.9 36 19 1 2 15% 15726486 8405 50%
c { 54537.26  0 19 215 1797707  3 76168279 972542 3.0 28 9 1 2 26% 15726486 8405 50%
c i 54581.60  0 18 215 1800874  3 76230136 1021315 2.9 26 9 1 2 25% 15726486 8403 50%
c # 54594.13  0 18 215 1801917  3 76245832 1033915 2.9 26 9 1 2 25% 15726486 8403 50%
c 
c   seconds     reductions       conflicts            size  tier2         variables
c            MB        restarts           redundant      glue  trail           remaining
c             level           rate              size/glue tier1   irredundant
c 
c } 54816.58  0 18 215 1819098  3 76522488 1251997 2.9 27 9 1 2 25% 15726486 8403 50%
c [ 54816.58  0 32 215 1819098  1 76522488 1251997 1.9 36 19 1 2 15% 15726486 8403 50%
c O 54860.49  0 25 215 1819142  1 76636833 1345633 2.0 31 15 1 2 17% 15726486 8403 50%
c - 54883.13  0 25 216 1819154  1 76681946 827495 2.0 31 15 1 2 17% 15705493 8403 50%
c 2 54883.17  0 25 216 1819154  1 76681946 827494 2.0 31 15 1 2 17% 15705492 8403 50%
c d 54883.51  0 25 216 1819154  1 76681946 826825 2.0 31 15 1 2 17% 15705490 8401 50%
c p 54884.59  0 25 216 1819154  1 76681946 831957 2.0 31 15 1 2 17% 15705490 8401 50%
c 2 54884.65  0 25 216 1819154  1 76681946 831955 2.0 31 15 1 2 17% 15705490 8401 50%
c u 54891.55  0 25 216 1819154  1 76681946 828902 2.0 31 15 1 2 17% 15705490 8401 50%
c v 54896.77  0 25 216 1819154  1 76681946 827564 2.0 31 15 1 2 17% 15705490 8401 50%
c w 54896.80  0 25 216 1819154  1 76681946 827564 2.0 31 15 1 2 17% 15705490 8401 50%
c x 54902.42  0 25 216 1819154  1 76681946 827562 2.0 31 15 1 2 17% 15703103 8401 50%
c t 54902.48  0 25 216 1819154  1 76681946 827529 2.0 31 15 1 2 17% 15702807 8401 50%
c i 54989.03  0 25 216 1819158  1 76923478 1035742 2.3 34 15 1 2 17% 15702807 8400 50%
c e 55039.66  0 31 216 1819158  1 77025087 1123430 2.3 41 18 1 2 15% 15680648 8393 50%
c s 55039.71  0 31 216 1819158  1 77025087 1123404 2.3 41 18 1 2 15% 15680611 8393 50%
c e 55039.94  0 31 216 1819158  1 77025087 1121839 2.3 41 18 1 2 15% 15680663 8387 50%
c B 55041.66  0 32 216 1819158  1 77028835 1125260 2.3 42 18 1 2 15% 15680663 8387 50%
c ] 55067.86  0 36 216 1819158  1 77108923 1195881 2.2 42 19 1 2 19% 15680663 8387 50%
c { 55067.86  0 18 216 1819158  3 77108923 1195881 2.9 27 9 1 2 25% 15680663 8387 50%
c 
c   seconds     reductions       conflicts           size  tier2         variables
c            MB        restarts          redundant      glue  trail           remaining
c             level           rate             size/glue tier1   irredundant
c 
c - 55292.82  0 18 217 1834979  3 77381625 791204 2.9 25 9 1 2 24% 15680663 8387 50%
c 2 55292.86  0 18 217 1834979  3 77381625 791200 2.9 25 9 1 2 24% 15680663 8387 50%
c p 55294.19  0 18 217 1834979  3 77381625 794383 2.9 25 9 1 2 24% 15680663 8386 50%
c u 55301.70  0 18 217 1834979  3 77381625 791483 2.9 25 9 1 2 24% 15680663 8386 50%
c v 55301.71  0 18 217 1834979  3 77381625 791483 2.9 25 9 1 2 24% 15680663 8386 50%
c w 55301.71  0 18 217 1834979  3 77381625 791483 2.9 25 9 1 2 24% 15680663 8386 50%
c x 55305.90  0 18 217 1834979  3 77381625 791483 2.9 25 9 1 2 24% 15678744 8386 50%
c t 55305.96  0 18 217 1834979  3 77381625 791470 2.9 25 9 1 2 24% 15678536 8386 50%
c B 55335.65  0 18 217 1837348  3 77421836 823553 2.9 26 9 1 2 25% 15678536 8386 50%
c } 55362.75  0 18 217 1839722  3 77459087 853502 2.9 26 9 1 2 25% 15678536 8386 50%
c [ 55362.76  0 36 217 1839722  1 77459087 853502 2.2 42 19 1 2 19% 15678536 8386 50%
c i 55407.84  0 29 217 1839723  1 77592474 968226 2.1 34 16 1 2 17% 15678536 8385 50%
c W 55549.13  0 39 217 1839723  1 77815837 1053140 2.0 39 19 1 2 15% 15656556 8385 50%
c - 55643.14  0 35 218 1839724  1 78084341 800462 2.0 41 21 1 2 13% 15656556 8385 50%
c 2 55643.17  0 35 218 1839724  1 78084341 800459 2.0 41 21 1 2 13% 15656556 8385 50%
c d 55643.46  0 35 218 1839724  1 78084341 799959 2.0 41 21 1 2 13% 15656552 8384 50%
c p 55644.48  0 35 218 1839724  1 78084341 804827 2.0 41 21 1 2 13% 15656552 8384 50%
c u 55650.48  0 35 218 1839724  1 78084341 802675 2.0 41 21 1 2 13% 15656552 8384 50%
c v 55653.60  0 35 218 1839724  1 78084341 802330 2.0 41 21 1 2 13% 15656552 8384 50%
c w 55653.74  0 35 218 1839724  1 78084341 802330 2.0 41 21 1 2 13% 15656552 8384 50%
c 
c   seconds     reductions       conflicts           size   tier2         variables
c            MB        restarts          redundant      glue   trail           remaining
c             level           rate             size/glue  tier1   irredundant
c 
c x 55657.71  0 35 218 1839724  1 78084341 802330 2.0 41 21 1 2 13% 15655122 8384 50%
c t 55657.76  0 35 218 1839724  1 78084341 802319 2.0 41 21 1 2 13% 15654899 8384 50%
c ] 55679.20  0 38 218 1839724  1 78145513 857979 2.0 42 21 1 2 14% 15654899 8384 50%
c { 55679.20  0 18 218 1839724  3 78145513 857979 2.9 26 9 1 2 25% 15654899 8384 50%
c W 55735.41  0 18 218 1843133  3 78210842 909367 2.8 25 9 1 2 24% 15654899 8384 50%
c i 55796.54  0 18 218 1848028  3 78293490 974902 2.9 25 9 1 2 24% 15654899 8383 50%
c i 55901.03  0 18 218 1856191  3 78429642 1083278 2.9 25 9 1 2 24% 15654899 8382 50%
c } 55972.25  0 18 218 1861907  3 78516207 1152211 2.9 26 9 1 2 25% 15654898 8382 50%
c [ 55972.25  0 38 218 1861907  1 78516207 1152211 2.0 42 21 1 2 14% 15654898 8382 50%
c I 56000.98  0 25 218 1861907  1 78606843 1226446 2.1 33 16 1 2 14% 15654898 8382 50%
c - 56088.75  0 40 219 1861907  1 78790091 816141 2.3 52 22 1 2 22% 15634117 8382 50%
c 2 56088.79  0 40 219 1861907  1 78790091 816131 2.3 52 22 1 2 22% 15634117 8382 50%
c p 56089.87  0 40 219 1861907  1 78790091 820996 2.3 52 22 1 2 22% 15634117 8382 50%
c u 56097.24  0 40 219 1861907  1 78790091 818254 2.3 52 22 1 2 22% 15634117 8382 50%
c v 56102.55  0 40 219 1861907  1 78790091 817400 2.3 52 22 1 2 22% 15634117 8382 50%
c w 56102.60  0 40 219 1861907  1 78790091 817400 2.3 52 22 1 2 22% 15634117 8382 50%
c x 56108.41  0 40 219 1861907  1 78790091 817397 2.3 52 22 1 2 22% 15631605 8382 50%
c t 56108.50  0 40 219 1861907  1 78790091 817382 2.3 52 22 1 2 22% 15631379 8382 50%
c t 56135.54  0 46 219 1861907  1 78872740 892201 2.0 54 26 1 2 18% 15631283 8382 50%
c e 56135.93  0 46 219 1861907  1 78872740 856373 2.0 54 26 1 2 18% 15631299 8377 50%
c 
c   seconds     reductions       conflicts           size   tier2         variables
c            MB        restarts          redundant      glue   trail           remaining
c             level           rate             size/glue  tier1   irredundant
c 
c s 56135.98  0 46 219 1861907  1 78872740 854970 2.0 54 26 1 2 18% 15631244 8377 50%
c e 56136.18  0 46 219 1861907  1 78872740 850072 2.0 54 26 1 2 18% 15631251 8373 50%
c B 56195.06  0 42 219 1861907  1 79003846 964534 1.9 47 24 1 2 20% 15631251 8373 50%
c ] 56227.97  0 40 219 1861907  1 79111836 1063685 2.2 48 22 1 2 21% 15631251 8373 50%
c { 56227.97  0 18 219 1861907  3 79111836 1063685 2.9 26 9 1 2 25% 15631251 8373 50%
c F 56471.57  0 18 219 1879498  3 79401848 1295188 3.0 27 9 1 2 26% 15631250 8373 50%
c } 56528.37  0 18 219 1883586  3 79467526 1346904 3.0 27 9 1 2 26% 15631250 8373 50%
c [ 56528.37  0 40 219 1883586  1 79467526 1346904 2.2 48 22 1 2 21% 15631250 8373 50%
c - 56541.65  0 34 220 1883586  1 79498884 827963 2.2 43 19 1 2 19% 15631250 8373 50%
c p 56542.75  0 34 220 1883586  1 79498884 833022 2.2 43 19 1 2 19% 15631250 8373 50%
c u 56549.97  0 34 220 1883586  1 79498884 830296 2.2 43 19 1 2 19% 15631250 8373 50%
c v 56555.49  0 34 220 1883586  1 79498884 829690 2.2 43 19 1 2 19% 15631250 8373 50%
c w 56555.51  0 34 220 1883586  1 79498884 829690 2.2 43 19 1 2 19% 15631250 8373 50%
c x 56560.17  0 34 220 1883586  1 79498884 829690 2.2 43 19 1 2 19% 15629731 8373 50%
c t 56560.24  0 34 220 1883586  1 79498884 829658 2.2 43 19 1 2 19% 15629391 8373 50%
c W 56725.59  0 33 220 1883586  1 79800854 1097106 2.1 43 20 1 2 13% 15629391 8373 50%
c ] 56860.09  0 36 220 1883587  1 80140836 1399394 1.9 42 22 1 2 13% 15629391 8373 50%
c { 56860.09  0 18 220 1883587  3 80140836 1399394 3.0 27 9 1 2 26% 15629391 8373 50%
c B 56907.34  0 18 220 1886443  3 80200855 1445918 2.9 26 9 1 2 26% 15629391 8373 50%
c - 56916.62  0 18 221 1886963  3 80210841 840466 2.9 26 9 1 2 26% 15629391 8373 50%
c 
c   seconds     reductions       conflicts           size  tier2         variables
c            MB        restarts          redundant      glue  trail           remaining
c             level           rate             size/glue tier1   irredundant
c 
c p 56917.76  0 18 221 1886963  3 80210841 845569 2.9 26 9 1 2 26% 15629391 8373 50%
c u 56939.83  0 18 221 1886963  3 80210841 843051 2.9 26 9 1 2 26% 15629391 8373 50%
c v 56942.95  0 18 221 1886963  3 80210841 842730 2.9 26 9 1 2 26% 15629391 8373 50%
c w 56942.96  0 18 221 1886963  3 80210841 842730 2.9 26 9 1 2 26% 15629391 8373 50%
c x 56947.69  0 18 221 1886963  3 80210841 842729 2.9 26 9 1 2 26% 15627213 8373 50%
c t 56947.75  0 18 221 1886963  3 80210841 842721 2.9 26 9 1 2 26% 15627051 8373 50%
c i 57053.46  0 18 221 1895584  3 80352941 955954 3.0 27 9 1 2 26% 15627051 8372 50%
c i 57154.68  0 18 221 1903791  3 80486333 1061263 2.9 26 9 1 2 25% 15627051 8371 50%
c } 57180.39  0 18 221 1905970  3 80518043 1086476 2.9 27 9 1 2 26% 15627051 8371 50%
c [ 57180.39  0 36 221 1905970  1 80518043 1086476 1.9 42 22 1 2 13% 15627051 8371 50%
c O 57206.90  0 31 221 1905970  1 80601858 1160963 2.0 39 19 1 2 14% 15627051 8371 50%
c e 57272.78  0 38 221 1905970  1 80741764 1226607 1.9 34 18 1 2 16% 15478267 8367 50%
c s 57272.84  0 38 221 1905970  1 80741764 1226391 1.9 34 18 1 2 16% 15478171 8367 50%
c e 57273.04  0 38 221 1905970  1 80741764 1225787 1.9 34 18 1 2 16% 15478169 8366 50%
c - 57352.83  0 28 222 1905970  1 80925968 815688 2.1 34 16 1 2 15% 15478169 8366 50%
c 2 57352.87  0 28 222 1905970  1 80925968 815684 2.1 34 16 1 2 15% 15478169 8366 50%
c p 57353.91  0 28 222 1905970  1 80925968 820549 2.1 34 16 1 2 15% 15478169 8366 50%
c u 57360.58  0 28 222 1905970  1 80925968 817865 2.1 34 16 1 2 15% 15478169 8366 50%
c v 57366.31  0 28 222 1905970  1 80925968 816890 2.1 34 16 1 2 15% 15478169 8366 50%
c w 57366.32  0 28 222 1905970  1 80925968 816890 2.1 34 16 1 2 15% 15478169 8366 50%
c 
c   seconds     reductions       conflicts           size   tier2         variables
c            MB        restarts          redundant      glue   trail           remaining
c             level           rate             size/glue  tier1   irredundant
c 
c x 57370.06  0 28 222 1905970  1 80925968 816890 2.1 34 16 1 2 15% 15476406 8366 50%
c t 57370.13  0 28 222 1905970  1 80925968 816882 2.1 34 16 1 2 15% 15476313 8366 50%
c B 57391.59  0 28 222 1905970  1 81003862 886868 2.2 36 17 1 2 13% 15476313 8366 50%
c ] 57458.49  0 32 222 1905970  1 81166537 1030135 2.1 38 18 1 2 13% 15476313 8366 50%
c { 57458.49  0 18 222 1905970  3 81166537 1030135 2.9 27 9 1 2 26% 15476313 8366 50%
c i 57612.59  0 18 222 1917282  3 81367681 1188935 2.9 26 9 1 2 25% 15476313 8365 50%
c W 57689.63  0 18 222 1920088  3 81406863 1208335 3.1 27 9 1 2 26% 15476295 8365 50%
c } 57796.85  0 18 222 1927544  3 81541080 1313529 2.9 25 9 1 2 25% 15476295 8365 50%
c [ 57796.85  0 32 222 1927544  1 81541080 1313529 2.1 38 18 1 2 13% 15476295 8365 50%
c - 57831.90  0 26 223 1927544  1 81643327 840267 2.1 34 16 1 2 14% 15476295 8365 50%
c 2 57831.93  0 26 223 1927544  1 81643327 840260 2.1 34 16 1 2 14% 15476295 8365 50%
c p 57832.97  0 26 223 1927544  1 81643327 845192 2.1 34 16 1 2 14% 15476295 8365 50%
c u 57839.90  0 26 223 1927544  1 81643327 842405 2.1 34 16 1 2 14% 15476295 8365 50%
c v 57844.82  0 26 223 1927544  1 81643327 841224 2.1 34 16 1 2 14% 15476295 8365 50%
c x 57849.86  0 26 223 1927544  1 81643327 841220 2.1 34 16 1 2 14% 15473728 8365 50%
c t 57849.93  0 26 223 1927544  1 81643327 841194 2.1 34 16 1 2 14% 15473585 8365 50%
c W 57909.38  0 31 223 1927544  1 81810865 994211 2.3 39 17 1 2 13% 15473585 8365 50%
c ] 58088.45  0 47 223 1927544  1 82197633 1311363 1.5 35 23 1 2 20% 15473585 8365 50%
c { 58088.45  0 18 223 1927544  3 82197633 1311363 2.9 25 9 1 2 25% 15473585 8365 50%
c # 58104.48  0 18 223 1929001  3 82215866 1326227 3.0 26 9 1 2 26% 15473585 8365 50%
c 
c   seconds     reductions       conflicts            size  tier2         variables
c            MB        restarts           redundant      glue  trail           remaining
c             level           rate              size/glue tier1   irredundant
c 
c i 58120.76  0 18 223 1930205  3 82235209 1341522 3.0 26 9 1 2 26% 15473585 8364 50%
c i 58148.88  0 18 223 1932026  3 82271045 1369530 2.9 25 9 1 2 26% 15473585 8362 50%
c - 58233.55  0 19 224 1938588  3 82363847 847786 3.1 28 9 1 2 27% 15319782 8362 50%
c 2 58233.59  0 19 224 1938588  3 82363847 847782 3.1 28 9 1 2 27% 15319782 8362 50%
c d 58233.88  0 19 224 1938588  3 82363847 847779 3.1 28 9 1 2 27% 15319780 8361 50%
c p 58234.93  0 19 224 1938588  3 82363847 852393 3.1 28 9 1 2 27% 15319780 8361 50%
c 2 58234.97  0 19 224 1938588  3 82363847 852377 3.1 28 9 1 2 27% 15319780 8361 50%
c u 58242.24  0 19 224 1938588  3 82363847 849644 3.1 28 9 1 2 27% 15319780 8361 50%
c v 58246.25  0 19 224 1938588  3 82363847 848977 3.1 28 9 1 2 27% 15319780 8361 50%
c w 58246.26  0 19 224 1938588  3 82363847 848977 3.1 28 9 1 2 27% 15319780 8361 50%
c x 58249.47  0 19 224 1938588  3 82363847 848976 3.1 28 9 1 2 27% 15318124 8361 50%
c t 58249.53  0 19 224 1938588  3 82363847 848943 3.1 28 9 1 2 27% 15317928 8361 50%
c } 58407.80  0 18 224 1951490  3 82580068 1022632 3.1 28 9 1 2 26% 15317928 8361 50%
c [ 58407.80  0 47 224 1951490  1 82580068 1022632 1.5 35 23 1 2 20% 15317928 8361 50%
c I 58423.26  0 39 224 1951490  1 82621867 1060222 1.9 39 20 1 2 21% 15317928 8361 50%
c e 58428.44  0 39 224 1951490  1 82630259 1037202 2.0 39 20 1 2 21% 15317927 8358 50%
c s 58428.49  0 39 224 1951490  1 82630259 1036149 2.0 39 20 1 2 21% 15317906 8358 50%
c B 58569.47  0 28 224 1951490  1 83028871 1375749 2.2 40 18 1 2 19% 15317904 8358 50%
c - 58592.63  0 36 225 1951490  1 83086537 832604 2.1 41 20 1 2 17% 15317904 8358 50%
c p 58593.70  0 36 225 1951490  1 83086537 837191 2.1 41 20 1 2 17% 15317904 8358 50%
c 
c   seconds     reductions       conflicts           size   tier2         variables
c            MB        restarts          redundant      glue   trail           remaining
c             level           rate             size/glue  tier1   irredundant
c 
c u 58600.48  0 36 225 1951490  1 83086537 834982 2.1 41 20 1 2 17% 15317904 8358 50%
c v 58603.81  0 36 225 1951490  1 83086537 834274 2.1 41 20 1 2 17% 15317904 8358 50%
c w 58603.85  0 36 225 1951490  1 83086537 834274 2.1 41 20 1 2 17% 15317904 8358 50%
c x 58608.74  0 36 225 1951490  1 83086537 834271 2.1 41 20 1 2 17% 15315748 8358 50%
c t 58608.80  0 36 225 1951490  1 83086537 834257 2.1 41 20 1 2 17% 15315574 8358 50%
c ] 58682.74  0 41 225 1951491  1 83297007 1020636 1.9 42 22 1 2 14% 15315574 8358 50%
c { 58682.74  0 18 225 1951491  3 83297007 1020636 3.1 28 9 1 2 26% 15315574 8358 50%
c B 58792.32  0 18 225 1959558  3 83436872 1132630 3.1 28 9 1 2 26% 15315574 8358 50%
c i 58972.27  0 17 225 1971976  2 83665515 1312863 2.8 25 9 1 2 25% 15315574 8356 50%
c } 58982.88  0 18 225 1972751  2 83677143 1322224 2.8 25 9 1 2 25% 15315574 8356 50%
c [ 58982.88  0 41 225 1972751  1 83677143 1322224 1.9 42 22 1 2 14% 15315574 8356 50%
c - 59031.50  0 31 226 1972751  1 83812377 841495 2.3 42 19 1 2 14% 15296780 8356 50%
c 2 59031.54  0 31 226 1972751  1 83812377 841494 2.3 42 19 1 2 14% 15296780 8356 50%
c p 59032.62  0 31 226 1972751  1 83812377 846109 2.3 42 19 1 2 14% 15296780 8356 50%
c u 59041.38  0 31 226 1972751  1 83812377 843371 2.3 42 19 1 2 14% 15296841 8356 50%
c v 59047.18  0 31 226 1972751  1 83812377 842328 2.3 42 19 1 2 14% 15296841 8356 50%
c w 59047.21  0 31 226 1972751  1 83812377 842328 2.3 42 19 1 2 14% 15296841 8356 50%
c x 59051.26  0 31 226 1972751  1 83812377 842328 2.3 42 19 1 2 14% 15295042 8356 50%
c t 59051.32  0 31 226 1972751  1 83812377 842305 2.3 42 19 1 2 14% 15294517 8356 50%
c W 59114.48  0 34 226 1972751  1 83845873 873466 2.3 45 20 1 2 15% 15294517 8356 50%
c 
c   seconds     reductions       conflicts            size   tier2         variables
c            MB        restarts           redundant      glue   trail           remaining
c             level           rate              size/glue  tier1   irredundant
c 
c O 59263.02  0 57 226 1972751  1 84255874 1237607 1.9 59 30 1 2 25% 15294517 8356 50%
c ] 59329.97  0 36 226 1972751  1 84456723 1412428 2.1 48 23 1 2 15% 15294517 8356 50%
c { 59329.97  0 18 226 1972751  2 84456723 1412428 2.8 25 9 1 2 25% 15294517 8356 50%
c t 59409.01  0 18 226 1978115  3 84538060 1477432 3.0 27 9 1 2 27% 15294517 8356 50%
c e 59409.43  0 18 226 1978115  3 84538060 1466572 3.0 27 9 1 2 27% 15294502 8352 50%
c s 59409.50  0 18 226 1978115  3 84538060 1463067 3.0 27 9 1 2 27% 15294439 8352 50%
c e 59409.72  0 18 226 1978115  3 84538060 1444411 3.0 27 9 1 2 27% 15294469 8348 50%
c - 59413.99  0 18 227 1978402  3 84541244 843355 3.0 27 9 1 2 27% 15294469 8348 50%
c 2 59414.02  0 18 227 1978402  3 84541244 843353 3.0 27 9 1 2 27% 15294469 8348 50%
c p 59415.05  0 18 227 1978402  3 84541244 847980 3.0 27 9 1 2 27% 15294469 8348 50%
c u 59421.16  0 18 227 1978402  3 84541244 846057 3.0 27 9 1 2 27% 15294469 8348 50%
c v 59424.04  0 18 227 1978402  3 84541244 845588 3.0 27 9 1 2 27% 15294469 8348 50%
c w 59424.04  0 18 227 1978402  3 84541244 845588 3.0 27 9 1 2 27% 15294469 8348 50%
c x 59427.34  0 18 227 1978402  3 84541244 845588 3.0 27 9 1 2 27% 15292147 8348 50%
c t 59427.41  0 18 227 1978402  3 84541244 845578 3.0 27 9 1 2 27% 15291605 8348 50%
c W 59538.17  0 18 227 1986148  3 84666876 946031 3.0 27 9 1 2 27% 15291605 8348 50%
c i 59585.89  0 18 227 1990186  3 84730758 996289 3.0 27 9 1 2 26% 15291605 8347 50%
c } 59667.58  0 18 227 1996277  3 84846757 1087724 3.1 27 9 1 2 26% 15291605 8347 50%
c [ 59667.58  0 36 227 1996277  1 84846757 1087724 2.1 48 23 1 2 15% 15291605 8347 50%
c i 59713.44  0 24 227 1996277  1 84971158 1190431 2.1 34 16 1 2 14% 15291605 8346 50%
c 
c   seconds     reductions       conflicts            size   tier2         variables
c            MB        restarts           redundant      glue   trail           remaining
c             level           rate              size/glue  tier1   irredundant
c 
c B 59755.39  0 36 227 1996277  1 85078878 1288631 2.1 43 20 1 2 16% 15291605 8346 50%
c - 59847.59  0 43 228 1996277  1 85273259 825206 1.9 46 25 1 2 18% 15123980 8346 50%
c 2 59847.63  0 43 228 1996277  1 85273259 825203 1.9 46 25 1 2 18% 15123980 8346 50%
c p 59848.68  0 43 228 1996277  1 85273259 829175 1.9 46 25 1 2 18% 15123980 8346 50%
c u 59874.40  0 43 228 1996277  1 85273259 826941 1.9 46 25 1 2 18% 15123980 8346 50%
c v 59880.35  0 43 228 1996277  1 85273259 825507 1.9 46 25 1 2 18% 15123980 8346 50%
c w 59880.39  0 43 228 1996277  1 85273259 825506 1.9 46 25 1 2 18% 15123980 8346 50%
c x 59883.83  0 43 228 1996277  1 85273259 825506 1.9 46 25 1 2 18% 15120957 8346 50%
c t 59883.89  0 43 228 1996277  1 85273259 825500 1.9 46 25 1 2 18% 15120847 8346 50%
c ] 59949.85  0 37 228 1996277  1 85423776 955319 2.0 45 23 1 2 20% 15120847 8346 50%
c { 59949.85  0 18 228 1996277  3 85423776 955319 3.1 27 9 1 2 26% 15120847 8346 50%
c i 59952.28  0 18 228 1996409  3 85428351 958796 3.0 26 9 1 2 26% 15120847 8345 50%
c F 60002.36  0 18 228 2000905  3 85491880 1009912 3.1 27 9 1 2 26% 15120847 8345 50%
c i 60105.02  0 18 228 2009147  3 85626951 1115829 2.9 26 9 1 2 26% 15120847 8344 50%
c i 60213.19  0 18 228 2017896  3 85768982 1227360 2.8 25 9 1 2 25% 15120847 8343 49%
c } 60258.35  0 18 228 2021601  3 85824541 1271884 3.0 27 9 1 2 26% 15120847 8343 49%
c [ 60258.35  0 37 228 2021601  1 85824541 1271884 2.0 45 23 1 2 20% 15120847 8343 49%
c W 60315.34  0 29 228 2021601  1 85905881 1329114 2.4 43 18 1 2 19% 14972162 8343 49%
c - 60347.55  0 63 229 2021601  1 86007311 856000 1.8 52 30 1 2 17% 14972162 8343 49%
c 2 60347.58  0 63 229 2021601  1 86007311 855994 1.8 52 30 1 2 17% 14972160 8343 49%
c 
c   seconds     reductions       conflicts           size   tier2         variables
c            MB        restarts          redundant      glue   trail           remaining
c             level           rate             size/glue  tier1   irredundant
c 
c d 60347.86  0 63 229 2021601  1 86007311 855832 1.8 52 30 1 2 17% 14972140 8339 49%
c p 60348.88  0 63 229 2021601  1 86007311 859883 1.8 52 30 1 2 17% 14972140 8339 49%
c 2 60348.93  0 63 229 2021601  1 86007311 859849 1.8 52 30 1 2 17% 14972140 8339 49%
c u 60355.14  0 63 229 2021601  1 86007311 857497 1.8 52 30 1 2 17% 14972140 8339 49%
c v 60361.51  0 63 229 2021601  1 86007311 856196 1.8 52 30 1 2 17% 14972140 8339 49%
c w 60361.56  0 63 229 2021601  1 86007311 856196 1.8 52 30 1 2 17% 14972140 8339 49%
c x 60363.79  0 63 229 2021601  1 86007311 856196 1.8 52 30 1 2 17% 14969249 8339 49%
c t 60363.85  0 63 229 2021601  1 86007311 856030 1.8 52 30 1 2 17% 14969156 8339 49%
c I 60480.89  0 57 229 2021601  1 86320882 1140908 1.8 53 29 1 2 18% 14969156 8339 49%
c t 60528.17  0 37 229 2021601  1 86467454 1271192 2.1 49 23 1 2 21% 14969156 8339 49%
c e 60528.58  0 37 229 2021601  1 86467454 1263812 2.1 49 23 1 2 21% 14969187 8326 49%
c s 60528.63  0 37 229 2021601  1 86467454 1263469 2.1 49 23 1 2 21% 14968928 8326 49%
c e 60528.86  0 37 229 2021601  1 86467454 1261226 2.1 49 23 1 2 21% 14968930 8320 49%
c ] 60597.27  0 39 229 2021601  1 86685590 1455088 2.0 54 27 1 2 18% 14968930 8320 49%
c { 60597.27  0 18 229 2021601  3 86685590 1455088 3.0 27 9 1 2 26% 14968930 8320 49%
c B 60637.19  0 18 229 2023962  3 86736883 1495092 3.0 26 9 1 2 25% 14968930 8320 49%
c - 60645.28  0 18 230 2024625  3 86743502 864736 3.0 27 9 1 2 25% 14968930 8320 49%
c 2 60645.32  0 18 230 2024625  3 86743502 864732 3.0 27 9 1 2 25% 14968929 8320 49%
c p 60646.38  0 18 230 2024625  3 86743502 868445 3.0 27 9 1 2 25% 14968929 8320 49%
c u 60651.68  0 18 230 2024625  3 86743502 866311 3.0 27 9 1 2 25% 14968929 8320 49%
c 
c   seconds     reductions       conflicts           size  tier2         variables
c            MB        restarts          redundant      glue  trail           remaining
c             level           rate             size/glue tier1   irredundant
c 
c v 60654.34  0 18 230 2024625  3 86743502 866144 3.0 27 9 1 2 25% 14968929 8320 49%
c x 60657.76  0 18 230 2024625  3 86743502 866105 3.0 27 9 1 2 25% 14966227 8320 49%
c t 60657.82  0 18 230 2024625  3 86743502 866097 3.0 27 9 1 2 25% 14965837 8320 49%
c i 60751.60  0 18 230 2032106  3 86872746 966732 2.9 26 9 1 2 26% 14965837 8319 49%
c } 60932.43  0 18 230 2046396  3 87097413 1143792 3.0 27 9 1 2 26% 14965837 8319 49%
c [ 60932.43  0 39 230 2046396  1 87097413 1143792 2.0 54 27 1 2 18% 14965837 8319 49%
c i 60932.65  0 39 230 2046396  1 87097941 1144100 2.0 54 27 1 2 18% 14965837 8318 49%
c B 60955.00  0 37 230 2046396  1 87153885 1194272 2.2 51 23 1 2 19% 14965837 8318 49%
c - 61088.53  0 45 231 2046396  1 87482814 863204 2.1 50 23 1 2 17% 14965811 8318 49%
c 2 61088.56  0 45 231 2046396  1 87482814 863202 2.1 50 23 1 2 17% 14965811 8318 49%
c p 61089.64  0 45 231 2046396  1 87482814 867190 2.1 50 23 1 2 17% 14965811 8318 49%
c u 61096.33  0 45 231 2046396  1 87482814 864784 2.1 50 23 1 2 17% 14965811 8318 49%
c v 61101.51  0 45 231 2046396  1 87482814 864001 2.1 50 23 1 2 17% 14965811 8318 49%
c w 61101.54  0 45 231 2046396  1 87482814 864001 2.1 50 23 1 2 17% 14965811 8318 49%
c x 61107.02  0 45 231 2046396  1 87482814 863989 2.1 50 23 1 2 17% 14963170 8318 49%
c t 61107.08  0 45 231 2046396  1 87482814 863968 2.1 50 23 1 2 17% 14963101 8318 49%
c W 61179.94  0 42 231 2046396  1 87571890 942333 2.1 45 22 1 2 21% 14963101 8318 49%
c ] 61297.00  0 36 231 2046396  1 87964850 1285933 1.9 43 23 1 2 21% 14963101 8318 49%
c { 61297.00  0 18 231 2046396  3 87964850 1285933 3.0 27 9 1 2 26% 14963101 8318 49%
c W 61326.00  0 18 231 2047923  3 87990891 1306581 3.0 27 9 1 2 26% 14963101 8318 49%
c 
c   seconds     reductions       conflicts            size  tier2         variables
c            MB        restarts           redundant      glue  trail           remaining
c             level           rate              size/glue tier1   irredundant
c 
c i 61334.02  0 18 231 2048240  3 88005121 1317079 2.9 26 9 1 2 25% 14963101 8317 49%
c - 61535.00  0 18 232 2062165  3 88225247 873804 3.1 28 9 1 2 25% 14941507 8317 49%
c 2 61535.03  0 18 232 2062165  3 88225247 873800 3.1 28 9 1 2 25% 14941506 8317 49%
c p 61536.05  0 18 232 2062165  3 88225247 877990 3.1 28 9 1 2 25% 14941506 8317 49%
c u 61542.06  0 18 232 2062165  3 88225247 875471 3.1 28 9 1 2 25% 14941506 8317 49%
c v 61545.93  0 18 232 2062165  3 88225247 874689 3.1 28 9 1 2 25% 14941506 8317 49%
c w 61545.94  0 18 232 2062165  3 88225247 874689 3.1 28 9 1 2 25% 14941506 8317 49%
c x 61550.62  0 18 232 2062165  3 88225247 874680 3.1 28 9 1 2 25% 14939459 8317 49%
c t 61550.69  0 18 232 2062165  3 88225247 874666 3.1 28 9 1 2 25% 14938923 8317 49%
c } 61653.62  0 18 232 2070540  3 88370317 990343 3.1 28 9 1 2 26% 14938923 8317 49%
c [ 61653.62  0 36 232 2070540  1 88370317 990343 1.9 43 23 1 2 21% 14938923 8317 49%
c O 61666.82  0 31 232 2070540  1 88410892 1025927 2.0 40 20 1 2 19% 14938923 8317 49%
c e 61669.26  0 31 232 2070540  1 88413812 1027817 2.0 39 20 1 2 19% 14938894 8312 49%
c s 61669.31  0 31 232 2070540  1 88413812 1027498 2.0 39 20 1 2 19% 14938810 8312 49%
c e 61669.51  0 31 232 2070540  1 88413812 1023994 2.0 39 20 1 2 19% 14938814 8307 49%
c i 61702.54  0 24 232 2070540  1 88509040 1101420 2.1 33 16 1 2 16% 14938814 8306 49%
c B 61846.73  0 47 232 2070540  1 88831894 1385141 1.6 38 24 1 2 20% 14938814 8306 49%
c - 61900.56  0 31 233 2070540  1 88970658 844475 2.2 40 18 1 2 15% 14916841 8306 49%
c 2 61900.60  0 31 233 2070540  1 88970658 844468 2.2 40 18 1 2 15% 14916835 8306 49%
c p 61901.65  0 31 233 2070540  1 88970658 848699 2.2 40 18 1 2 15% 14916835 8306 49%
c 
c   seconds     reductions       conflicts           size   tier2         variables
c            MB        restarts          redundant      glue   trail           remaining
c             level           rate             size/glue  tier1   irredundant
c 
c u 61906.32  0 31 233 2070540  1 88970658 846388 2.2 40 18 1 2 15% 14916835 8306 49%
c v 61906.36  0 31 233 2070540  1 88970658 846384 2.2 40 18 1 2 15% 14916835 8306 49%
c w 61906.36  0 31 233 2070540  1 88970658 846384 2.2 40 18 1 2 15% 14916835 8306 49%
c x 61911.77  0 31 233 2070540  1 88970658 846374 2.2 40 18 1 2 15% 14914546 8306 49%
c t 61911.84  0 31 233 2070540  1 88970658 846370 2.2 40 18 1 2 15% 14914141 8306 49%
c ] 61947.44  0 35 233 2070540  1 89072327 935111 2.0 42 21 1 2 14% 14914141 8306 49%
c { 61947.44  0 18 233 2070540  3 89072327 935111 3.1 28 9 1 2 26% 14914141 8306 49%
c i 61971.29  0 18 233 2072340  3 89100598 957681 3.2 28 9 1 2 26% 14914141 8305 49%
c i 62003.31  0 18 233 2074724  3 89146419 993278 3.0 27 9 1 2 25% 14914141 8304 49%
c # 62084.98  0 18 233 2081425  3 89253895 1079042 3.0 27 9 1 2 26% 14914141 8304 49%
c i 62098.49  0 18 233 2082556  3 89269806 1091293 3.0 27 9 1 2 26% 14914141 8303 49%
c i 62159.49  0 17 233 2086901  3 89355630 1157526 2.8 25 9 1 2 24% 14914141 8302 49%
c } 62268.93  0 18 233 2096046  3 89485144 1260628 3.1 28 9 1 2 25% 14914141 8302 49%
c [ 62268.93  0 35 233 2096046  1 89485144 1260628 2.0 42 21 1 2 14% 14914141 8302 49%
c i 62321.78  0 24 233 2096046  1 89639034 1391116 2.2 33 15 1 2 14% 14914141 8301 49%
c W 62378.06  0 25 233 2096046  1 89676897 1260683 2.4 35 15 1 2 13% 14832036 8301 49%
c - 62397.07  0 25 234 2096046  1 89719043 828217 2.2 33 15 1 2 14% 14832036 8301 49%
c 2 62397.11  0 25 234 2096046  1 89719043 828214 2.2 33 15 1 2 14% 14832035 8301 49%
c p 62399.08  0 25 234 2096046  1 89719043 829456 2.2 33 15 1 2 14% 14832031 8297 49%
c u 62404.50  0 25 234 2096046  1 89719043 827032 2.2 33 15 1 2 14% 14832031 8297 49%
c 
c   seconds     reductions       conflicts           size   tier2         variables
c            MB        restarts          redundant      glue   trail           remaining
c             level           rate             size/glue  tier1   irredundant
c 
c v 62404.52  0 25 234 2096046  1 89719043 827031 2.2 33 15 1 2 14% 14832031 8297 49%
c w 62404.55  0 25 234 2096046  1 89719043 827031 2.2 33 15 1 2 14% 14832031 8297 49%
c x 62409.99  0 25 234 2096046  1 89719043 827029 2.2 33 15 1 2 14% 14829657 8297 49%
c t 62410.05  0 25 234 2096046  1 89719043 827014 2.2 33 15 1 2 14% 14829637 8297 49%
c I 62553.15  0 28 234 2096143  1 90100899 1155196 2.0 36 18 1 2 15% 14829637 8297 49%
c ] 62615.33  0 29 234 2096173  1 90275110 1304636 2.2 38 17 1 2 24% 14829637 8297 49%
c { 62615.33  0 18 234 2096173  3 90275110 1304636 3.1 28 9 1 2 25% 14829637 8297 49%
c i 62696.31  0 18 234 2101902  3 90372251 1381705 3.0 27 9 1 2 26% 14829637 8296 49%
c e 62705.55  0 18 234 2102442  3 90381678 1261132 3.0 27 9 1 2 26% 14679979 8284 49%
c s 62705.62  0 18 234 2102442  3 90381678 1260194 3.0 27 9 1 2 26% 14679875 8284 49%
c e 62705.85  0 18 234 2102442  3 90381678 1145381 3.0 27 9 1 2 26% 14679931 8274 49%
c - 62776.23  0 18 235 2107482  3 90469986 794424 3.0 26 9 1 2 26% 14679931 8274 49%
c 2 62776.26  0 18 235 2107482  3 90469986 794417 3.0 26 9 1 2 26% 14679928 8274 49%
c p 62777.23  0 18 235 2107482  3 90469986 797406 3.0 26 9 1 2 26% 14679928 8274 49%
c u 62781.62  0 18 235 2107482  3 90469986 795087 3.0 26 9 1 2 26% 14679928 8274 49%
c t 62781.69  0 18 235 2107482  3 90469986 795086 3.0 26 9 1 2 26% 14679928 8274 49%
c B 62820.52  0 18 235 2110818  3 90525902 840473 3.0 27 9 1 2 26% 14679928 8274 49%
c i 62935.83  0 18 235 2120704  3 90692393 972247 3.0 26 9 1 2 26% 14679928 8273 49%
c } 62936.96  0 18 235 2120868  3 90693823 973445 3.0 26 9 1 2 26% 14679928 8273 49%
c [ 62936.96  0 29 235 2120868  1 90693823 973445 2.2 38 17 1 2 24% 14679928 8273 49%
c 
c   seconds     reductions       conflicts            size   tier2         variables
c            MB        restarts           redundant      glue   trail           remaining
c             level           rate              size/glue  tier1   irredundant
c 
c B 63044.74  0 34 235 2120957  2 90951904 1193960 2.5 46 18 1 2 26% 14679928 8273 49%
c i 63115.81  0 20 235 2120995  1 91166972 1372623 2.2 30 13 1 2 16% 14679928 8272 49%
c - 63138.40  0 27 236 2120996  1 91222998 792934 2.0 33 16 1 2 15% 14658123 8272 49%
c 2 63138.43  0 27 236 2120996  1 91222998 792931 2.0 33 16 1 2 15% 14658123 8272 49%
c p 63139.45  0 27 236 2120996  1 91222998 795899 2.0 33 16 1 2 15% 14658123 8272 49%
c = 63155.77  0 27 236 2120996  1 91222998 795894 2.0 33 16 1 2 15% 14658118 8270 49%
c u 63159.92  0 27 236 2120996  1 91222998 793557 2.0 33 16 1 2 15% 14658118 8270 49%
c v 63160.01  0 27 236 2120996  1 91222998 793553 2.0 33 16 1 2 15% 14658118 8270 49%
c w 63160.09  0 27 236 2120996  1 91222998 793551 2.0 33 16 1 2 15% 14658118 8270 49%
c x 63164.41  0 27 236 2120996  1 91222998 793548 2.0 33 16 1 2 15% 14654923 8270 49%
c t 63164.46  0 27 236 2120996  1 91222998 793548 2.0 33 16 1 2 15% 14654907 8270 49%
c W 63253.02  0 33 236 2121027  1 91378906 929980 2.1 42 20 1 2 15% 14654907 8270 49%
c ] 63262.32  0 32 236 2121040  1 91404185 951918 2.1 40 19 1 2 16% 14654907 8270 49%
c { 63262.32  0 18 236 2121040  3 91404185 951918 3.0 26 9 1 2 26% 14654907 8270 49%
c i 63312.69  0 18 236 2125267  3 91474702 1007025 2.9 25 9 1 2 25% 14654907 8269 49%
c W 63579.64  0 18 236 2146363  3 91806910 1263995 2.9 26 9 1 2 26% 14634492 8269 49%
c i 63592.09  0 18 236 2147533  3 91823725 1276941 2.9 25 9 1 2 26% 14634492 8266 49%
c } 63594.05  0 18 236 2147736  3 91825817 1278719 2.9 25 9 1 2 26% 14634492 8266 49%
c [ 63594.05  0 32 236 2147736  1 91825817 1278719 2.1 40 19 1 2 16% 14634492 8266 49%
c - 63653.34  0 31 237 2147784  1 91978982 845039 2.6 46 17 1 2 24% 14634426 8266 49%
c 
c   seconds     reductions       conflicts           size   tier2         variables
c            MB        restarts          redundant      glue   trail           remaining
c             level           rate             size/glue  tier1   irredundant
c 
c 2 63653.38  0 31 237 2147784  1 91978982 844986 2.6 46 17 1 2 24% 14634425 8266 49%
c p 63654.37  0 31 237 2147784  1 91978982 847942 2.6 46 17 1 2 24% 14634425 8266 49%
c u 63661.78  0 31 237 2147784  1 91978982 845326 2.6 46 17 1 2 24% 14634425 8266 49%
c v 63669.81  0 31 237 2147784  1 91978982 844264 2.6 46 17 1 2 24% 14634425 8266 49%
c w 63669.84  0 31 237 2147784  1 91978982 844264 2.6 46 17 1 2 24% 14634425 8266 49%
c t 63669.89  0 31 237 2147784  1 91978982 844254 2.6 46 17 1 2 24% 14634424 8266 49%
c O 63750.59  0 26 237 2147841  1 92235911 1060624 2.0 34 17 1 2 24% 14634424 8266 49%
c t 63791.42  0 25 237 2147882  1 92367586 1171605 2.1 34 17 1 2 17% 14634424 8266 49%
c e 63791.77  0 25 237 2147882  1 92367586 1107130 2.1 34 17 1 2 17% 14634462 8259 49%
c s 63791.86  0 25 237 2147882  1 92367586 1105896 2.1 34 17 1 2 17% 14634385 8259 49%
c e 63792.04  0 25 237 2147882  1 92367586 1094660 2.1 34 17 1 2 17% 14634414 8256 49%
c ] 63869.44  0 27 237 2147946  1 92626674 1316475 2.2 40 18 1 2 14% 14634414 8256 49%
c { 63869.44  0 18 237 2147946  3 92626674 1316475 2.9 25 9 1 2 26% 14634414 8256 49%
c F 63899.92  0 18 237 2150186  3 92665913 1347563 2.9 26 9 1 2 26% 14634414 8256 49%
c - 63956.10  0 17 238 2153940  3 92737926 828282 2.9 26 9 1 2 26% 14634414 8256 49%
c 2 63956.14  0 17 238 2153940  3 92737926 828278 2.9 26 9 1 2 26% 14634413 8256 49%
c p 63957.15  0 17 238 2153940  3 92737926 830485 2.9 26 9 1 2 26% 14634413 8255 49%
c u 63962.23  0 17 238 2153940  3 92737926 828051 2.9 26 9 1 2 26% 14634413 8255 49%
c v 63969.90  0 17 238 2153940  3 92737926 827050 2.9 26 9 1 2 26% 14634413 8255 49%
c t 63969.95  0 17 238 2153940  3 92737926 827049 2.9 26 9 1 2 26% 14634413 8255 49%
c 
c   seconds     reductions       conflicts            size  tier2         variables
c            MB        restarts           redundant      glue  trail           remaining
c             level           rate              size/glue tier1   irredundant
c 
c } 64192.03  0 17 238 2173503  3 93061548 1082186 2.9 25 9 1 2 25% 14634413 8255 49%
c [ 64192.03  0 27 238 2173503  1 93061548 1082186 2.2 40 18 1 2 14% 14634413 8255 49%
c B 64202.85  0 25 238 2173504  1 93096915 1111674 2.2 36 16 1 2 14% 14634413 8255 49%
c - 64351.27  0 36 239 2173511  1 93499993 853022 2.1 40 19 1 2 13% 14503945 8255 49%
c 2 64351.31  0 36 239 2173511  1 93499993 853018 2.1 40 19 1 2 13% 14503945 8255 49%
c d 64351.57  0 36 239 2173511  1 93499993 851598 2.1 40 19 1 2 13% 14503945 8254 49%
c p 64352.55  0 36 239 2173511  1 93499993 853759 2.1 40 19 1 2 13% 14503945 8254 49%
c u 64362.22  0 36 239 2173511  1 93499993 851478 2.1 40 19 1 2 13% 14503957 8254 49%
c v 64366.16  0 36 239 2173511  1 93499993 850950 2.1 40 19 1 2 13% 14503957 8254 49%
c w 64366.22  0 36 239 2173511  1 93499993 850949 2.1 40 19 1 2 13% 14503957 8254 49%
c x 64371.44  0 36 239 2173511  1 93499993 850942 2.1 40 19 1 2 13% 14501400 8254 49%
c t 64371.49  0 36 239 2173511  1 93499993 850928 2.1 40 19 1 2 13% 14501337 8254 49%
c W 64417.93  0 33 239 2173522  1 93528916 875543 2.1 39 18 1 2 13% 14501337 8254 49%
c i 64480.42  0 26 239 2173597  1 93748646 1061118 2.1 35 17 1 2 23% 14501337 8251 49%
c ] 64528.99  0 25 239 2173632  1 93896838 1187701 2.2 34 16 1 2 23% 14501337 8251 49%
c { 64528.99  0 17 239 2173632  3 93896838 1187701 2.9 25 9 1 2 25% 14501337 8251 49%
c B 64577.71  0 17 239 2177929  3 93961918 1239094 2.9 25 9 1 2 26% 14501337 8251 49%
c i 64773.94  0 17 239 2193822  3 94231303 1448036 2.7 23 9 1 2 25% 14501337 8250 49%
c - 64801.31  0 17 240 2196291  3 94264248 830208 2.7 24 9 1 2 24% 14433723 8250 49%
c 2 64801.35  0 17 240 2196291  3 94264248 830187 2.7 24 9 1 2 24% 14433722 8250 49%
c 
c   seconds     reductions       conflicts           size  tier2         variables
c            MB        restarts          redundant      glue  trail           remaining
c             level           rate             size/glue tier1   irredundant
c 
c p 64802.29  0 17 240 2196291  3 94264248 832326 2.7 24 9 1 2 24% 14433722 8250 49%
c u 64820.98  0 17 240 2196291  3 94264248 830053 2.7 24 9 1 2 24% 14433722 8250 49%
c v 64831.43  0 17 240 2196291  3 94264248 826830 2.7 24 9 1 2 24% 14433722 8250 49%
c w 64831.44  0 17 240 2196291  3 94264248 826830 2.7 24 9 1 2 24% 14433722 8250 49%
c t 64831.50  0 17 240 2196291  3 94264248 826813 2.7 24 9 1 2 24% 14433722 8250 49%
c } 64876.12  0 18 240 2200489  3 94330239 879738 2.9 25 9 1 2 25% 14433722 8250 49%
c [ 64876.12  0 25 240 2200489  1 94330239 879738 2.2 34 16 1 2 23% 14433722 8250 49%
c e 64887.60  0 22 240 2200489  1 94374831 892605 2.3 33 14 1 2 19% 14433779 8241 49%
c s 64887.65  0 22 240 2200489  1 94374831 891345 2.3 33 14 1 2 19% 14433706 8241 49%
c e 64887.84  0 22 240 2200489  1 94374831 887645 2.3 33 14 1 2 19% 14433736 8239 49%
c I 64893.00  0 25 240 2200491  1 94395920 907563 2.4 36 15 1 2 19% 14433736 8239 49%
c B 65020.32  0 20 240 2200616  1 94830924 1264038 2.4 34 14 1 2 23% 14433736 8239 49%
c - 65083.13  0 31 241 2200635  1 95031107 843607 2.1 40 19 1 2 14% 14433736 8239 49%
c 2 65083.16  0 31 241 2200635  1 95031107 843604 2.1 40 19 1 2 14% 14433736 8239 49%
c p 65084.16  0 31 241 2200635  1 95031107 845745 2.1 40 19 1 2 14% 14433736 8239 49%
c u 65089.31  0 31 241 2200635  1 95031107 844138 2.1 40 19 1 2 14% 14433736 8239 49%
c v 65092.08  0 31 241 2200635  1 95031107 843763 2.1 40 19 1 2 14% 14433736 8239 49%
c w 65092.11  0 31 241 2200635  1 95031107 843763 2.1 40 19 1 2 14% 14433736 8239 49%
c x 65095.58  0 31 241 2200635  1 95031107 843763 2.1 40 19 1 2 14% 14432057 8239 49%
c t 65095.63  0 31 241 2200635  1 95031107 843759 2.1 40 19 1 2 14% 14432025 8239 49%
c 
c   seconds     reductions       conflicts            size   tier2         variables
c            MB        restarts           redundant      glue   trail           remaining
c             level           rate              size/glue  tier1   irredundant
c 
c W 65191.77  0 30 241 2200711  1 95266925 1044130 2.1 41 20 1 2 16% 14432025 8239 49%
c ] 65199.92  0 31 241 2200724  1 95297948 1072230 2.0 40 20 1 2 16% 14432025 8239 49%
c { 65199.92  0 18 241 2200724  3 95297948 1072230 2.9 25 9 1 2 25% 14432025 8239 49%
c i 65287.11  0 17 241 2206990  3 95414004 1163366 2.8 24 9 1 2 25% 14432025 8238 49%
c W 65541.00  0 17 241 2224939  3 95703927 1376124 2.9 26 9 1 2 25% 14410451 8238 49%
c } 65554.03  0 18 241 2225897  3 95720039 1388938 3.0 26 9 1 2 25% 14410451 8238 49%
c [ 65554.03  0 31 241 2225897  1 95720039 1388938 2.0 40 20 1 2 16% 14410451 8238 49%
c - 65583.70  0 26 242 2225916  1 95801077 858872 2.3 37 16 1 2 14% 14410451 8238 49%
c p 65584.84  0 26 242 2225916  1 95801077 861040 2.3 37 16 1 2 14% 14410451 8238 49%
c u 65590.03  0 26 242 2225916  1 95801077 858693 2.3 37 16 1 2 14% 14410451 8238 49%
c v 65602.87  0 26 242 2225916  1 95801077 856305 2.3 37 16 1 2 14% 14410451 8238 49%
c w 65602.89  0 26 242 2225916  1 95801077 856305 2.3 37 16 1 2 14% 14410451 8238 49%
c t 65602.96  0 26 242 2225916  1 95801077 856299 2.3 37 16 1 2 14% 14410451 8238 49%
c O 65717.05  0 30 242 2226009  1 96141928 1149751 1.9 35 19 1 2 22% 14410451 8238 49%
c t 65820.00  0 31 242 2226045  1 96400473 1373315 2.0 41 20 1 2 16% 14410451 8238 49%
c e 65820.39  0 31 242 2226045  1 96400473 1372653 2.0 41 20 1 2 16% 14410455 8236 49%
c s 65820.44  0 31 242 2226045  1 96400473 1372524 2.0 41 20 1 2 16% 14410422 8236 49%
c ] 65860.78  0 27 242 2226046  1 96504201 1456739 2.1 39 19 1 2 15% 14410422 8236 49%
c { 65860.78  0 18 242 2226046  3 96504201 1456739 3.0 26 9 1 2 25% 14410422 8236 49%
c - 65921.21  0 17 243 2230208  3 96573994 875396 2.8 25 9 1 2 25% 14410422 8236 49%
c 
c   seconds     reductions       conflicts           size  tier2         variables
c            MB        restarts          redundant      glue  trail           remaining
c             level           rate             size/glue tier1   irredundant
c 
c 2 65921.24  0 17 243 2230208  3 96573994 875395 2.8 25 9 1 2 25% 14410422 8236 49%
c p 65922.22  0 17 243 2230208  3 96573994 877433 2.8 25 9 1 2 25% 14410422 8236 49%
c u 65928.02  0 17 243 2230208  3 96573994 875088 2.8 25 9 1 2 25% 14410422 8236 49%
c v 65935.71  0 17 243 2230208  3 96573994 873775 2.8 25 9 1 2 25% 14410422 8236 49%
c w 65935.72  0 17 243 2230208  3 96573994 873775 2.8 25 9 1 2 25% 14410422 8236 49%
c t 65935.78  0 17 243 2230208  3 96573994 873770 2.8 25 9 1 2 25% 14410422 8236 49%
c # 65939.91  0 17 243 2230567  3 96580929 879329 2.8 25 9 1 2 25% 14410422 8236 49%
c i 66172.65  0 17 243 2250799  2 96924052 1147524 2.8 24 9 1 2 24% 14410421 8235 49%
c } 66195.88  0 17 243 2252770  2 96955440 1172054 2.8 24 9 1 2 24% 14410421 8235 49%
c [ 66195.88  0 27 243 2252770  1 96955440 1172054 2.1 39 19 1 2 15% 14410421 8235 49%
c B 66213.21  0 24 243 2252770  1 97020931 1226290 2.1 34 16 1 2 14% 14410421 8235 49%
c - 66314.12  0 36 244 2252771  1 97350018 882801 2.2 45 21 1 2 16% 14389085 8235 49%
c d 66314.44  0 36 244 2252771  1 97350018 881443 2.2 45 21 1 2 16% 14389081 8234 49%
c p 66315.40  0 36 244 2252771  1 97350018 883493 2.2 45 21 1 2 16% 14389081 8234 49%
c 2 66315.44  0 36 244 2252771  1 97350018 883491 2.2 45 21 1 2 16% 14389081 8234 49%
c u 66321.39  0 36 244 2252771  1 97350018 880932 2.2 45 21 1 2 16% 14389081 8234 49%
c v 66326.62  0 36 244 2252771  1 97350018 880251 2.2 45 21 1 2 16% 14389081 8234 49%
c w 66326.65  0 36 244 2252771  1 97350018 880251 2.2 45 21 1 2 16% 14389081 8234 49%
c x 66331.28  0 36 244 2252771  1 97350018 880246 2.2 45 21 1 2 16% 14387168 8234 49%
c t 66331.33  0 36 244 2252771  1 97350018 880235 2.2 45 21 1 2 16% 14387047 8234 49%
c 
c   seconds     reductions       conflicts           size   tier2         variables
c            MB        restarts          redundant      glue   trail           remaining
c             level           rate             size/glue  tier1   irredundant
c 
c W 66403.58  0 35 244 2252771  1 97461932 981059 2.3 44 19 1 2 19% 14387047 8234 49%
c I 66540.16  0 27 244 2252833  1 97903935 1357597 2.0 36 18 1 2 17% 14387047 8234 49%
c ] 66545.19  0 27 244 2252834  1 97919008 1370342 2.0 35 18 1 2 16% 14387047 8234 49%
c { 66545.19  0 17 244 2252834  2 97919008 1370342 2.8 24 9 1 2 24% 14387047 8234 49%
c - 66715.95  0 17 245 2265078  2 98128994 898288 2.7 23 9 1 2 24% 14387047 8234 49%
c p 66716.94  0 17 245 2265078  2 98128994 900333 2.7 23 9 1 2 24% 14387047 8234 49%
c = 66728.73  0 17 245 2265078  2 98128994 900331 2.7 23 9 1 2 24% 14387047 8233 49%
c u 66734.68  0 17 245 2265078  2 98128994 897894 2.7 23 9 1 2 24% 14387047 8233 49%
c v 66742.59  0 17 245 2265078  2 98128994 896737 2.7 23 9 1 2 24% 14387047 8233 49%
c w 66742.60  0 17 245 2265078  2 98128994 896737 2.7 23 9 1 2 24% 14387047 8233 49%
c t 66742.66  0 17 245 2265078  2 98128994 896731 2.7 23 9 1 2 24% 14387046 8233 49%
c i 66779.57  0 17 245 2268666  3 98184783 940085 2.7 23 9 1 2 24% 14387046 8232 49%
c i 66850.66  0 17 245 2274945  3 98290427 1022063 2.7 24 9 1 2 25% 14387046 8231 49%
c B 66889.91  0 17 245 2278344  3 98346938 1065839 2.7 23 9 1 2 24% 14387046 8231 49%
c } 66898.82  0 17 245 2278964  2 98363064 1078097 2.7 23 9 1 2 24% 14387046 8231 49%
c [ 66898.82  0 27 245 2278964  1 98363064 1078097 2.0 35 18 1 2 16% 14387046 8231 49%
c e 66926.19  0 24 245 2278994  1 98447322 1146284 2.2 34 15 1 2 21% 14365651 8225 49%
c s 66926.25  0 24 245 2278994  1 98447322 1144466 2.2 34 15 1 2 21% 14365572 8225 49%
c e 66926.44  0 24 245 2278994  1 98447322 1115318 2.2 34 15 1 2 21% 14365602 8218 49%
c B 67029.78  0 35 245 2279088  1 98790939 1411456 1.8 43 23 1 2 16% 14365602 8218 49%
c 
c   seconds     reductions       conflicts           size   tier2         variables
c            MB        restarts          redundant      glue   trail           remaining
c             level           rate             size/glue  tier1   irredundant
c 
c - 67070.18  0 32 246 2279121  1 98911067 873556 2.0 41 21 1 2 16% 14365602 8218 49%
c 2 67070.21  0 32 246 2279121  1 98911067 873546 2.0 41 21 1 2 16% 14365602 8218 49%
c p 67071.19  0 32 246 2279121  1 98911067 875534 2.0 41 21 1 2 16% 14365602 8218 49%
c u 67076.34  0 32 246 2279121  1 98911067 873090 2.0 41 21 1 2 16% 14365602 8218 49%
c v 67080.83  0 32 246 2279121  1 98911067 872021 2.0 41 21 1 2 16% 14365602 8218 49%
c w 67080.84  0 32 246 2279121  1 98911067 872021 2.0 41 21 1 2 16% 14365602 8218 49%
c x 67085.40  0 32 246 2279121  1 98911067 872018 2.0 41 21 1 2 16% 14363458 8218 49%
c t 67085.46  0 32 246 2279121  1 98911067 872012 2.0 41 21 1 2 16% 14363435 8218 49%
c W 67227.32  0 30 246 2279156  1 99235945 1149573 2.3 39 17 1 2 22% 14363435 8218 49%
c ] 67233.98  0 32 246 2279159  1 99253535 1165087 2.2 39 18 1 2 23% 14363435 8218 49%
c { 67233.98  0 17 246 2279159  2 99253535 1165087 2.7 23 9 1 2 24% 14363435 8218 49%
c i 67261.02  0 17 246 2281272  2 99291635 1195112 2.7 23 9 1 2 24% 14363435 8217 49%
c W 67568.48  0 17 246 2305290  3 99681947 1491159 2.7 24 9 1 2 24% 14343137 8217 49%
c - 67580.07  0 17 247 2306117  2 99696088 890286 2.8 24 9 1 2 24% 14343137 8217 49%
c 2 67580.10  0 17 247 2306117  2 99696088 890285 2.8 24 9 1 2 24% 14343137 8217 49%
c p 67581.14  0 17 247 2306117  2 99696088 892803 2.8 24 9 1 2 24% 14343137 8216 49%
c u 67587.20  0 17 247 2306117  2 99696088 890286 2.8 24 9 1 2 24% 14343137 8216 49%
c v 67596.43  0 17 247 2306117  2 99696088 887584 2.8 24 9 1 2 24% 14343137 8216 49%
c w 67596.45  0 17 247 2306117  2 99696088 887584 2.8 24 9 1 2 24% 14343137 8216 49%
c t 67596.51  0 17 247 2306117  2 99696088 887561 2.8 24 9 1 2 24% 14343137 8216 49%
c 
c   seconds     reductions       conflicts           size  tier2         variables
c            MB        restarts          redundant      glue  trail           remaining
c             level           rate             size/glue tier1   irredundant
c 
c } 67596.53  0 17 247 2306117  2 99696088 887561 2.8 24 9 1 2 24% 14343137 8216 49%
c [ 67596.53  0 32 247 2306117  1 99696088 887561 2.2 39 18 1 2 23% 14343137 8216 49%
c i 67615.41  0 26 247 2306145  1 99761418 940877 2.3 34 15 1 2 22% 14343137 8215 49%
c O 67717.02  0 29 247 2306241  1 100128948 1264055 2.3 43 18 1 2 13% 14343137 8215 49%
c - 67862.30  0 30 248 2306356  1 100484047 887110 1.9 38 20 1 2 15% 14343102 8215 49%
c 2 67862.33  0 30 248 2306356  1 100484047 887107 1.9 38 20 1 2 15% 14343102 8215 49%
c p 67863.27  0 30 248 2306356  1 100484047 889239 1.9 38 20 1 2 15% 14343102 8215 49%
c u 67880.31  0 30 248 2306356  1 100484047 886831 1.9 38 20 1 2 15% 14343102 8215 49%
c v 67887.78  0 30 248 2306356  1 100484047 885856 1.9 38 20 1 2 15% 14343102 8215 49%
c w 67887.82  0 30 248 2306356  1 100484047 885856 1.9 38 20 1 2 15% 14343102 8215 49%
c t 67887.88  0 30 248 2306356  1 100484047 885852 1.9 38 20 1 2 15% 14343101 8215 49%
c ] 67889.80  0 30 248 2306357  1 100487901 889164 1.9 38 20 1 2 15% 14343101 8215 49%
c { 67889.80  0 17 248 2306357  2 100487901 889164 2.8 24 9 1 2 24% 14343101 8215 49%
c e 67904.49  0 17 248 2307332  2 100515461 908688 2.6 22 9 1 2 23% 14343128 8211 49%
c s 67904.54  0 17 248 2307332  2 100515461 908503 2.6 22 9 1 2 23% 14343091 8211 49%
c e 67904.71  0 17 248 2307332  2 100515461 907783 2.6 22 9 1 2 23% 14343111 8209 49%
c F 67947.40  0 17 248 2311544  2 100576949 955864 2.6 23 9 1 2 23% 14343111 8209 49%
c i 68193.94  0 17 248 2332684  3 100924163 1224569 2.8 24 9 1 2 24% 14343111 8208 49%
c } 68216.25  0 17 248 2334845  3 100954014 1248112 2.8 24 9 1 2 23% 14343111 8208 49%
c [ 68216.25  0 30 248 2334845  1 100954014 1248112 1.9 38 20 1 2 15% 14343111 8208 49%
c 
c   seconds     reductions        conflicts            size   tier2         variables
c            MB        restarts            redundant      glue   trail           remaining
c             level           rate               size/glue  tier1   irredundant
c 
c i 68233.37  0 23 248 2334855  1 101016386 1297477 2.1 32 15 1 2 14% 14343111 8207 49%
c B 68237.24  0 25 248 2334855  1 101025952 1306339 2.1 33 16 1 2 14% 14343111 8207 49%
c - 68314.24  0 33 249 2334858  1 101275114 880139 2.0 41 21 1 2 17% 14300824 8207 49%
c 2 68314.28  0 33 249 2334858  1 101275114 880117 2.0 41 21 1 2 17% 14300823 8206 49%
c p 68315.27  0 33 249 2334858  1 101275114 882132 2.0 41 21 1 2 17% 14300823 8206 49%
c u 68321.17  0 33 249 2334858  1 101275114 879457 2.0 41 21 1 2 17% 14300823 8206 49%
c v 68327.55  0 33 249 2334858  1 101275114 877766 2.0 41 21 1 2 17% 14300823 8206 49%
c w 68327.55  0 33 249 2334858  1 101275114 877766 2.0 41 21 1 2 17% 14300823 8206 49%
c x 68332.83  0 33 249 2334858  1 101275114 877761 2.0 41 21 1 2 17% 14298474 8206 49%
c t 68332.87  0 33 249 2334858  1 101275114 877753 2.0 41 21 1 2 17% 14298429 8206 49%
c W 68422.81  0 31 249 2334858  1 101475953 1053524 2.0 40 20 1 2 18% 14298419 8206 49%
c ] 68551.31  0 22 249 2334985  1 101894830 1398963 2.1 32 15 1 2 14% 14298419 8206 49%
c { 68551.31  0 17 249 2334985  3 101894830 1398963 2.8 24 9 1 2 23% 14298419 8206 49%
c B 68574.64  0 17 249 2336868  3 101926955 1423503 2.8 24 9 1 2 23% 14298419 8206 49%
c - 68683.41  0 17 250 2345549  3 102068965 906018 2.6 23 9 1 2 23% 14298419 8206 49%
c p 68684.42  0 17 250 2345549  3 102068965 908028 2.6 23 9 1 2 23% 14298419 8206 49%
c u 68691.13  0 17 250 2345549  3 102068965 905330 2.6 23 9 1 2 23% 14298419 8206 49%
c v 68698.25  0 17 250 2345549  3 102068965 903536 2.6 23 9 1 2 23% 14298419 8206 49%
c w 68698.26  0 17 250 2345549  3 102068965 903536 2.6 23 9 1 2 23% 14298419 8206 49%
c t 68698.31  0 17 250 2345549  3 102068965 903527 2.6 23 9 1 2 23% 14298419 8206 49%
c 
c   seconds     reductions        conflicts            size  tier2         variables
c            MB        restarts            redundant      glue  trail           remaining
c             level           rate               size/glue tier1   irredundant
c 
c i 68817.42  0 17 250 2355975  2 102245723 1039949 2.6 22 9 1 2 23% 14298419 8205 49%
c } 68897.87  0 17 250 2363147  3 102355270 1124679 2.7 24 9 1 2 24% 14298419 8205 49%
c [ 68897.87  0 22 250 2363147  1 102355270 1124679 2.1 32 15 1 2 14% 14298419 8205 49%
c I 68908.31  0 21 250 2363147  1 102378956 1144241 2.2 32 14 1 2 15% 14298419 8205 49%
c e 68988.26  0 26 250 2363210  1 102605010 1331583 2.1 36 17 1 2 15% 14277208 8194 49%
c s 68988.31  0 26 250 2363210  1 102605010 1331020 2.1 36 17 1 2 15% 14277129 8194 49%
c e 68988.51  0 26 250 2363210  1 102605010 1330710 2.1 36 17 1 2 15% 14277138 8192 49%
c B 69069.24  0 34 250 2363274  1 102831958 1517549 1.9 37 19 1 2 15% 14277138 8192 49%
c - 69081.96  0 33 251 2363274  1 102865904 905535 1.9 37 19 1 2 15% 14277138 8192 49%
c 2 69081.99  0 33 251 2363274  1 102865904 905533 1.9 37 19 1 2 15% 14277138 8192 49%
c p 69082.94  0 33 251 2363274  1 102865904 907520 1.9 37 19 1 2 15% 14277138 8192 49%
c u 69088.36  0 33 251 2363274  1 102865904 905089 1.9 37 19 1 2 15% 14277138 8192 49%
c v 69098.86  0 33 251 2363274  1 102865904 902628 1.9 37 19 1 2 15% 14277138 8192 49%
c w 69098.90  0 33 251 2363274  1 102865904 902628 1.9 37 19 1 2 15% 14277138 8192 49%
c t 69098.95  0 33 251 2363274  1 102865904 902619 1.9 37 19 1 2 15% 14277138 8192 49%
c ] 69200.14  0 25 251 2363338  1 103208036 1192626 2.2 34 16 1 2 12% 14277138 8192 49%
c { 69200.14  0 17 251 2363338  3 103208036 1192626 2.7 24 9 1 2 24% 14277138 8192 49%
c W 69293.66  0 17 251 2367880  2 103285961 1252856 2.7 23 9 1 2 23% 14277138 8192 49%
c } 69573.10  0 16 251 2390146  2 103663976 1539897 2.5 21 9 1 2 22% 14277138 8192 49%
c [ 69573.10  0 25 251 2390146  1 103663976 1539897 2.2 34 16 1 2 12% 14277138 8192 49%
c 
c   seconds     reductions        conflicts           size   tier2         variables
c            MB        restarts           redundant      glue   trail           remaining
c             level           rate              size/glue  tier1   irredundant
c 
c - 69574.81  0 24 252 2390146  1 103665787 922659 2.2 34 16 1 2 12% 14277138 8192 49%
c p 69575.81  0 24 252 2390146  1 103665787 924987 2.2 34 16 1 2 12% 14277138 8192 49%
c = 69592.71  0 24 252 2390146  1 103665787 924985 2.2 34 16 1 2 12% 14277130 8190 49%
c u 69599.07  0 24 252 2390146  1 103665787 922329 2.2 34 16 1 2 12% 14277130 8190 49%
c v 69610.52  0 24 252 2390146  1 103665787 920199 2.2 34 16 1 2 12% 14277130 8190 49%
c w 69610.55  0 24 252 2390146  1 103665787 920199 2.2 34 16 1 2 12% 14277130 8190 49%
c t 69610.62  0 24 252 2390146  1 103665787 920173 2.2 34 16 1 2 12% 14277129 8190 49%
c W 69645.52  0 28 252 2390176  1 103740963 987157 2.2 38 17 1 2 13% 14277129 8190 49%
c O 69778.18  0 26 252 2390301  1 104196964 1364637 2.0 41 20 1 2 11% 14277129 8190 49%
c i 69818.84  0 23 252 2390336  1 104312017 1454537 2.0 33 17 1 2 11% 14277129 8189 49%
c - 69879.94  0 32 253 2390338  1 104468769 889866 2.0 39 19 1 2 13% 14277103 8189 49%
c 2 69879.98  0 32 253 2390338  1 104468769 889865 2.0 39 19 1 2 13% 14277102 8189 49%
c p 69880.92  0 32 253 2390338  1 104468769 892112 2.0 39 19 1 2 13% 14277102 8189 49%
c u 69887.89  0 32 253 2390338  1 104468769 890317 2.0 39 19 1 2 13% 14277127 8189 49%
c v 69887.92  0 32 253 2390338  1 104468769 890313 2.0 39 19 1 2 13% 14277127 8189 49%
c w 69887.94  0 32 253 2390338  1 104468769 890313 2.0 39 19 1 2 13% 14277127 8189 49%
c x 69892.47  0 32 253 2390338  1 104468769 890308 2.0 39 19 1 2 13% 14274689 8189 49%
c t 69892.52  0 32 253 2390338  1 104468769 890300 2.0 39 19 1 2 13% 14274480 8189 49%
c ] 69931.55  0 30 253 2390339  1 104630752 1038236 2.4 42 17 1 2 15% 14274480 8189 49%
c { 69931.55  0 16 253 2390339  2 104630752 1038236 2.5 21 9 1 2 22% 14274480 8189 49%
c 
c   seconds     reductions        conflicts            size  tier2         variables
c            MB        restarts            redundant      glue  trail           remaining
c             level           rate               size/glue tier1   irredundant
c 
c # 69947.77  0 16 253 2391771  2 104653965 1056118 2.6 22 9 1 2 22% 14274480 8189 49%
c e 69993.20  0 16 253 2395571  2 104715383 1101972 2.5 22 9 1 2 22% 14274488 8186 49%
c s 69993.25  0 16 253 2395571  2 104715383 1101748 2.5 22 9 1 2 22% 14274426 8186 49%
c e 69993.43  0 16 253 2395571  2 104715383 1101723 2.5 22 9 1 2 22% 14274442 8185 49%
c i 70021.28  0 16 253 2398073  3 104749838 1128240 2.6 22 9 1 2 22% 14274442 8184 49%
c i 70053.75  0 16 253 2400852  2 104795733 1163178 2.6 22 9 1 2 22% 14274442 8183 49%
c } 70274.82  0 16 253 2418074  2 105087132 1386401 2.6 22 9 1 2 22% 14274442 8183 49%
c [ 70274.82  0 30 253 2418074  1 105087132 1386401 2.4 42 17 1 2 15% 14274442 8183 49%
c i 70281.44  0 27 253 2418074  1 105108529 1404133 2.4 39 16 1 2 14% 14274442 8181 49%
c B 70282.64  0 27 253 2418074  1 105111966 1407212 2.4 39 16 1 2 14% 14274442 8181 49%
c - 70337.61  0 29 254 2418075  1 105274855 889616 2.1 40 19 1 2 16% 14204841 8181 49%
c 2 70337.64  0 29 254 2418075  1 105274855 889575 2.1 40 19 1 2 16% 14204841 8181 49%
c d 70337.91  0 29 254 2418075  1 105274855 889502 2.1 40 19 1 2 16% 14204837 8179 49%
c p 70338.85  0 29 254 2418075  1 105274855 891543 2.1 40 19 1 2 16% 14204837 8179 49%
c 2 70338.89  0 29 254 2418075  1 105274855 891537 2.1 40 19 1 2 16% 14204837 8179 49%
c u 70358.61  0 29 254 2418075  1 105274855 889166 2.1 40 19 1 2 16% 14204837 8179 49%
c v 70368.25  0 29 254 2418075  1 105274855 886431 2.1 40 19 1 2 16% 14204837 8179 49%
c w 70368.31  0 29 254 2418075  1 105274855 886431 2.1 40 19 1 2 16% 14204837 8179 49%
c t 70368.37  0 29 254 2418075  1 105274855 886410 2.1 40 19 1 2 16% 14204837 8179 49%
c W 70495.51  0 29 254 2418075  1 105570968 1148770 2.2 40 19 1 2 13% 14204837 8179 49%
c 
c   seconds     reductions        conflicts            size   tier2         variables
c            MB        restarts            redundant      glue   trail           remaining
c             level           rate               size/glue  tier1   irredundant
c 
c I 70622.05  0 27 254 2418076  1 106030970 1544272 2.0 38 19 1 2 11% 14204837 8179 49%
c ] 70639.29  0 33 254 2418076  1 106073059 1581320 2.0 39 19 1 2 14% 14204837 8179 49%
c { 70639.29  0 16 254 2418076  2 106073059 1581320 2.6 22 9 1 2 22% 14204837 8179 49%
c - 70650.49  0 16 255 2418775  2 106083481 917691 2.6 22 9 1 2 22% 14204837 8179 49%
c p 70651.47  0 16 255 2418775  2 106083481 919685 2.6 22 9 1 2 22% 14204837 8179 49%
c u 70656.39  0 16 255 2418775  2 106083481 917722 2.6 22 9 1 2 22% 14204837 8179 49%
c v 70658.75  0 16 255 2418775  2 106083481 917100 2.6 22 9 1 2 22% 14204837 8179 49%
c w 70658.76  0 16 255 2418775  2 106083481 917100 2.6 22 9 1 2 22% 14204837 8179 49%
c x 70662.05  0 16 255 2418775  2 106083481 917097 2.6 22 9 1 2 22% 14203338 8179 49%
c t 70662.10  0 16 255 2418775  2 106083481 917080 2.6 22 9 1 2 22% 14203157 8179 49%
c i 70796.05  0 16 255 2430491  2 106292743 1075848 2.4 20 8 1 2 21% 14203157 8178 49%
c B 70931.66  0 16 255 2442557  2 106491974 1226432 2.4 20 8 1 2 21% 14203157 8178 49%
c i 70938.33  0 15 255 2442877  2 106503795 1235298 2.4 20 8 1 2 21% 14203157 8177 49%
c i 70942.81  0 15 255 2443121  2 106511965 1241174 2.3 19 8 1 2 20% 14203157 8176 49%
c } 70983.75  0 15 255 2446709  2 106571308 1286306 2.5 21 8 1 2 21% 14203157 8176 49%
c [ 70983.75  0 33 255 2446709  1 106571308 1286306 2.0 39 19 1 2 14% 14203157 8176 49%
c i 71025.45  0 22 255 2446709  1 106731583 1422060 2.3 33 14 1 2 13% 14203157 8175 48%
c e 71056.48  0 23 255 2446709  1 106847480 1508088 2.5 40 16 1 2 14% 14117169 8165 48%
c s 71056.59  0 23 255 2446709  1 106847480 1503354 2.5 40 16 1 2 14% 14117093 8165 48%
c e 71056.79  0 23 255 2446709  1 106847480 1501069 2.5 40 16 1 2 14% 14117105 8162 48%
c 
c   seconds     reductions        conflicts           size   tier2         variables
c            MB        restarts           redundant      glue   trail           remaining
c             level           rate              size/glue  tier1   irredundant
c 
c - 71072.36  0 25 256 2446709  1 106895208 858547 2.4 40 17 1 2 13% 14117105 8162 48%
c 2 71072.39  0 25 256 2446709  1 106895208 858531 2.4 40 17 1 2 13% 14117105 8162 48%
c d 71072.63  0 25 256 2446709  1 106895208 858493 2.4 40 17 1 2 13% 14117099 8161 48%
c p 71073.55  0 25 256 2446709  1 106895208 860541 2.4 40 17 1 2 13% 14117099 8161 48%
c 2 71073.60  0 25 256 2446709  1 106895208 860539 2.4 40 17 1 2 13% 14117099 8161 48%
c u 71078.08  0 25 256 2446709  1 106895208 858133 2.4 40 17 1 2 13% 14117099 8161 48%
c v 71078.13  0 25 256 2446709  1 106895208 858128 2.4 40 17 1 2 13% 14117099 8161 48%
c w 71078.15  0 25 256 2446709  1 106895208 858128 2.4 40 17 1 2 13% 14117099 8161 48%
c x 71082.93  0 25 256 2446709  1 106895208 858121 2.4 40 17 1 2 13% 14115079 8161 48%
c t 71082.98  0 25 256 2446709  1 106895208 858079 2.4 40 17 1 2 13% 14114988 8161 48%
c B 71101.79  0 28 256 2446709  1 106953976 911454 2.4 41 17 1 2 14% 14114988 8161 48%
c W 71270.52  0 21 256 2446737  1 107416979 1295715 2.4 35 14 1 2 12% 14114988 8161 48%
c ] 71327.44  0 26 256 2446786  1 107587348 1442362 2.2 37 17 1 2 13% 14114988 8161 48%
c { 71327.44  0 15 256 2446786  2 107587348 1442362 2.5 21 8 1 2 21% 14114988 8161 48%
c - 71420.87  0 15 257 2454164  2 107709338 908663 2.5 20 8 1 2 21% 14114987 8161 48%
c p 71421.84  0 15 257 2454164  2 107709338 910717 2.5 20 8 1 2 21% 14114987 8161 48%
c u 71437.74  0 15 257 2454164  2 107709338 908037 2.5 20 8 1 2 21% 14114987 8161 48%
c v 71440.93  0 15 257 2454164  2 107709338 907297 2.5 20 8 1 2 21% 14114987 8161 48%
c w 71440.94  0 15 257 2454164  2 107709338 907297 2.5 20 8 1 2 21% 14114987 8161 48%
c x 71445.15  0 15 257 2454164  2 107709338 907289 2.5 20 8 1 2 21% 14112711 8161 48%
c 
c   seconds     reductions        conflicts           size  tier2         variables
c            MB        restarts           redundant      glue  trail           remaining
c             level           rate              size/glue tier1   irredundant
c 
c t 71445.20  0 15 257 2454164  2 107709338 907270 2.5 20 8 1 2 21% 14112577 8161 48%
c i 71458.38  0 15 257 2455330  2 107730298 922730 2.4 20 8 1 2 21% 14112577 8160 48%
c i 71498.47  0 15 257 2459312  2 107793285 970274 2.5 21 8 1 2 21% 14112577 8159 48%
c W 71568.73  0 16 257 2465095  2 107880981 1012730 2.5 21 8 1 2 22% 14069920 8159 48%
c i 71582.14  0 15 257 2466045  2 107906238 1031668 2.5 21 8 1 2 22% 14069920 8158 48%
c i 71667.98  0 16 257 2474648  2 108028370 1124345 2.5 21 8 1 2 22% 14069920 8157 48%
c } 71704.41  0 16 257 2478062  2 108078244 1162295 2.6 22 9 1 2 22% 14069920 8157 48%
c [ 71704.41  0 26 257 2478062  1 108078244 1162295 2.2 37 17 1 2 13% 14069920 8157 48%
c i 71727.00  0 22 257 2478094  1 108170614 1239730 2.5 37 15 1 2 15% 14069920 8156 48%
c O 71772.12  0 27 257 2478126  1 108345984 1398290 2.3 43 19 1 2 12% 14069920 8156 48%
c - 71832.66  0 21 258 2478179  1 108526544 887193 2.2 34 15 1 2 12% 13954799 8156 48%
c 2 71832.69  0 21 258 2478179  1 108526544 887187 2.2 34 15 1 2 12% 13954795 8156 48%
c d 71832.93  0 21 258 2478179  1 108526544 887152 2.2 34 15 1 2 12% 13954793 8155 48%
c p 71833.84  0 21 258 2478179  1 108526544 889297 2.2 34 15 1 2 12% 13954793 8155 48%
c 2 71833.88  0 21 258 2478179  1 108526544 889288 2.2 34 15 1 2 12% 13954792 8155 48%
c u 71840.13  0 21 258 2478179  1 108526544 886629 2.2 34 15 1 2 12% 13954792 8155 48%
c v 71844.57  0 21 258 2478179  1 108526544 885526 2.2 34 15 1 2 12% 13954792 8155 48%
c x 71848.65  0 21 258 2478179  1 108526544 885520 2.2 34 15 1 2 12% 13952601 8155 48%
c t 71848.71  0 21 258 2478179  1 108526544 885493 2.2 34 15 1 2 12% 13952489 8155 48%
c B 71921.57  0 20 258 2478240  1 108811985 1124022 2.4 34 14 1 2 12% 13952489 8155 48%
c 
c   seconds     reductions        conflicts            size   tier2         variables
c            MB        restarts            redundant      glue   trail           remaining
c             level           rate               size/glue  tier1   irredundant
c 
c t 71975.14  0 25 258 2478271  1 108998728 1282525 2.4 40 17 1 2 15% 13952489 8155 48%
c e 71975.49  0 25 258 2478271  1 108998728 1276844 2.4 40 17 1 2 15% 13952458 8139 48%
c s 71975.57  0 25 258 2478271  1 108998728 1273556 2.4 40 17 1 2 15% 13952295 8139 48%
c e 71975.75  0 25 258 2478271  1 108998728 1272521 2.4 40 17 1 2 15% 13952333 8134 48%
c ] 72029.80  0 29 258 2478318  1 109151050 1403386 2.0 38 19 1 2 13% 13952333 8134 48%
c { 72029.80  0 16 258 2478318  2 109151050 1403386 2.6 22 9 1 2 22% 13952333 8134 48%
c i 72035.63  0 16 258 2478635  2 109157639 1408365 2.6 22 9 1 2 22% 13952333 8133 48%
c i 72081.32  0 16 258 2481846  2 109210124 1447420 2.6 22 8 1 2 22% 13952333 8132 48%
c i 72101.45  0 16 258 2483354  2 109233826 1465413 2.5 22 9 1 2 22% 13952333 8131 48%
c F 72141.64  0 16 258 2485825  2 109278987 1499242 2.6 22 8 1 2 22% 13952333 8131 48%
c i 72166.39  0 16 258 2487381  2 109308627 1521171 2.6 22 8 1 2 22% 13952333 8130 48%
c - 72201.00  0 16 259 2489999  2 109345556 890516 2.6 22 9 1 2 22% 13952251 8130 48%
c 2 72201.03  0 16 259 2489999  2 109345556 890477 2.6 22 9 1 2 22% 13952251 8130 48%
c p 72201.99  0 16 259 2489999  2 109345556 892538 2.6 22 9 1 2 22% 13952251 8130 48%
c u 72207.83  0 16 259 2489999  2 109345556 890218 2.6 22 9 1 2 22% 13952251 8130 48%
c v 72211.59  0 16 259 2489999  2 109345556 889549 2.6 22 9 1 2 22% 13952251 8130 48%
c x 72216.07  0 16 259 2489999  2 109345556 889542 2.6 22 9 1 2 22% 13950568 8130 48%
c t 72216.13  0 16 259 2489999  2 109345556 889519 2.6 22 9 1 2 22% 13950502 8130 48%
c i 72239.42  0 16 259 2491760  2 109384472 918579 2.5 21 8 1 2 21% 13950502 8129 48%
c i 72292.35  0 16 259 2496370  2 109459921 975431 2.6 21 8 1 2 22% 13950502 8128 48%
c 
c   seconds     reductions        conflicts           size  tier2         variables
c            MB        restarts           redundant      glue  trail           remaining
c             level           rate              size/glue tier1   irredundant
c 
c i 72300.86  0 16 259 2497132  2 109472800 985201 2.6 21 8 1 2 22% 13950502 8127 48%
c i 72368.68  0 16 259 2503128  2 109569336 1057623 2.5 21 8 1 2 22% 13950502 8126 48%
c } 72406.05  0 16 259 2506873  2 109619780 1096868 2.6 22 8 1 2 22% 13950502 8126 48%
c [ 72406.05  0 29 259 2506873  1 109619780 1096868 2.0 38 19 1 2 13% 13950502 8126 48%
c i 72420.53  0 24 259 2506891  1 109676129 1141604 2.0 32 16 1 2 15% 13950502 8125 48%
c W 72475.27  0 24 259 2506920  1 109746988 1110527 2.0 32 16 1 2 14% 13842512 8125 48%
c - 72597.17  0 22 260 2507031  1 110167632 866412 1.9 30 16 1 2 12% 13842512 8125 48%
c 2 72597.20  0 22 260 2507031  1 110167632 866393 1.9 30 16 1 2 12% 13842510 8125 48%
c d 72597.45  0 22 260 2507031  1 110167632 866375 1.9 30 16 1 2 12% 13842491 8123 48%
c p 72598.40  0 22 260 2507031  1 110167632 869316 1.9 30 16 1 2 12% 13842491 8122 48%
c 2 72598.47  0 22 260 2507031  1 110167632 869313 1.9 30 16 1 2 12% 13842491 8122 48%
c u 72604.14  0 22 260 2507031  1 110167632 866835 1.9 30 16 1 2 12% 13842491 8122 48%
c v 72608.08  0 22 260 2507031  1 110167632 866100 1.9 30 16 1 2 12% 13842491 8122 48%
c w 72608.09  0 22 260 2507031  1 110167632 866100 1.9 30 16 1 2 12% 13842491 8122 48%
c x 72612.78  0 22 260 2507031  1 110167632 866091 1.9 30 16 1 2 12% 13840025 8122 48%
c t 72612.84  0 22 260 2507031  1 110167632 866077 1.9 30 16 1 2 12% 13839914 8122 48%
c I 72622.13  0 19 260 2507047  1 110215992 905218 2.2 30 14 1 2 11% 13839914 8122 48%
c ] 72769.57  0 31 260 2507051  1 110681536 1298474 1.9 35 19 1 2 14% 13839913 8122 48%
c { 72769.57  0 16 260 2507051  2 110681536 1298474 2.6 22 8 1 2 22% 13839913 8122 48%
c B 72773.71  0 16 260 2507448  3 110685994 1301978 2.6 22 8 1 2 22% 13839913 8122 48%
c 
c   seconds     reductions        conflicts            size  tier2         variables
c            MB        restarts            redundant      glue  trail           remaining
c             level           rate               size/glue tier1   irredundant
c 
c i 72911.69  0 16 260 2516917  2 110851744 1427802 2.5 21 8 1 2 21% 13839913 8121 48%
c i 72915.49  0 16 260 2517193  2 110856192 1431059 2.5 21 8 1 2 21% 13839913 8120 48%
c i 73001.58  0 16 260 2523423  2 110961783 1509353 2.3 20 8 1 2 20% 13839913 8119 48%
c i 73009.24  0 16 260 2523879  2 110972506 1517172 2.3 19 8 1 2 20% 13839913 8118 48%
c - 73027.96  0 16 261 2525184  2 110991889 878251 2.4 20 8 1 2 20% 13800290 8118 48%
c 2 73027.99  0 16 261 2525184  2 110991889 878212 2.4 20 8 1 2 20% 13800288 8118 48%
c d 73028.26  0 16 261 2525184  2 110991889 873372 2.4 20 8 1 2 20% 13800269 8116 48%
c p 73029.72  0 16 261 2525184  2 110991889 875935 2.4 20 8 1 2 20% 13800269 8114 48%
c 2 73029.79  0 16 261 2525184  2 110991889 875926 2.4 20 8 1 2 20% 13800267 8114 48%
c = 73043.02  0 16 261 2525184  2 110991889 875692 2.4 20 8 1 2 20% 13800235 8112 48%
c u 73048.04  0 16 261 2525184  2 110991889 873308 2.4 20 8 1 2 20% 13800235 8112 48%
c v 73054.16  0 16 261 2525184  2 110991889 871830 2.4 20 8 1 2 20% 13800235 8112 48%
c x 73058.18  0 16 261 2525184  2 110991889 871824 2.4 20 8 1 2 20% 13798502 8112 48%
c t 73058.23  0 16 261 2525184  2 110991889 871760 2.4 20 8 1 2 20% 13798418 8112 48%
c i 73061.68  0 16 261 2525391  2 110997623 875816 2.4 20 8 1 2 20% 13798418 8111 48%
c i 73066.90  0 16 261 2525822  2 111005799 882099 2.4 19 8 1 2 20% 13798418 8110 48%
c i 73099.96  0 16 261 2528576  2 111056626 920639 2.4 20 8 1 2 20% 13798418 8109 48%
c i 73158.23  0 15 261 2533551  2 111145710 986950 2.3 19 8 1 2 21% 13798418 8108 48%
c W 73194.54  0 15 261 2534265  2 111156995 977387 2.4 19 8 1 2 21% 13713519 8108 48%
c } 73194.88  0 16 261 2534295  2 111157420 977716 2.4 19 8 1 2 21% 13713519 8108 48%
c 
c   seconds     reductions        conflicts           size   tier2         variables
c            MB        restarts           redundant      glue   trail           remaining
c             level           rate              size/glue  tier1   irredundant
c 
c [ 73194.88  0 31 261 2534295  1 111157420 977716 1.9 35 19 1 2 14% 13713519 8108 48%
c t 73197.85  0 29 261 2534295  1 111169068 986919 1.9 34 18 1 2 14% 13713516 8108 48%
c e 73198.18  0 29 261 2534295  1 111169068 920800 1.9 34 18 1 2 14% 13713583 8077 48%
c i 73291.96  0 20 261 2534404  1 111515262 1197921 1.9 24 13 1 2 13% 13713583 8072 48%
c B 73322.44  0 20 261 2534422  1 111628996 1293242 2.1 27 13 1 2 12% 13713583 8072 48%
c i 73331.74  0 19 261 2534423  1 111667207 1320726 2.0 26 13 1 2 11% 13713583 8071 48%
c i 73343.17  0 19 261 2534445  1 111713088 1353503 2.0 26 13 1 2 11% 13713583 8060 48%
c i 73345.24  0 18 261 2534450  1 111720030 1358608 2.0 26 13 1 2 11% 13713583 8003 47%
c i 73345.57  0 18 261 2534450  1 111720734 1359043 2.0 26 13 1 2 11% 13713583 7989 47%
c i 73345.83  0 18 261 2534450  1 111721177 1359326 2.0 26 13 1 2 11% 13713583 7983 47%
c ] 73345.85  0 18 261 2534450  1 111721217 1359347 2.0 26 13 1 2 11% 13713583 5589 33%
c 0 73345.85  0 18 261 2534450  1 111721217 1359347 2.0 26 13 1 2 11% 13713583 5589 33%
c 
c --- [ closing proof ] ------------------------------------------------------
c 
c LRAT proof file 'results/cnf/z15.lrat' closed
c LRAT 116390944 added clauses 47.21%
c LRAT 130164827 deleted clauses 52.79%
c LRAT 158233546333 bytes (150903.27 MB)
c 
c --- [ result ] -------------------------------------------------------------
c 
s UNSATISFIABLE
c 
c --- [ run-time profiling ] -------------------------------------------------
c 
c process time taken by individual solving procedures
c (percentage relative to process time for solving)
c 
c     69139.85   94.27% search
c     35525.88   48.44% unstable
c     30233.00   41.22% stable
c      4202.82    5.73% simplify
c      3380.22    4.61% walk
c      2702.34    3.68% vivify
c       713.24    0.97% sweep
c       276.57    0.38% probe
c       221.65    0.30% congruence
c        77.23    0.11% subsume
c        73.99    0.10% elim
c        41.45    0.06% ternary
c         3.17    0.00% parse
c         0.74    0.00% lucky
c         0.68    0.00% backbone
c   =================================
c     73342.67  100.00% solve
c 
c last line shows process time for solving
c (percentage relative to total process time)
c 
c --- [ statistics ] ---------------------------------------------------------
c 
c chronological:          34737517        31.09 %  of conflicts
c conflicts:             111721217      1523.28    per second
c backbone:                9740018     57783.69 %  of vars
c decisions:             225687789      3077.17    per second
c eliminated:                 6008        35.64 %  of all variables
c fixed:                      3297        19.56 %  of all variables
c learned:               108356657        96.99 %  per conflict
c learned_lits:         8712386962       100.00 %  learned literals
c minimized:                     0         0.00 %  learned literals
c shrunken:             2894306842        33.22 %  learned literals
c minishrunken:         1724172125        19.79 %  learned literals
c otfs:                     375329         0.34 %  of conflict
c propagations:        50717013800         0.69 M  per second
c reduced:                87810046        78.60 %  per conflict
c rephased:                    472    236697.49    interval
c restarts:                2534450        44.08    interval
c stabilizing:                 358        62.80 %  of conflicts
c substituted:                1962        11.64 %  of all variables
c sweep equivs:                295         0.29 %  of swept variables
c subsumed:               20008857        14.02 %  of all clauses
c strengthened:             979952         0.69 %  of all clauses
c ticks:             8112701572138       165.45    propagation
c vivified:                 592218         0.42 %  of all clauses
c walked:                      156    716161.65    interval
c weakened:                  34929         3.08    average size
c congruence:                   48   2327525.35    interval
c 
c seconds are measured in process time for solving
c 
c --- [ glue usage ] ---------------------------------------------------------
c 
c focused glue 1 used 501054063 clauses 80.67% accumulated 80.67% tier1
c focused glue 2 used 64049867 clauses 10.31% accumulated 90.98% tier2
c 
c stable glue 1 used 789635100 clauses 64.28% accumulated 64.28% tier1
c stable glue 2 used 107937474 clauses 8.787% accumulated 73.07% tier2
c 
c 
c --- [ resources ] ----------------------------------------------------------
c 
c total process time since initialization:     73345.85    seconds
c total real time since initialization:        73544.58    seconds
c maximum resident set size of process:         4793.61    MB
c 
c --- [ shutting down ] ------------------------------------------------------
c 
c exit 20
